0.0 1.40252
0.51654 1.40252
1.03308 1.60385
1.54962 1.80517
2.06616 2.0065
2.5827 2.20782
3.09924 2.40915
3.61578 2.61048
4.12969 2.61048
4.64361 2.67061
5.15752 2.73075
5.67144 2.79088
6.18535 2.85101
6.69926 2.91115
7.21318 2.97128
7.72709 3.03142
8.24101 3.09155
8.75492 3.15168
9.26884 3.21182
9.76883 3.21182
10.2688 3.23911
10.7688 3.26641
11.2688 3.29371
11.7688 3.321
12.2688 3.3483
12.7688 3.37559
13.2687 3.40289
13.7687 3.43018
14.2687 3.45748
14.7687 3.48477
15.2687 3.51207
15.7687 3.53936
16.2687 3.56666
16.7687 3.59395
17.2687 3.62125
17.7686 3.64855
18.2686 3.67584
18.7686 3.70314
19.2686 3.73043
19.7686 3.75773
20.2686 3.78502
20.7686 3.81232
21.2686 3.83961
21.7686 3.86691
22.2685 3.8942
22.7685 3.9215
23.2685 3.9488
23.7685 3.97609
24.2685 4.00339
24.7685 4.03068
25.2685 4.05798
25.7685 4.08527
26.2685 4.11257
26.7684 4.13986
27.2684 4.16716
27.7684 4.19445
28.2598 4.19445
28.7511 4.20672
29.2425 4.21898
29.7338 4.23124
30.2252 4.24351
30.7165 4.25577
31.2079 4.26804
31.6992 4.2803
32.1906 4.29256
32.6819 4.30483
33.1733 4.31709
33.6646 4.32935
34.156 4.34162
34.6473 4.35388
35.1387 4.36614
35.63 4.37841
36.1214 4.39067
36.6523 4.39067
37.1832 4.39067
37.7141 4.39067
38.245 4.39067
38.7759 4.39067
39.3068 4.39067
41.9801 4.41451
44.6534 4.41451
47.3267 4.41451
50.0 4.41451
0.0 1.39225
0.484969 1.39225
0.969938 1.59647
1.45491 1.8007
1.93988 2.00493
2.42484 2.20916
2.90981 2.41338
3.39478 2.61761
3.9193 2.61761
4.44383 2.69304
4.96835 2.76847
5.49287 2.84389
6.01739 2.91932
6.54191 2.99475
7.06644 3.07018
7.59096 3.14561
8.11548 3.22103
8.61688 3.22103
9.11829 3.25362
9.61969 3.2862
10.1211 3.31879
10.6225 3.35137
11.1239 3.38396
11.6253 3.41654
12.1267 3.44912
12.6281 3.48171
13.1295 3.51429
13.6309 3.54688
14.1323 3.57946
14.6337 3.61205
15.1351 3.64463
15.6365 3.67721
16.138 3.7098
16.6394 3.74238
17.1408 3.77497
17.6422 3.80755
18.1436 3.84014
18.645 3.87272
19.1464 3.9053
19.6478 3.93789
20.1492 3.97047
20.6506 4.00306
21.152 4.03564
21.6534 4.06823
22.1548 4.10081
22.6562 4.13339
23.1576 4.16598
23.6629 4.16598
24.1682 4.17647
24.6735 4.18696
25.1788 4.19745
25.6841 4.20794
26.1894 4.21843
26.6947 4.22892
27.2 4.23941
27.7053 4.2499
28.2106 4.26039
28.7159 4.27088
29.2212 4.28137
29.7265 4.29187
30.2318 4.30236
30.7371 4.31285
31.2424 4.32334
31.7477 4.33383
32.253 4.34432
32.7583 4.35481
33.2636 4.3653
33.7725 4.3653
34.2813 4.3653
34.7902 4.3653
35.299 4.3653
35.8079 4.3653
36.3167 4.3653
36.8256 4.3653
37.3344 4.3653
37.8433 4.3653
38.3521 4.3653
38.861 4.3653
39.3698 4.3653
42.0274 4.44815
44.6849 4.44815
47.3425 4.44815
50.0 4.44815
0.0 1.5432
0.526422 1.5432
1.05284 1.73185
1.57926 1.9205
2.10569 2.10915
2.63211 2.2978
3.15853 2.48645
3.68495 2.6751
4.20505 2.6751
4.72516 2.79079
5.24526 2.90648
5.76536 3.02217
6.28547 3.13787
6.78931 3.13787
7.29315 3.17177
7.797 3.20567
8.30084 3.23958
8.80468 3.27348
9.30852 3.30738
9.81237 3.34129
10.3162 3.37519
10.8201 3.4091
11.3239 3.443
11.8277 3.4769
12.3316 3.51081
12.8354 3.54471
13.3393 3.57862
13.8431 3.61252
14.347 3.64642
14.8508 3.68033
15.3546 3.71423
15.8585 3.74814
16.3623 3.78204
16.8662 3.81594
17.37 3.84985
17.8739 3.88375
18.3777 3.91765
18.8815 3.95156
19.3854 3.98546
19.8892 4.01937
20.3931 4.05327
20.8969 4.08717
21.3959 4.08717
21.895 4.09839
22.394 4.1096
22.8931 4.12081
23.3921 4.13203
23.8911 4.14324
24.3902 4.15446
24.8892 4.16567
25.3882 4.17688
25.8873 4.1881
26.3863 4.19931
26.8853 4.21052
27.3844 4.22174
27.8834 4.23295
28.3824 4.24416
28.8815 4.25538
29.3805 4.26659
29.8795 4.2778
30.3786 4.28902
30.8776 4.30023
31.3767 4.31144
31.8757 4.32266
32.3747 4.33387
32.8738 4.34509
33.3728 4.3563
33.8738 4.3563
34.3748 4.3563
34.8758 4.3563
35.3768 4.3563
35.8778 4.3563
36.3788 4.3563
36.8797 4.3563
37.3807 4.3563
37.8817 4.3563
38.3827 4.3563
38.8837 4.3563
39.3847 4.3563
42.0385 4.48878
44.6924 4.48878
47.3462 4.48878
50.0 4.48878
0.0 1.52432
0.485282 1.52432
0.970564 1.69099
1.45585 1.85765
1.94113 2.02432
2.42641 2.19098
2.91169 2.35765
3.39697 2.52432
3.88226 2.69098
4.31685 2.69098
4.75144 2.88589
5.18604 3.08079
5.68553 3.08079
6.18502 3.11143
6.68451 3.14207
7.18401 3.17271
7.6835 3.20335
8.18299 3.23399
8.68248 3.26463
9.18197 3.29527
9.68147 3.3259
10.181 3.35654
10.6805 3.38718
11.1799 3.41782
11.6794 3.44846
12.1789 3.4791
12.6784 3.50974
13.1779 3.54038
13.6774 3.57102
14.1769 3.60166
14.6764 3.6323
15.1759 3.66294
15.6754 3.69358
16.1749 3.72422
16.6744 3.75486
17.1738 3.7855
17.6733 3.81614
18.1728 3.84678
18.6723 3.87742
19.1718 3.90806
19.6713 3.93869
20.1708 3.96933
20.6703 3.99997
21.1736 3.99997
21.677 4.01308
22.1803 4.02619
22.6836 4.03929
23.187 4.0524
23.6903 4.06551
24.1937 4.07861
24.697 4.09172
25.2003 4.10482
25.7037 4.11793
26.207 4.13104
26.7104 4.14414
27.2137 4.15725
27.717 4.17036
28.2204 4.18346
28.7237 4.19657
29.227 4.20968
29.7304 4.22278
30.2337 4.23589
30.7371 4.249
31.2404 4.2621
31.7437 4.27521
32.2471 4.28831
32.7504 4.30142
33.2538 4.31453
33.7571 4.32763
34.2604 4.34074
34.7638 4.35385
35.2671 4.36695
35.7704 4.38006
36.2658 4.38006
36.7611 4.38006
37.2565 4.38006
37.7518 4.38006
38.2472 4.38006
38.7425 4.38006
39.2379 4.38006
41.9284 4.55343
44.6189 4.55343
47.3095 4.55343
50.0 4.55343
0.0 1.41267
0.474954 1.41267
0.949907 1.59676
1.42486 1.78085
1.89981 1.96494
2.37477 2.14903
2.84972 2.33312
3.32468 2.51721
3.79963 2.7013
4.28287 2.7013
4.7661 2.75219
5.24934 2.80308
5.73257 2.85397
6.21581 2.90486
6.69905 2.95575
7.18228 3.00664
7.67426 3.00664
8.16623 3.04202
8.6582 3.0774
9.15017 3.11277
9.64215 3.14815
10.1341 3.18353
10.6261 3.2189
11.1181 3.25428
11.61 3.28966
12.102 3.32503
12.594 3.36041
13.086 3.39579
13.5779 3.43116
14.0699 3.46654
14.5619 3.50192
15.0538 3.53729
15.5458 3.57267
16.0378 3.60805
16.5298 3.64343
17.0217 3.6788
17.5137 3.71418
18.0057 3.74956
18.4977 3.78493
18.9896 3.82031
19.4816 3.85569
19.9736 3.89106
20.4655 3.92644
20.9575 3.96182
21.4495 3.99719
21.9462 3.99719
22.4429 4.01569
22.9396 4.03419
23.4363 4.05269
23.933 4.07119
24.4297 4.08969
24.9264 4.10819
25.4232 4.12669
25.9199 4.14519
26.4166 4.16369
26.9133 4.18219
27.41 4.20069
27.9067 4.21919
28.4034 4.23769
28.9001 4.25619
29.3968 4.27469
29.8935 4.29319
30.3902 4.31169
30.887 4.33019
31.3837 4.34869
31.8804 4.36719
32.3771 4.38569
32.8738 4.40418
33.3705 4.42268
33.8734 4.42268
34.3762 4.42268
34.8791 4.42268
35.382 4.42268
35.8848 4.42268
36.3877 4.42268
36.8906 4.42268
37.3934 4.42268
37.8963 4.42268
38.3992 4.42268
38.9021 4.42268
39.4049 4.42268
42.0537 4.70994
44.7025 4.70994
47.3512 4.70994
50.0 4.70994
0.0 1.42506
0.476625 1.42506
0.95325 1.60801
1.42987 1.79096
1.9065 1.97391
2.38312 2.15687
2.85975 2.33982
3.33637 2.52277
3.813 2.70572
4.29162 2.70572
4.77024 2.78502
5.24886 2.86431
5.72748 2.94361
6.20609 3.0229
6.71082 3.0229
7.21555 3.05899
7.72028 3.09507
8.22501 3.13115
8.72974 3.16723
9.23447 3.20331
9.7392 3.23939
10.2439 3.27547
10.7487 3.31155
11.2534 3.34764
11.7581 3.38372
12.2629 3.4198
12.7676 3.45588
13.2723 3.49196
13.777 3.52804
14.2818 3.56412
14.7865 3.6002
15.2912 3.63628
15.796 3.67237
16.3007 3.70845
16.8054 3.74453
17.3102 3.78061
17.8149 3.81669
18.3196 3.85277
18.8243 3.88885
19.3291 3.92493
19.8262 3.92493
20.3233 3.94225
20.8204 3.95957
21.3176 3.97688
21.8147 3.9942
22.3118 4.01152
22.8089 4.02883
23.3061 4.04615
23.8032 4.06347
24.3003 4.08078
24.7974 4.0981
25.2945 4.11541
25.7917 4.13273
26.2888 4.15005
26.7859 4.16736
27.283 4.18468
27.7802 4.202
28.2773 4.21931
28.7744 4.23663
29.2715 4.25395
29.7687 4.27126
30.2658 4.28858
30.7629 4.30589
31.26 4.32321
31.7572 4.34053
32.268 4.34053
32.7788 4.34053
33.2897 4.34053
33.8005 4.34053
34.3113 4.34053
34.8222 4.34053
35.333 4.34053
35.8439 4.34053
36.3547 4.34053
36.8655 4.34053
37.3764 4.34053
37.8872 4.34053
38.398 4.34053
38.9089 4.34053
39.4197 4.34053
42.0648 4.76192
44.7099 4.76192
47.3549 4.76192
50.0 4.76192
0.0 1.50187
0.515723 1.50187
1.03145 1.64398
1.54717 1.78609
2.06289 1.92821
2.57862 2.07032
3.09434 2.21244
3.61006 2.35455
4.12579 2.49666
4.64151 2.63878
5.15723 2.78089
5.67295 2.923
6.18868 3.06512
6.7044 3.20723
7.22012 3.34935
7.73118 3.34935
8.24223 3.32314
8.75328 3.29694
9.26433 3.27073
9.77538 3.24453
10.2864 3.21832
10.7975 3.19212
11.3085 3.16591
11.8196 3.13971
12.3306 3.1135
12.8417 3.0873
13.3527 3.0611
13.8638 3.03489
14.382 3.03489
14.9002 3.30646
15.4183 3.57803
15.9365 3.8496
16.4329 3.8496
16.9293 3.88145
17.4257 3.9133
17.9221 3.94515
18.4185 3.97701
18.9149 4.00886
19.4113 4.04071
19.9077 4.07256
20.4041 4.10441
20.9005 4.13626
21.3969 4.16812
21.8933 4.19997
22.3897 4.23182
22.8861 4.26367
23.3825 4.29552
23.8789 4.32738
24.3753 4.35923
24.8717 4.39108
25.3722 4.39108
25.8728 4.39108
26.3733 4.39108
26.8739 4.39108
27.3745 4.39108
27.875 4.39108
28.3756 4.39108
28.8761 4.39108
29.3767 4.39108
29.8772 4.39108
30.3778 4.39108
30.8784 4.39108
31.3789 4.39108
31.8795 4.39108
32.38 4.39108
32.8806 4.39108
33.3811 4.39108
33.8817 4.39108
34.3823 4.39108
34.8828 4.39108
35.3834 4.39108
35.8839 4.39108
36.3845 4.39108
36.885 4.39108
37.3856 4.39108
37.8862 4.39108
38.3867 4.39108
38.8873 4.39108
39.3878 4.39108
39.8884 4.39108
40.3889 4.39108
40.8895 4.39108
41.39 4.39108
41.8906 4.39108
42.3912 4.39108
42.8917 4.39108
43.3923 4.39108
43.8928 4.39108
46.9464 4.52972
50.0 4.52972
0.0 1.57026
0.503032 1.57026
1.00606 1.70961
1.5091 1.84897
2.01213 1.98833
2.51516 2.12768
3.01819 2.26704
3.52123 2.4064
4.02426 2.54575
4.52729 2.68511
5.03032 2.82447
5.53336 2.96382
6.03639 3.10318
6.53942 3.24254
7.04245 3.3819
7.52862 3.3819
8.01479 3.35851
8.50096 3.33513
8.98713 3.31174
9.47329 3.28836
9.95946 3.26497
10.4456 3.24159
10.9318 3.2182
11.418 3.19482
11.9041 3.17143
12.3903 3.14805
12.8765 3.12466
13.3626 3.10128
13.8783 3.10128
14.394 3.4711
14.9097 3.84092
15.4135 3.84092
15.9173 3.9049
16.4211 3.96887
16.9249 4.03285
17.4287 4.09683
17.9325 4.1608
18.4362 4.22478
18.94 4.28875
19.4438 4.35273
19.9419 4.35273
20.44 4.35273
20.938 4.35273
21.4361 4.35273
21.9342 4.35273
22.4322 4.35273
22.9303 4.35273
23.4284 4.35273
23.9264 4.35273
24.4245 4.35273
24.9226 4.35273
25.4206 4.35273
25.9187 4.35273
26.4168 4.35273
26.9148 4.35273
27.4129 4.35273
27.911 4.35273
28.409 4.35273
28.9071 4.35273
29.4052 4.35273
29.9032 4.35273
30.4013 4.35273
30.8994 4.35273
31.3975 4.35273
31.8955 4.35273
32.3936 4.35273
32.8917 4.35273
33.3897 4.35273
33.8878 4.35273
34.3859 4.35273
34.8839 4.35273
35.382 4.35273
35.8801 4.35273
36.3781 4.35273
36.8762 4.35273
37.3743 4.35273
37.8723 4.35273
38.3704 4.35273
38.8685 4.35273
39.3665 4.35273
39.8646 4.35273
40.3627 4.35273
40.8607 4.35273
41.3588 4.35273
41.8569 4.35273
42.3549 4.35273
42.853 4.35273
43.3511 4.35273
43.8491 4.35273
46.9246 4.49506
50.0 4.49506
0.0 1.21519
0.499454 1.21519
0.998909 1.44181
1.49836 1.66843
1.99782 1.89504
2.49727 2.12166
2.99673 2.34828
3.49618 2.57489
4.00482 2.57489
4.51347 2.67789
5.02211 2.7809
5.53075 2.8839
6.02247 2.8839
6.51419 2.91747
7.00591 2.95104
7.49763 2.98461
7.98935 3.01818
8.48106 3.05174
8.97278 3.08531
9.4645 3.11888
9.95622 3.15245
10.4479 3.18602
10.9397 3.21959
11.4314 3.25316
11.9231 3.28672
12.4148 3.32029
12.9065 3.35386
13.3983 3.38743
13.89 3.421
14.3817 3.45457
14.8734 3.48814
15.3651 3.5217
15.8569 3.55527
16.3486 3.58884
16.8403 3.62241
17.332 3.65598
17.8237 3.68955
18.3154 3.72312
18.8072 3.75668
19.2989 3.79025
19.799 3.79025
20.2992 3.814
20.7993 3.83775
21.2995 3.86149
21.7996 3.88524
22.2998 3.90899
22.7999 3.93273
23.3001 3.95648
23.8002 3.98023
24.3004 4.00397
24.8005 4.02772
25.3007 4.05147
25.8008 4.07521
26.301 4.09896
26.8011 4.12271
27.3013 4.14645
27.8014 4.1702
28.3016 4.19395
28.8017 4.21769
29.3019 4.24144
29.802 4.26519
30.3022 4.28894
30.8023 4.31268
31.3025 4.33643
31.8026 4.36018
32.2915 4.36018
32.7805 4.36018
33.2694 4.36018
33.7583 4.36018
34.2472 4.36018
34.7362 4.36018
35.2251 4.36018
35.714 4.36018
36.203 4.36018
36.6919 4.36018
37.1808 4.36018
37.6697 4.36018
38.1587 4.36018
38.6476 4.36018
39.1365 4.36018
39.6255 4.36018
42.2191 4.57502
44.8127 4.57502
47.4064 4.57502
50.0 4.57502
0.0 1.29479
0.519806 1.29479
1.03961 1.60338
1.55942 1.91198
2.07922 2.22057
2.59903 2.52917
3.11883 2.83776
3.63864 3.14636
4.12926 3.14636
4.61989 3.16234
5.11051 3.17831
5.60114 3.19429
6.09176 3.21026
6.58238 3.22624
7.07301 3.24221
7.56363 3.25819
8.05426 3.27416
8.54488 3.29014
9.03551 3.30611
9.52613 3.32209
10.0168 3.33806
10.5074 3.35404
10.998 3.37001
11.4886 3.38599
11.9793 3.40196
12.4699 3.41794
12.9605 3.43391
13.4511 3.44989
13.9417 3.46586
14.4339 3.46586
14.9261 3.5109
15.4183 3.55594
15.9105 3.60097
16.4027 3.64601
16.8949 3.69105
17.3871 3.73608
17.8793 3.78112
18.3739 3.78112
18.8685 3.81181
19.3632 3.84251
19.8578 3.87321
20.3524 3.9039
20.847 3.9346
21.3417 3.96529
21.8363 3.99599
22.3309 4.02668
22.8255 4.05738
23.3202 4.08807
23.8148 4.11877
24.3094 4.14946
24.804 4.18016
25.2987 4.21085
25.7933 4.24155
26.2879 4.27225
26.7825 4.30294
27.2771 4.33364
27.7718 4.36433
28.2664 4.39503
28.761 4.42572
29.2556 4.45642
29.7503 4.48711
30.2449 4.51781
30.7395 4.5485
31.2341 4.5792
31.7288 4.60989
32.2234 4.64059
32.718 4.67128
33.2228 4.67128
33.7276 4.67128
34.2324 4.67128
34.7372 4.67128
35.242 4.67128
35.7468 4.67128
36.2515 4.67128
36.7563 4.67128
37.2611 4.67128
37.7659 4.67128
38.2707 4.67128
38.7755 4.67128
39.2803 4.67128
39.7851 4.67128
40.2899 4.67128
40.7947 4.67128
41.2995 4.67128
41.8043 4.67128
42.3091 4.67128
42.8138 4.67128
45.2092 4.79542
47.6046 4.79542
50.0 4.79542
0.0 1.24511
0.485801 1.24511
0.971603 1.48517
1.4574 1.72522
1.94321 1.96528
2.42901 2.20534
2.91481 2.44539
3.40061 2.68545
3.88641 2.9255
4.37221 3.16556
4.89764 3.16556
5.42306 3.20185
5.94848 3.23815
6.47391 3.27445
6.99933 3.31074
7.52476 3.34704
8.05018 3.38334
8.5756 3.41963
9.10103 3.45593
9.60535 3.45593
10.1097 3.47614
10.614 3.49634
11.1183 3.51655
11.6226 3.53675
12.127 3.55696
12.6313 3.57716
13.1356 3.59737
13.6399 3.61757
14.1443 3.63778
14.6486 3.65798
15.1529 3.67819
15.6572 3.69839
16.1615 3.7186
16.6659 3.7388
17.1702 3.75901
17.6745 3.77921
18.1788 3.79942
18.677 3.79942
19.1751 3.82955
19.6733 3.85969
20.1714 3.88982
20.6695 3.91996
21.1677 3.9501
21.6658 3.98023
22.164 4.01037
22.6621 4.0405
23.1602 4.07064
23.6584 4.10077
24.1565 4.13091
24.6546 4.16104
25.1528 4.19118
25.6509 4.22131
26.1491 4.25145
26.6472 4.28158
27.1453 4.31172
27.6435 4.34185
28.1416 4.37199
28.6398 4.40212
29.1379 4.43226
29.636 4.46239
30.1342 4.49253
30.6323 4.52266
31.1305 4.5528
31.6286 4.58293
32.1267 4.61307
32.6249 4.6432
33.1349 4.6432
33.6449 4.6432
34.155 4.6432
34.665 4.6432
35.175 4.6432
35.6851 4.6432
36.1951 4.6432
36.7052 4.6432
37.2152 4.6432
37.7252 4.6432
38.2353 4.6432
38.7453 4.6432
39.2553 4.6432
39.7654 4.6432
40.2754 4.6432
40.7854 4.6432
41.2955 4.6432
41.8055 4.6432
42.3155 4.6432
42.8256 4.6432
45.217 4.76345
47.6085 4.76345
50.0 4.76345
0.0 1.18909
0.508379 1.18909
1.01676 1.4702
1.52514 1.75132
2.03351 2.03243
2.54189 2.31355
3.05027 2.59466
3.55865 2.87577
4.06703 3.15689
4.55658 3.15689
5.04613 3.17759
5.53568 3.1983
6.02523 3.219
6.51479 3.2397
7.00434 3.26041
7.49389 3.28111
7.98344 3.30182
8.47299 3.32252
8.96254 3.34323
9.45209 3.36393
9.94165 3.38463
10.4312 3.40534
10.9207 3.42604
11.4103 3.44675
11.8999 3.46745
12.3894 3.48816
12.8812 3.48816
13.3729 3.51118
13.8646 3.5342
14.3564 3.55722
14.8481 3.58024
15.3399 3.60326
15.8316 3.62628
16.3234 3.6493
16.8151 3.67232
17.3069 3.69534
17.7986 3.71836
18.2904 3.74138
18.7821 3.7644
19.2739 3.78742
19.7656 3.81044
20.2562 3.81044
20.7467 3.84134
21.2373 3.87225
21.7278 3.90315
22.2184 3.93405
22.7089 3.96496
23.1995 3.99586
23.69 4.02676
24.1806 4.05767
24.6711 4.08857
25.1617 4.11947
25.6522 4.15037
26.1428 4.18128
26.6333 4.21218
27.1239 4.24308
27.6144 4.27399
28.105 4.30489
28.5955 4.33579
29.086 4.3667
29.5766 4.3976
30.0671 4.4285
30.5577 4.45941
31.0482 4.49031
31.5388 4.52121
32.0293 4.55212
32.519 4.55212
33.0087 4.55212
33.4985 4.55212
33.9882 4.55212
34.4779 4.55212
34.9676 4.55212
35.4573 4.55212
35.947 4.55212
36.4367 4.55212
36.9264 4.55212
37.4161 4.55212
37.9058 4.55212
38.3955 4.55212
38.8852 4.55212
39.3749 4.55212
39.8646 4.55212
40.3543 4.55212
40.844 4.55212
41.3337 4.55212
41.8234 4.55212
42.3131 4.55212
42.8029 4.55212
45.2019 4.75369
47.601 4.75369
50.0 4.75369
0.0 1.13619
0.481849 1.13619
0.963698 1.4608
1.44555 1.78541
1.9274 2.11001
2.40924 2.43462
2.89109 2.75923
3.37294 3.08384
3.8824 3.08384
4.39187 3.10686
4.90133 3.12988
5.41079 3.1529
5.92025 3.17593
6.42971 3.19895
6.93918 3.22197
7.44864 3.24499
7.9581 3.26802
8.46756 3.29104
8.97702 3.31406
9.48649 3.33708
9.99595 3.36011
10.5054 3.38313
11.0149 3.40615
11.5243 3.42917
12.0338 3.4522
12.5285 3.4522
13.0232 3.50606
13.518 3.55993
14.0127 3.61379
14.5074 3.66766
15.0021 3.72153
15.4968 3.77539
15.9915 3.82926
16.4876 3.82926
16.9837 3.86101
17.4797 3.89276
17.9758 3.92451
18.4719 3.95627
18.9679 3.98802
19.464 4.01977
19.9601 4.05152
20.4561 4.08327
20.9522 4.11503
21.4483 4.14678
21.9443 4.17853
22.4404 4.21028
22.9365 4.24203
23.4325 4.27379
23.9286 4.30554
24.4247 4.33729
24.9207 4.36904
25.4168 4.40079
25.9129 4.43254
26.4089 4.4643
26.905 4.49605
27.4011 4.5278
27.8977 4.5278
28.3943 4.5278
28.8909 4.5278
29.3876 4.5278
29.8842 4.5278
30.3808 4.5278
30.8774 4.5278
31.3741 4.5278
31.8707 4.5278
32.3673 4.5278
32.864 4.5278
33.3606 4.5278
33.8572 4.5278
34.3538 4.5278
34.8505 4.5278
35.3471 4.5278
35.8437 4.5278
36.3403 4.5278
36.837 4.5278
37.3336 4.5278
37.8302 4.5278
38.3268 4.5278
38.8235 4.5278
39.3201 4.5278
39.8167 4.5278
40.3133 4.5278
40.81 4.5278
41.3066 4.5278
41.8032 4.5278
42.2998 4.5278
42.7965 4.5278
45.1976 4.67288
47.5988 4.67288
50.0 4.67288
0.0 1.13838
0.531031 1.13838
1.06206 1.46841
1.59309 1.79844
2.12413 2.12847
2.65516 2.4585
3.18619 2.78853
3.71722 3.11856
4.20788 3.11856
4.69853 3.13259
5.18919 3.14661
5.67984 3.16064
6.1705 3.17467
6.66115 3.18869
7.15181 3.20272
7.64246 3.21674
8.13312 3.23077
8.62377 3.2448
9.11443 3.25882
9.60509 3.27285
10.0957 3.28687
10.5864 3.3009
11.0771 3.31493
11.5677 3.32895
12.0584 3.34298
12.549 3.357
13.0397 3.37103
13.5303 3.38506
14.021 3.39908
14.5186 3.39908
15.0163 3.43791
15.5139 3.47674
16.0116 3.51556
16.5092 3.55439
17.0069 3.59322
17.5045 3.63205
18.0021 3.67087
18.4998 3.7097
18.9974 3.74853
19.4951 3.78735
19.9927 3.82618
20.4904 3.86501
20.988 3.90384
21.4847 3.90384
21.9815 3.94053
22.4782 3.97723
22.9749 4.01393
23.4717 4.05063
23.9684 4.08732
24.4651 4.12402
24.9619 4.16072
25.4586 4.19741
25.9553 4.23411
26.4521 4.27081
26.9488 4.30751
27.4455 4.3442
27.9423 4.3809
28.439 4.4176
28.9357 4.4543
29.4272 4.4543
29.9187 4.4543
30.4102 4.4543
30.9017 4.4543
31.3932 4.4543
31.8847 4.4543
32.3762 4.4543
32.8677 4.4543
33.3592 4.4543
33.8507 4.4543
34.3422 4.4543
34.8337 4.4543
35.3252 4.4543
35.8167 4.4543
36.3082 4.4543
36.7997 4.4543
37.2912 4.4543
37.7827 4.4543
38.2742 4.4543
38.7657 4.4543
39.2572 4.4543
39.7487 4.4543
40.2402 4.4543
40.7317 4.4543
41.2232 4.4543
41.7147 4.4543
42.2062 4.4543
42.6977 4.4543
45.1318 4.69488
47.5659 4.69488
50.0 4.69488
0.0 1.15274
0.478885 1.15274
0.95777 1.47666
1.43665 1.80058
1.91554 2.1245
2.39442 2.44841
2.87331 2.77233
3.35219 3.09625
3.85479 3.09625
4.35738 3.11552
4.85998 3.1348
5.36257 3.15407
5.86516 3.17335
6.36776 3.19262
6.87035 3.2119
7.37294 3.23117
7.87554 3.25045
8.37813 3.26972
8.88072 3.289
9.38332 3.30827
9.88591 3.32754
10.3885 3.34682
10.8911 3.36609
11.384 3.36609
11.8768 3.39466
12.3697 3.42323
12.8626 3.4518
13.3554 3.48037
13.8483 3.50894
14.3412 3.53751
14.8341 3.56608
15.3269 3.59465
15.8198 3.62322
16.3127 3.65179
16.8055 3.68036
17.2984 3.70893
17.7913 3.7375
18.2841 3.76607
18.777 3.79464
19.2699 3.82321
19.7627 3.85178
20.2556 3.88035
20.7485 3.90892
21.2375 3.90892
21.7265 3.96741
22.2155 4.02591
22.7045 4.08441
23.1936 4.1429
23.6826 4.2014
24.1716 4.2599
24.6606 4.3184
25.1496 4.37689
25.6386 4.43539
26.1373 4.43539
26.636 4.43539
27.1347 4.43539
27.6334 4.43539
28.132 4.43539
28.6307 4.43539
29.1294 4.43539
29.6281 4.43539
30.1268 4.43539
30.6254 4.43539
31.1241 4.43539
31.6228 4.43539
32.1215 4.43539
32.6202 4.43539
33.1188 4.43539
33.6175 4.43539
34.1162 4.43539
34.6149 4.43539
35.1136 4.43539
35.6122 4.43539
36.1109 4.43539
36.6096 4.43539
37.1083 4.43539
37.607 4.43539
38.1056 4.43539
38.6043 4.43539
39.103 4.43539
39.6017 4.43539
40.1004 4.43539
40.599 4.43539
41.0977 4.43539
41.5964 4.43539
42.0951 4.43539
42.5938 4.43539
45.0625 4.67149
47.5313 4.67149
50.0 4.67149
0.0 1.23144
0.497172 1.23144
0.994345 1.59459
1.49152 1.95774
1.98869 2.32089
2.48586 2.68403
2.98303 3.04718
3.4957 3.04718
4.00836 3.07073
4.52102 3.09428
5.03368 3.11783
5.54634 3.14138
6.059 3.16494
6.57166 3.18849
7.08433 3.21204
7.59699 3.23559
8.10965 3.25914
8.62231 3.28269
9.13497 3.30624
9.64763 3.32979
10.1603 3.35334
10.6583 3.35334
11.1564 3.38426
11.6545 3.41517
12.1525 3.44609
12.6506 3.47701
13.1486 3.50792
13.6467 3.53884
14.1447 3.56976
14.6428 3.60067
15.1408 3.63159
15.6389 3.6625
16.1369 3.69342
16.635 3.72434
17.1331 3.75525
17.6311 3.78617
18.1292 3.81709
18.6272 3.848
19.1253 3.87892
19.6233 3.90984
20.1214 3.94075
20.6325 3.94075
21.1436 4.00291
21.6548 4.06507
22.1659 4.12723
22.677 4.18939
23.1882 4.25155
23.6993 4.31371
24.2104 4.37586
24.7216 4.43802
25.2207 4.43802
25.7198 4.43802
26.2189 4.43802
26.718 4.43802
27.2171 4.43802
27.7162 4.43802
28.2154 4.43802
28.7145 4.43802
29.2136 4.43802
29.7127 4.43802
30.2118 4.43802
30.7109 4.43802
31.21 4.43802
31.7091 4.43802
32.2083 4.43802
32.7074 4.43802
33.2065 4.43802
33.7056 4.43802
34.2047 4.43802
34.7038 4.43802
35.2029 4.43802
35.702 4.43802
36.2012 4.43802
36.7003 4.43802
37.1994 4.43802
37.6985 4.43802
38.1976 4.43802
38.6967 4.43802
39.1958 4.43802
39.6949 4.43802
40.1941 4.43802
40.6932 4.43802
41.1923 4.43802
41.6914 4.43802
42.1905 4.43802
42.6896 4.43802
45.1264 4.70314
47.5632 4.70314
50.0 4.70314
0.0 1.17027
0.490869 1.17027
0.981738 1.47748
1.47261 1.78469
1.96348 2.0919
2.45435 2.39911
2.94522 2.70632
3.43608 3.01353
3.91608 3.01353
4.39608 3.04497
4.87608 3.07642
5.35608 3.10786
5.83608 3.13931
6.31607 3.17075
6.79607 3.2022
7.27607 3.23364
7.75607 3.26508
8.23607 3.29653
8.71606 3.32797
9.19606 3.35942
9.69138 3.35942
10.1867 3.37753
10.682 3.39565
11.1773 3.41376
11.6726 3.43188
12.168 3.44999
12.6633 3.4681
13.1586 3.48622
13.6539 3.50433
14.1492 3.52245
14.6446 3.54056
15.1399 3.55868
15.6352 3.57679
16.1305 3.59491
16.6258 3.61302
17.1211 3.63113
17.6165 3.64925
18.1118 3.66736
18.6071 3.68548
19.1024 3.70359
19.5977 3.72171
20.093 3.73982
20.5884 3.75793
21.0837 3.77605
21.579 3.79416
22.0743 3.81228
22.5696 3.83039
23.0743 3.83039
23.579 3.90661
24.0836 3.98283
24.5883 4.05905
25.093 4.13527
25.5977 4.21149
26.1023 4.28771
26.607 4.36392
27.1117 4.44014
27.6153 4.44014
28.119 4.44014
28.6226 4.44014
29.1263 4.44014
29.63 4.44014
30.1336 4.44014
30.6373 4.44014
31.141 4.44014
31.6446 4.44014
32.1483 4.44014
32.6519 4.44014
33.1556 4.44014
33.6593 4.44014
34.1629 4.44014
34.6666 4.44014
35.1703 4.44014
35.6739 4.44014
36.1776 4.44014
36.6812 4.44014
37.1849 4.44014
37.6886 4.44014
38.1922 4.44014
38.6959 4.44014
39.1995 4.44014
39.7032 4.44014
40.2069 4.44014
40.7105 4.44014
41.2142 4.44014
41.7179 4.44014
42.2215 4.44014
42.7252 4.44014
45.1501 4.66091
47.5751 4.66091
50.0 4.66091
0.0 1.21985
0.540403 1.21985
1.08081 1.57987
1.62121 1.93989
2.16161 2.2999
2.70201 2.65992
3.24242 3.01993
3.73259 3.01993
4.22277 3.05313
4.71294 3.08632
5.20312 3.11952
5.6933 3.15271
6.18347 3.18591
6.67365 3.21911
7.16382 3.2523
7.654 3.2855
8.14418 3.31869
8.63435 3.35189
9.12453 3.38508
9.61668 3.38508
10.1088 3.40562
10.601 3.42615
11.0932 3.44669
11.5853 3.46722
12.0775 3.48776
12.5696 3.50829
13.0618 3.52883
13.5539 3.54936
14.0461 3.56989
14.5382 3.59043
15.0304 3.61096
15.5226 3.6315
16.0147 3.65203
16.5069 3.67257
16.999 3.6931
17.4912 3.71364
17.9833 3.73417
18.4755 3.75471
18.9676 3.77524
19.4598 3.79578
19.952 3.81631
20.4441 3.83684
20.9513 3.83684
21.4586 3.88699
21.9658 3.93714
22.473 3.98729
22.9803 4.03744
23.4875 4.08759
23.9947 4.13774
24.5019 4.18789
25.0092 4.23804
25.5164 4.28819
26.0236 4.33833
26.5308 4.38848
27.0381 4.43863
27.5453 4.48878
28.0531 4.48878
28.5608 4.48878
29.0686 4.48878
29.5764 4.48878
30.0842 4.48878
30.5919 4.48878
31.0997 4.48878
31.6075 4.48878
32.1153 4.48878
32.623 4.48878
33.1308 4.48878
33.6386 4.48878
34.1464 4.48878
34.6541 4.48878
35.1619 4.48878
35.6697 4.48878
36.1774 4.48878
36.6852 4.48878
37.193 4.48878
37.7008 4.48878
38.2085 4.48878
38.7163 4.48878
39.2241 4.48878
39.7319 4.48878
40.2396 4.48878
40.7474 4.48878
41.2552 4.48878
41.763 4.48878
42.2707 4.48878
42.7785 4.48878
45.1857 4.64225
47.5928 4.64225
50.0 4.64225
0.0 1.22654
0.489374 1.22654
0.978749 1.48711
1.46812 1.74768
1.9575 2.00825
2.44687 2.26882
2.93625 2.52939
3.42562 2.78997
3.91499 3.05054
4.41089 3.05054
4.90678 3.06963
5.40267 3.08873
5.89857 3.10782
6.39446 3.12692
6.89035 3.14601
7.38624 3.16511
7.88214 3.1842
8.37803 3.2033
8.87392 3.22239
9.36981 3.24149
9.86571 3.26058
10.3616 3.27968
10.8575 3.29877
11.3534 3.31787
11.8493 3.33696
12.3452 3.35605
12.8411 3.37515
13.337 3.39424
13.8545 3.39424
14.372 3.43109
14.8896 3.46794
15.4071 3.50479
15.9246 3.54163
16.4422 3.57848
16.9597 3.61533
17.4773 3.65217
17.9948 3.68902
18.5123 3.72587
19.0299 3.76271
19.5474 3.79956
20.0649 3.83641
20.5825 3.87325
21.0894 3.87325
21.5964 3.91175
22.1034 3.95024
22.6103 3.98873
23.1173 4.02722
23.6242 4.06571
24.1312 4.1042
24.6382 4.14269
25.1451 4.18118
25.6521 4.21967
26.159 4.25816
26.666 4.29665
27.1729 4.33514
27.6799 4.37363
28.1869 4.41212
28.6938 4.45062
29.1974 4.45062
29.701 4.45062
30.2046 4.45062
30.7082 4.45062
31.2118 4.45062
31.7154 4.45062
32.2189 4.45062
32.7225 4.45062
33.2261 4.45062
33.7297 4.45062
34.2333 4.45062
34.7369 4.45062
35.2405 4.45062
35.7441 4.45062
36.2477 4.45062
36.7512 4.45062
37.2548 4.45062
37.7584 4.45062
38.262 4.45062
38.7656 4.45062
39.2692 4.45062
39.7728 4.45062
40.2764 4.45062
40.78 4.45062
41.2835 4.45062
41.7871 4.45062
42.2907 4.45062
42.7943 4.45062
45.1962 4.64494
47.5981 4.64494
50.0 4.64494
0.0 1.10631
0.454485 1.10631
0.90897 1.47248
1.36345 1.83865
1.81794 2.20482
2.27242 2.57099
2.76251 2.57099
3.25261 2.62783
3.7427 2.68467
4.23279 2.74151
4.72288 2.79835
5.21297 2.85519
5.70306 2.91203
6.19315 2.96886
6.68324 3.0257
7.17333 3.08254
7.66342 3.13938
8.15351 3.19622
8.65018 3.19622
9.14686 3.24589
9.64353 3.29556
10.1402 3.34523
10.6369 3.39489
11.1336 3.44456
11.6302 3.49423
12.1269 3.5439
12.6236 3.59357
13.1203 3.64324
13.6169 3.69291
14.1136 3.74257
14.6103 3.79224
15.107 3.84191
15.6036 3.89158
16.1003 3.94125
16.597 3.99092
17.0937 4.04059
17.5903 4.09026
18.087 4.13992
18.5837 4.18959
19.0804 4.23926
19.577 4.28893
20.0925 4.28893
20.6079 4.28905
21.1233 4.28916
21.6388 4.28928
22.1542 4.28939
22.6696 4.28951
23.185 4.28962
23.7005 4.28974
24.2159 4.28985
24.7313 4.28997
25.2468 4.29008
25.7622 4.2902
26.2776 4.29031
26.7931 4.29043
27.2857 4.29043
27.7784 4.29043
28.271 4.29043
28.7637 4.29043
29.2564 4.29043
29.749 4.29043
30.2417 4.29043
30.7343 4.29043
31.227 4.29043
31.7196 4.29043
32.2123 4.29043
32.705 4.29043
33.1976 4.29043
33.6903 4.29043
34.1829 4.29043
34.6756 4.29043
35.1682 4.29043
35.6609 4.29043
36.1536 4.29043
36.6462 4.29043
37.1389 4.29043
37.6315 4.29043
38.1242 4.29043
38.6168 4.29043
39.1095 4.29043
39.6022 4.29043
42.2016 4.68206
44.8011 4.68206
47.4005 4.68206
50.0 4.68206
0.0 1.25663
0.481152 1.25663
0.962303 1.51245
1.44346 1.76826
1.92461 2.02408
2.40576 2.27989
2.88691 2.53571
3.36806 2.79152
3.84921 3.04734
4.34715 3.04734
4.84508 3.07221
5.34302 3.09708
5.84095 3.12195
6.33888 3.14682
6.83682 3.1717
7.33475 3.19657
7.83269 3.22144
8.33062 3.24631
8.82855 3.27118
9.32649 3.29606
9.82442 3.32093
10.3224 3.3458
10.8203 3.37067
11.3182 3.39554
11.8162 3.42042
12.3141 3.44529
12.812 3.47016
13.3065 3.47016
13.8009 3.49872
14.2953 3.52729
14.7898 3.55585
15.2842 3.58442
15.7786 3.61298
16.273 3.64154
16.7675 3.67011
17.2619 3.69867
17.7563 3.72724
18.2508 3.7558
18.7452 3.78436
19.2396 3.81293
19.7341 3.84149
20.2285 3.87006
20.7229 3.89862
21.2222 3.89862
21.7215 3.93971
22.2208 3.9808
22.7201 4.02189
23.2194 4.06298
23.7187 4.10407
24.218 4.14516
24.7173 4.18625
25.2166 4.22734
25.7159 4.26843
26.2152 4.30952
26.7145 4.35061
27.2138 4.3917
27.7131 4.43279
28.2125 4.43279
28.7119 4.43279
29.2113 4.43279
29.7107 4.43279
30.2101 4.43279
30.7095 4.43279
31.2088 4.43279
31.7082 4.43279
32.2076 4.43279
32.707 4.43279
33.2064 4.43279
33.7058 4.43279
34.2052 4.43279
34.7045 4.43279
35.2039 4.43279
35.7033 4.43279
36.2027 4.43279
36.7021 4.43279
37.2015 4.43279
37.7009 4.43279
38.2002 4.43279
38.6996 4.43279
39.199 4.43279
39.6984 4.43279
40.1978 4.43279
40.6972 4.43279
41.1966 4.43279
41.6959 4.43279
42.1953 4.43279
42.6947 4.43279
45.1298 4.66087
47.5649 4.66087
50.0 4.66087
0.0 1.27019
0.512289 1.27019
1.02458 1.55823
1.53687 1.84626
2.04916 2.13429
2.56145 2.42232
3.07374 2.71035
3.58602 2.99838
4.0919 2.99838
4.59778 3.03447
5.10366 3.07057
5.60953 3.10666
6.11541 3.14275
6.62129 3.17885
7.12717 3.21494
7.63305 3.25103
8.13892 3.28712
8.6448 3.32322
9.15068 3.35931
9.65656 3.3954
10.1624 3.4315
10.6683 3.46759
11.1742 3.50368
11.6801 3.53977
12.1644 3.53977
12.6488 3.55869
13.1332 3.5776
13.6175 3.59652
14.1019 3.61543
14.5862 3.63434
15.0706 3.65326
15.555 3.67217
16.0393 3.69108
16.5237 3.71
17.0081 3.72891
17.4924 3.74783
17.9768 3.76674
18.4611 3.78565
18.9455 3.80457
19.4591 3.80457
19.9727 3.8579
20.4863 3.91124
20.9998 3.96457
21.5134 4.0179
22.027 4.07124
22.5406 4.12457
23.0542 4.17791
23.5677 4.23124
24.0813 4.28458
24.5949 4.33791
25.1085 4.39125
25.6221 4.44458
26.1236 4.44458
26.6252 4.44458
27.1268 4.44458
27.6284 4.44458
28.13 4.44458
28.6316 4.44458
29.1331 4.44458
29.6347 4.44458
30.1363 4.44458
30.6379 4.44458
31.1395 4.44458
31.6411 4.44458
32.1426 4.44458
32.6442 4.44458
33.1458 4.44458
33.6474 4.44458
34.149 4.44458
34.6506 4.44458
35.1521 4.44458
35.6537 4.44458
36.1553 4.44458
36.6569 4.44458
37.1585 4.44458
37.6601 4.44458
38.1616 4.44458
38.6632 4.44458
39.1648 4.44458
39.6664 4.44458
40.168 4.44458
40.6696 4.44458
41.1711 4.44458
41.6727 4.44458
42.1743 4.44458
42.6759 4.44458
45.1173 4.61977
47.5586 4.61977
50.0 4.61977
0.0 1.26644
0.473295 1.26644
0.946591 1.5119
1.41989 1.75736
1.89318 2.00283
2.36648 2.24829
2.83977 2.49375
3.31307 2.73922
3.78636 2.98468
4.2782 2.98468
4.77005 3.01366
5.26189 3.04264
5.75373 3.07163
6.24557 3.10061
6.73741 3.12959
7.22925 3.15857
7.72109 3.18755
8.21294 3.21653
8.70478 3.24551
9.19662 3.2745
9.68846 3.30348
10.1803 3.33246
10.6721 3.36144
11.164 3.39042
11.6558 3.4194
12.1477 3.44838
12.6576 3.44838
13.1675 3.47868
13.6774 3.50897
14.1873 3.53926
14.6972 3.56956
15.2071 3.59985
15.7171 3.63014
16.227 3.66044
16.7369 3.69073
17.2468 3.72102
17.7567 3.75132
18.2666 3.78161
18.7765 3.8119
19.2792 3.8119
19.7819 3.84605
20.2846 3.88019
20.7872 3.91434
21.2899 3.94848
21.7926 3.98262
22.2953 4.01677
22.798 4.05091
23.3006 4.08506
23.8033 4.1192
24.306 4.15334
24.8087 4.18749
25.3113 4.22163
25.814 4.25578
26.3167 4.28992
26.8194 4.32407
27.3221 4.35821
27.8247 4.39235
28.3274 4.4265
28.8212 4.4265
29.3151 4.4265
29.8089 4.4265
30.3028 4.4265
30.7966 4.4265
31.2904 4.4265
31.7843 4.4265
32.2781 4.4265
32.7719 4.4265
33.2658 4.4265
33.7596 4.4265
34.2535 4.4265
34.7473 4.4265
35.2411 4.4265
35.735 4.4265
36.2288 4.4265
36.7226 4.4265
37.2165 4.4265
37.7103 4.4265
38.2042 4.4265
38.698 4.4265
39.1918 4.4265
39.6857 4.4265
40.1795 4.4265
40.6733 4.4265
41.1672 4.4265
41.661 4.4265
42.1548 4.4265
42.6487 4.4265
45.0991 4.63676
47.5496 4.63676
50.0 4.63676
0.0 1.3516
0.494219 1.3516
0.988437 1.61763
1.48266 1.88366
1.97687 2.1497
2.47109 2.41573
2.96531 2.68176
3.45953 2.9478
3.96344 2.9478
4.46734 2.99324
4.97125 3.03868
5.47516 3.08413
5.97906 3.12957
6.48297 3.17501
6.98688 3.22045
7.49078 3.2659
7.99469 3.31134
8.49859 3.35678
9.0025 3.40222
9.50329 3.40222
10.0041 3.42193
10.5049 3.44164
11.0057 3.46135
11.5064 3.48106
12.0072 3.50077
12.508 3.52049
13.0088 3.5402
13.5096 3.55991
14.0104 3.57962
14.5112 3.59933
15.012 3.61904
15.5128 3.63875
16.0136 3.65846
16.5143 3.67817
17.0151 3.69788
17.5159 3.71759
18.0167 3.7373
18.5175 3.75701
19.0183 3.77672
19.5191 3.79643
20.0199 3.81614
20.5207 3.83585
21.0311 3.83585
21.5416 3.88184
22.0521 3.92782
22.5625 3.9738
23.073 4.01978
23.5835 4.06576
24.094 4.11175
24.6044 4.15773
25.1149 4.20371
25.6254 4.24969
26.1358 4.29567
26.6463 4.34166
27.1568 4.38764
27.6673 4.43362
28.166 4.43362
28.6646 4.43362
29.1633 4.43362
29.662 4.43362
30.1607 4.43362
30.6594 4.43362
31.1581 4.43362
31.6567 4.43362
32.1554 4.43362
32.6541 4.43362
33.1528 4.43362
33.6515 4.43362
34.1502 4.43362
34.6488 4.43362
35.1475 4.43362
35.6462 4.43362
36.1449 4.43362
36.6436 4.43362
37.1423 4.43362
37.641 4.43362
38.1396 4.43362
38.6383 4.43362
39.137 4.43362
39.6357 4.43362
40.1344 4.43362
40.6331 4.43362
41.1317 4.43362
41.6304 4.43362
42.1291 4.43362
42.6278 4.43362
45.0852 4.77118
47.5426 4.77118
50.0 4.77118
0.0 1.32355
0.497909 1.32355
0.995818 1.6403
1.49373 1.95704
1.99164 2.27379
2.48955 2.59054
2.98745 2.90728
3.48242 2.90728
3.97738 2.95196
4.47235 2.99663
4.96731 3.04131
5.46228 3.08598
5.95724 3.13066
6.45221 3.17533
6.94717 3.22001
7.44214 3.26468
7.9371 3.30936
8.44747 3.30936
8.95784 3.33772
9.46821 3.36608
9.97858 3.39444
10.489 3.4228
10.9993 3.45116
11.5097 3.47952
12.0201 3.50788
12.5304 3.53624
13.0408 3.5646
13.5512 3.59296
14.0616 3.62132
14.5719 3.64968
15.0823 3.67804
15.5927 3.7064
16.103 3.73476
16.6134 3.76312
17.1238 3.79148
17.6341 3.81985
18.1419 3.81985
18.6497 3.85648
19.1574 3.89312
19.6652 3.92976
20.1729 3.9664
20.6807 4.00304
21.1884 4.03967
21.6962 4.07631
22.2039 4.11295
22.7117 4.14959
23.2195 4.18623
23.7272 4.22287
24.235 4.2595
24.7427 4.29614
25.2505 4.33278
25.7582 4.36942
26.266 4.40606
26.7737 4.44269
27.2809 4.44269
27.788 4.44269
28.2952 4.44269
28.8023 4.44269
29.3095 4.44269
29.8166 4.44269
30.3238 4.44269
30.8309 4.44269
31.3381 4.44269
31.8452 4.44269
32.3524 4.44269
32.8596 4.44269
33.3667 4.44269
33.8739 4.44269
34.381 4.44269
34.8882 4.44269
35.3953 4.44269
35.9025 4.44269
36.4096 4.44269
36.9168 4.44269
37.4239 4.44269
37.9311 4.44269
38.4382 4.44269
38.9454 4.44269
39.4525 4.44269
39.9597 4.44269
40.4668 4.44269
40.974 4.44269
41.4811 4.44269
41.9883 4.44269
42.4954 4.44269
44.9969 4.6928
47.4985 4.6928
50.0 4.6928
0.0 1.26818
0.49265 1.26818
0.9853 1.49597
1.47795 1.72376
1.9706 1.95155
2.46325 2.17934
2.9559 2.40713
3.44855 2.63493
3.9412 2.86272
4.44174 2.86272
4.94228 2.91824
5.44282 2.97377
5.94336 3.0293
6.44389 3.08483
6.94443 3.14036
7.44497 3.19589
7.94551 3.25142
8.44605 3.30694
8.9526 3.30694
9.45915 3.33175
9.9657 3.35656
10.4723 3.38137
10.9788 3.40618
11.4854 3.43098
11.9919 3.45579
12.4985 3.4806
13.005 3.50541
13.5116 3.53022
14.0181 3.55502
14.5247 3.57983
15.0312 3.60464
15.5378 3.62945
16.0443 3.65426
16.5509 3.67907
17.0574 3.70387
17.564 3.72868
18.0705 3.75349
18.5771 3.7783
19.0836 3.80311
19.5902 3.82791
20.0967 3.85272
20.6 3.85272
21.1032 3.88242
21.6064 3.91213
22.1097 3.94183
22.6129 3.97153
23.1161 4.00123
23.6193 4.03093
24.1226 4.06063
24.6258 4.09034
25.129 4.12004
25.6323 4.14974
26.1355 4.17944
26.6387 4.20914
27.142 4.23885
27.6452 4.26855
28.1484 4.29825
28.6517 4.32795
29.1549 4.35765
29.6581 4.38735
30.1614 4.41706
30.6539 4.41706
31.1464 4.41706
31.639 4.41706
32.1315 4.41706
32.624 4.41706
33.1165 4.41706
33.6091 4.41706
34.1016 4.41706
34.5941 4.41706
35.0867 4.41706
35.5792 4.41706
36.0717 4.41706
36.5643 4.41706
37.0568 4.41706
37.5493 4.41706
38.0418 4.41706
38.5344 4.41706
39.0269 4.41706
39.5194 4.41706
40.012 4.41706
40.5045 4.41706
40.997 4.41706
41.4896 4.41706
41.9821 4.41706
42.4746 4.41706
44.9831 4.71006
47.4915 4.71006
50.0 4.71006
0.0 1.35453
0.494365 1.35453
0.988729 1.5633
1.48309 1.77207
1.97746 1.98085
2.47182 2.18962
2.96619 2.3984
3.46055 2.60717
3.95492 2.81594
4.44305 2.81594
4.93119 2.84274
5.41932 2.86953
5.90745 2.89633
6.39559 2.92312
6.88372 2.94992
7.37185 2.97671
7.85999 3.00351
8.34812 3.0303
8.83626 3.0571
9.32439 3.08389
9.81252 3.11069
10.3007 3.13748
10.7888 3.16427
11.2769 3.19107
11.7651 3.21786
12.2532 3.24466
12.7413 3.27145
13.2493 3.27145
13.7573 3.31537
14.2653 3.35929
14.7733 3.4032
15.2813 3.44712
15.7893 3.49103
16.2973 3.53495
16.8053 3.57887
17.3133 3.62278
17.8213 3.6667
18.3293 3.71061
18.8373 3.75453
19.3453 3.79845
19.8532 3.84236
20.3612 3.88628
20.8692 3.93019
21.3674 3.93019
21.8657 3.95841
22.3639 3.98663
22.8621 4.01485
23.3603 4.04307
23.8585 4.07129
24.3567 4.09951
24.8549 4.12772
25.3531 4.15594
25.8514 4.18416
26.3496 4.21238
26.8478 4.2406
27.346 4.26882
27.8442 4.29703
28.3424 4.32525
28.8406 4.35347
29.3388 4.38169
29.8433 4.38169
30.3477 4.38169
30.8521 4.38169
31.3566 4.38169
31.861 4.38169
32.3654 4.38169
32.8698 4.38169
33.3743 4.38169
33.8787 4.38169
34.3831 4.38169
34.8876 4.38169
35.392 4.38169
35.8964 4.38169
36.4008 4.38169
36.9053 4.38169
37.4097 4.38169
37.9141 4.38169
38.4186 4.38169
38.923 4.38169
39.4274 4.38169
39.9318 4.38169
40.4363 4.38169
40.9407 4.38169
41.4451 4.38169
41.9496 4.38169
42.454 4.38169
44.9693 4.70008
47.4847 4.70008
50.0 4.70008
0.0 1.26777
0.497031 1.26777
0.994062 1.52751
1.49109 1.78726
1.98812 2.04701
2.48516 2.30676
2.98219 2.56651
3.47922 2.82626
3.97625 3.08601
4.48705 3.08601
4.99785 3.10447
5.50865 3.12292
6.01944 3.14138
6.53024 3.15984
7.04104 3.1783
7.55184 3.19676
8.06264 3.21521
8.552 3.21521
9.04135 3.24771
9.53071 3.28022
10.0201 3.31272
10.5094 3.34522
10.9988 3.37772
11.4881 3.41022
11.9775 3.44272
12.4668 3.47522
12.9562 3.50772
13.4456 3.54022
13.9349 3.57273
14.4243 3.60523
14.9136 3.63773
15.403 3.67023
15.8923 3.70273
16.3817 3.73523
16.8711 3.76773
17.3604 3.80023
17.8498 3.83273
18.3391 3.86524
18.8285 3.89774
19.3178 3.93024
19.818 3.93024
20.3181 3.96037
20.8183 3.9905
21.3184 4.02064
21.8185 4.05077
22.3187 4.0809
22.8188 4.11103
23.319 4.14117
23.8191 4.1713
24.3192 4.20143
24.8194 4.23156
25.3195 4.2617
25.8197 4.29183
26.3198 4.32196
26.82 4.35209
27.3201 4.38223
27.8202 4.41236
28.3207 4.41236
28.8212 4.41236
29.3217 4.41236
29.8222 4.41236
30.3227 4.41236
30.8232 4.41236
31.3237 4.41236
31.8242 4.41236
32.3247 4.41236
32.8252 4.41236
33.3257 4.41236
33.8262 4.41236
34.3267 4.41236
34.8272 4.41236
35.3277 4.41236
35.8282 4.41236
36.3287 4.41236
36.8292 4.41236
37.3297 4.41236
37.8302 4.41236
38.3307 4.41236
38.8312 4.41236
39.3317 4.41236
39.8322 4.41236
40.3327 4.41236
40.8332 4.41236
41.3337 4.41236
41.8342 4.41236
42.3346 4.41236
44.8898 4.46693
47.4449 4.46693
50.0 4.46693
0.0 1.25298
0.477652 1.25298
0.955305 1.47953
1.43296 1.70608
1.91061 1.93263
2.38826 2.15919
2.86591 2.38574
3.34357 2.61229
3.82122 2.83884
4.29887 3.0654
4.78158 3.0654
5.26429 3.07592
5.74699 3.08645
6.2297 3.09698
6.71241 3.10751
7.19511 3.11803
7.67782 3.12856
8.16053 3.13909
8.64324 3.14962
9.12594 3.16014
9.60865 3.17067
10.0914 3.1812
10.5952 3.1812
11.099 3.21541
11.6028 3.24962
12.1066 3.28383
12.6104 3.31804
13.1142 3.35225
13.618 3.38646
14.1218 3.42068
14.6256 3.45489
15.1294 3.4891
15.6332 3.52331
16.137 3.55752
16.6408 3.59173
17.1446 3.62594
17.6484 3.66015
18.1522 3.69437
18.656 3.72858
19.1598 3.76279
19.6636 3.797
20.1674 3.83121
20.6712 3.86542
21.175 3.89963
21.6661 3.89963
22.1572 3.93579
22.6483 3.97195
23.1394 4.0081
23.6305 4.04426
24.1216 4.08042
24.6128 4.11657
25.1039 4.15273
25.595 4.18889
26.0861 4.22504
26.5772 4.2612
27.0683 4.29736
27.5594 4.33351
28.0505 4.36967
28.5416 4.40583
29.0443 4.40583
29.547 4.40583
30.0497 4.40583
30.5524 4.40583
31.0552 4.40583
31.5579 4.40583
32.0606 4.40583
32.5633 4.40583
33.066 4.40583
33.5688 4.40583
34.0715 4.40583
34.5742 4.40583
35.0769 4.40583
35.5796 4.40583
36.0823 4.40583
36.5851 4.40583
37.0878 4.40583
37.5905 4.40583
38.0932 4.40583
38.5959 4.40583
39.0986 4.40583
39.6014 4.40583
40.1041 4.40583
40.6068 4.40583
41.1095 4.40583
41.6122 4.40583
42.1149 4.40583
44.7433 4.49367
47.3716 4.49367
50.0 4.49367
0.0 1.07356
0.479138 1.07356
0.958276 1.43328
1.43741 1.79301
1.91655 2.15274
2.38833 2.15274
2.86012 2.38893
3.3319 2.62513
3.80368 2.86132
4.29738 2.86132
4.79109 2.89347
5.28479 2.92561
5.7785 2.95776
6.2722 2.98991
6.76591 3.02206
7.25961 3.05421
7.75332 3.08635
8.24702 3.1185
8.74073 3.15065
9.23443 3.1828
9.72814 3.21495
10.2218 3.24709
10.7155 3.27924
11.2092 3.31139
11.703 3.34354
12.1967 3.37568
12.6904 3.40783
13.1841 3.43998
13.6778 3.47213
14.1715 3.50428
14.6652 3.53642
15.1589 3.56857
15.6526 3.60072
16.1463 3.63287
16.64 3.66502
17.1244 3.66502
17.6087 3.71015
18.0931 3.75528
18.5775 3.8004
19.0618 3.84553
19.5462 3.89066
20.0306 3.93579
20.515 3.98092
20.9993 4.02605
21.512 4.02605
22.0247 4.02605
22.5373 4.02605
23.05 4.02605
23.5627 4.02605
24.0754 4.02605
24.588 4.02605
25.1007 4.02605
25.6134 4.02605
26.1261 4.02605
26.6387 4.02605
27.1514 4.02605
27.6641 4.02605
28.1768 4.02605
28.6894 4.02605
29.2021 4.02605
29.7148 4.02605
32.2504 4.4927
34.7861 4.4927
37.3217 4.4927
39.8574 4.4927
42.393 4.4927
44.9287 4.4927
47.4643 4.4927
50.0 4.4927
0.0 1.12317
0.453104 1.12317
0.906208 1.47959
1.35931 1.83601
1.81242 2.19242
2.26552 2.54884
2.78373 2.54884
3.30193 2.60045
3.82014 2.65206
4.33835 2.70367
4.85656 2.75528
5.37477 2.80689
5.89297 2.8585
6.41118 2.91011
6.92939 2.96173
7.4476 3.01334
7.96581 3.06495
8.48401 3.11656
9.00222 3.16817
9.50033 3.16817
9.99845 3.21456
10.4966 3.26095
10.9947 3.30734
11.4928 3.35374
11.9909 3.40013
12.489 3.44652
12.9871 3.49291
13.4852 3.53931
13.9834 3.5857
14.4815 3.63209
14.9796 3.67848
15.4777 3.72487
15.9758 3.77127
16.4739 3.81766
16.972 3.86405
17.4702 3.91044
17.9683 3.95684
18.4664 4.00323
18.9645 4.04962
19.4626 4.09601
19.9607 4.1424
20.4588 4.1888
20.957 4.23519
21.4763 4.23519
21.9957 4.24301
22.5151 4.25083
23.0344 4.25865
23.5538 4.26646
24.0732 4.27428
24.5925 4.2821
25.1119 4.28992
25.6313 4.29774
26.1507 4.30556
26.6529 4.30556
27.1552 4.30556
27.6574 4.30556
28.1597 4.30556
28.662 4.30556
29.1642 4.30556
29.6665 4.30556
30.1687 4.30556
30.671 4.30556
31.1733 4.30556
31.6755 4.30556
32.1778 4.30556
32.68 4.30556
33.1823 4.30556
33.6846 4.30556
34.1868 4.30556
34.6891 4.30556
35.1913 4.30556
35.6936 4.30556
36.1959 4.30556
36.6981 4.30556
37.2004 4.30556
37.7026 4.30556
38.2049 4.30556
38.7072 4.30556
39.2094 4.30556
39.7117 4.30556
42.2838 4.67254
44.8558 4.67254
47.4279 4.67254
50.0 4.67254
0.0 1.09507
0.506216 1.09507
1.01243 1.4523
1.51865 1.80953
2.02487 2.16675
2.46933 2.16675
2.91379 2.3764
3.35825 2.58605
3.80272 2.7957
4.30877 2.7957
4.81482 2.8338
5.32087 2.87191
5.82692 2.91001
6.33297 2.94811
6.83902 2.98621
7.34508 3.02431
7.85113 3.06241
8.35718 3.10051
8.86323 3.13861
9.36928 3.17672
9.87533 3.21482
10.3814 3.25292
10.8874 3.29102
11.3935 3.32912
11.8995 3.36722
12.4056 3.40532
12.9116 3.44342
13.4177 3.48152
13.9237 3.51963
14.4298 3.55773
14.9358 3.59583
15.4419 3.63393
15.9417 3.63393
16.4416 3.6533
16.9414 3.67267
17.4412 3.69204
17.9411 3.71141
18.4409 3.73078
18.9407 3.75015
19.4406 3.76952
19.9404 3.7889
20.4402 3.80827
20.9401 3.82764
21.4399 3.84701
21.9397 3.86638
22.4396 3.88575
22.9394 3.90512
23.4392 3.92449
23.9391 3.94386
24.4389 3.96323
24.9387 3.9826
25.4386 4.00197
25.9384 4.02135
26.4087 4.02135
26.8791 4.02135
27.3495 4.02135
27.8198 4.02135
28.2902 4.02135
28.7605 4.02135
29.2309 4.02135
29.7012 4.02135
32.2386 4.52207
34.7759 4.52207
37.3133 4.52207
39.8506 4.52207
42.388 4.52207
44.9253 4.52207
47.4627 4.52207
50.0 4.52207
0.0 1.1885
0.521632 1.1885
1.04326 1.46074
1.5649 1.73297
2.08653 2.00521
2.60816 2.27744
3.12979 2.54968
3.65142 2.82191
4.17306 3.09415
4.66217 3.09415
5.15129 3.1002
5.64041 3.10624
6.12953 3.11229
6.61864 3.11834
7.10776 3.12438
7.59688 3.13043
8.086 3.13648
8.57511 3.14252
9.06423 3.14857
9.55335 3.15462
10.0425 3.16066
10.5316 3.16671
11.0207 3.17276
11.5098 3.17881
11.9989 3.18485
12.4881 3.1909
12.9772 3.19695
13.4663 3.20299
13.9554 3.20904
14.4445 3.21509
14.9336 3.22113
15.4602 3.22113
15.9868 3.30454
16.5133 3.38794
17.0399 3.47134
17.5665 3.55475
18.093 3.63815
18.6196 3.72155
19.1462 3.80496
19.6728 3.88836
20.1687 3.88836
20.6647 3.91581
21.1607 3.94327
21.6567 3.97072
22.1527 3.99817
22.6487 4.02562
23.1447 4.05308
23.6407 4.08053
24.1367 4.10798
24.6327 4.13544
25.1287 4.16289
25.6247 4.19034
26.1207 4.21779
26.6166 4.24525
27.1126 4.2727
27.6086 4.30015
28.1046 4.3276
28.6006 4.35506
29.0966 4.38251
29.5926 4.40996
30.0886 4.43741
30.5846 4.46487
31.0806 4.49232
31.5766 4.51977
32.0675 4.51977
32.5585 4.51977
33.0495 4.51977
33.5404 4.51977
34.0314 4.51977
34.5224 4.51977
35.0133 4.51977
35.5043 4.51977
35.9953 4.51977
36.4862 4.51977
36.9772 4.51977
37.4682 4.51977
37.9591 4.51977
38.4501 4.51977
38.9411 4.51977
39.432 4.51977
39.923 4.51977
40.414 4.51977
40.9049 4.51977
41.3959 4.51977
41.8869 4.51977
42.3778 4.51977
44.9185 4.53058
47.4593 4.53058
50.0 4.53058
0.0 1.14576
0.469525 1.14576
0.93905 1.42023
1.40858 1.69469
1.8781 1.96916
2.34763 2.24362
2.81715 2.51809
3.28668 2.79255
3.7562 3.06702
4.2622 3.06702
4.76821 3.07206
5.27421 3.07711
5.78021 3.08215
6.28621 3.08719
6.79222 3.09224
7.29822 3.09728
7.80422 3.10232
8.31022 3.10736
8.81622 3.11241
9.32223 3.11745
9.82823 3.12249
10.3342 3.12754
10.8402 3.13258
11.3462 3.13762
11.8522 3.14267
12.3582 3.14771
12.8642 3.15275
13.3702 3.1578
13.8762 3.16284
14.3823 3.16788
14.8883 3.17293
15.3943 3.17797
15.9003 3.18301
16.4063 3.18806
16.9263 3.18806
17.4464 3.27853
17.9665 3.36901
18.4866 3.45949
19.0067 3.54997
19.5267 3.64045
20.0468 3.73093
20.5669 3.82141
21.087 3.91188
21.5748 3.91188
22.0626 3.94462
22.5504 3.97735
23.0382 4.01009
23.526 4.04282
24.0138 4.07556
24.5016 4.10829
24.9894 4.14103
25.4771 4.17376
25.9649 4.2065
26.4527 4.23923
26.9405 4.27197
27.4283 4.3047
27.9161 4.33744
28.4039 4.37017
28.8917 4.40291
29.3795 4.43564
29.8673 4.46838
30.3551 4.50111
30.8429 4.53385
31.3441 4.53385
31.8452 4.53385
32.3463 4.53385
32.8474 4.53385
33.3485 4.53385
33.8496 4.53385
34.3508 4.53385
34.8519 4.53385
35.353 4.53385
35.8541 4.53385
36.3552 4.53385
36.8564 4.53385
37.3575 4.53385
37.8586 4.53385
38.3597 4.53385
38.8608 4.53385
39.362 4.53385
39.8631 4.53385
40.3642 4.53385
40.8653 4.53385
41.3664 4.53385
41.8676 4.53385
42.3687 4.53385
44.9125 4.58137
47.4562 4.58137
50.0 4.58137
0.0 1.23999
0.522499 1.23999
1.045 1.5022
1.5675 1.76442
2.09 2.02663
2.61249 2.28885
3.13499 2.55106
3.65749 2.81328
4.17999 3.07549
4.66044 3.07549
5.14088 3.10829
5.62132 3.14108
6.10177 3.17388
6.58221 3.20667
7.06266 3.23947
7.5431 3.27226
8.03953 3.27226
8.53596 3.30454
9.03239 3.33682
9.52881 3.3691
10.0252 3.40138
10.5217 3.43365
11.0181 3.46593
11.5145 3.49821
12.011 3.53049
12.5074 3.56277
13.0038 3.59505
13.5002 3.62732
13.9967 3.6596
14.4931 3.69188
14.9895 3.72416
15.4859 3.75644
15.9824 3.78872
16.4788 3.82099
16.9752 3.85327
17.4717 3.88555
17.9681 3.91783
18.4645 3.95011
18.9609 3.98239
19.4574 4.01466
19.9538 4.04694
20.4495 4.04694
20.9452 4.07219
21.441 4.09744
21.9367 4.12269
22.4324 4.14794
22.9281 4.17319
23.4239 4.19844
23.9196 4.22369
24.4153 4.24893
24.911 4.27418
25.4068 4.29943
25.9025 4.32468
26.3982 4.34993
26.8939 4.37518
27.3897 4.40043
27.8854 4.42568
28.3811 4.45093
28.8768 4.47618
29.3813 4.47618
29.8858 4.47618
30.3902 4.47618
30.8947 4.47618
31.3991 4.47618
31.9036 4.47618
32.408 4.47618
32.9125 4.47618
33.417 4.47618
33.9214 4.47618
34.4259 4.47618
34.9303 4.47618
35.4348 4.47618
35.9392 4.47618
36.4437 4.47618
36.9481 4.47618
37.4526 4.47618
37.9571 4.47618
38.4615 4.47618
38.966 4.47618
39.4704 4.47618
39.9749 4.47618
40.4793 4.47618
40.9838 4.47618
41.4882 4.47618
41.9927 4.47618
44.6618 4.58425
47.3309 4.58425
50.0 4.58425
0.0 1.28296
0.497374 1.28296
0.994747 1.54649
1.49212 1.81002
1.98949 2.07354
2.48687 2.33707
2.98424 2.6006
3.48161 2.86413
3.97899 3.12766
4.4917 3.12766
5.00441 3.13778
5.51713 3.14791
6.02984 3.15803
6.54255 3.16815
7.05527 3.17827
7.56798 3.1884
8.08069 3.19852
8.59341 3.20864
9.10612 3.21876
9.61883 3.22888
10.1315 3.23901
10.6443 3.24913
11.157 3.25925
11.6697 3.26937
12.1824 3.2795
12.6793 3.2795
13.1762 3.32012
13.673 3.36075
14.1699 3.40138
14.6668 3.44201
15.1637 3.48264
15.6606 3.52327
16.1574 3.5639
16.6543 3.60452
17.1512 3.64515
17.6481 3.68578
18.145 3.72641
18.6418 3.76704
19.1387 3.80767
19.6356 3.8483
20.1325 3.88892
20.6294 3.92955
21.1262 3.97018
21.6394 3.97018
22.1526 4.0057
22.6657 4.04122
23.1789 4.07673
23.6921 4.11225
24.2052 4.14777
24.7184 4.18329
25.2316 4.2188
25.7447 4.25432
26.2579 4.28984
26.771 4.32536
27.2842 4.36087
27.7974 4.39639
28.3105 4.43191
28.8237 4.46743
29.3281 4.46743
29.8326 4.46743
30.337 4.46743
30.8414 4.46743
31.3458 4.46743
31.8503 4.46743
32.3547 4.46743
32.8591 4.46743
33.3636 4.46743
33.868 4.46743
34.3724 4.46743
34.8768 4.46743
35.3813 4.46743
35.8857 4.46743
36.3901 4.46743
36.8946 4.46743
37.399 4.46743
37.9034 4.46743
38.4078 4.46743
38.9123 4.46743
39.4167 4.46743
39.9211 4.46743
40.4256 4.46743
40.93 4.46743
41.4344 4.46743
41.9388 4.46743
44.6259 4.75426
47.3129 4.75426
50.0 4.75426
0.0 1.33873
0.482521 1.33873
0.965042 1.50893
1.44756 1.67912
1.93008 1.84932
2.41261 2.01951
2.89513 2.18971
3.37765 2.35991
3.86017 2.5301
4.34269 2.7003
4.85214 2.7003
5.36159 2.73128
5.87104 2.76226
6.38049 2.79325
6.88994 2.82423
7.39939 2.85521
7.90884 2.8862
8.41829 2.91718
8.92774 2.94816
9.43719 2.97915
9.94664 3.01013
10.4561 3.04111
10.9655 3.0721
11.4396 3.0721
11.9136 3.11693
12.3876 3.16176
12.8616 3.2066
13.3622 3.2066
13.8628 3.23011
14.3634 3.25363
14.864 3.27715
15.3646 3.30066
15.8653 3.32418
16.3659 3.3477
16.8665 3.37121
17.3671 3.39473
17.8677 3.41825
18.3683 3.44176
18.8689 3.46528
19.3695 3.4888
19.8701 3.51231
20.3708 3.53583
20.8714 3.55935
21.372 3.58286
21.8726 3.60638
22.3732 3.6299
22.8738 3.65341
23.3744 3.67693
23.875 3.70045
24.4181 3.70045
24.9611 3.70045
25.5041 3.70045
26.0471 3.70045
28.4424 4.46498
30.8377 4.46498
33.233 4.46498
35.6283 4.46498
38.0235 4.46498
40.4188 4.46498
42.8141 4.46498
45.2094 4.46498
47.6047 4.46498
50.0 4.46498
0.0 1.29616
0.533344 1.29616
1.06669 1.53219
1.60003 1.76821
2.13338 2.00424
2.66672 2.24026
3.20007 2.47629
3.73341 2.71231
4.2204 2.71231
4.70739 2.7366
5.19438 2.76089
5.68137 2.78517
6.16836 2.80946
6.65535 2.83375
7.14234 2.85803
7.62933 2.88232
8.11632 2.90661
8.60332 2.93089
9.09031 2.95518
9.5773 2.97946
10.0643 3.00375
10.5513 3.02804
11.0383 3.05232
11.5253 3.07661
12.0122 3.1009
12.4992 3.12518
13.0195 3.12518
13.5398 3.1502
14.06 3.17523
14.5803 3.20025
15.1005 3.22527
15.6208 3.25029
16.1375 3.25029
16.6542 3.30001
17.1708 3.34973
17.6875 3.39945
18.2042 3.44917
18.7209 3.49889
19.2376 3.54861
19.7543 3.59833
20.2709 3.64805
20.7876 3.69777
21.3043 3.74749
21.8276 3.74749
22.3509 3.74749
22.8742 3.74749
23.3975 3.74749
23.9208 3.74749
24.4441 3.74749
24.9674 3.74749
25.4908 3.74749
26.0141 3.74749
28.4127 4.48555
30.8112 4.48555
33.2098 4.48555
35.6084 4.48555
38.007 4.48555
40.4056 4.48555
42.8042 4.48555
45.2028 4.48555
47.6014 4.48555
50.0 4.48555
0.0 1.27615
0.495897 1.27615
0.991794 1.48926
1.48769 1.70237
1.98359 1.91548
2.47949 2.12859
2.97538 2.3417
3.47128 2.55482
3.96718 2.76793
4.46801 2.76793
4.96884 2.78936
5.46967 2.8108
5.9705 2.83223
6.47133 2.85367
6.97216 2.8751
7.47299 2.89654
7.97382 2.91797
8.47465 2.93941
8.97548 2.96084
9.47631 2.98228
9.97714 3.00372
10.478 3.02515
10.9788 3.04659
11.4796 3.06802
11.9805 3.08946
12.4813 3.11089
12.944 3.11089
13.4066 3.15405
13.8693 3.1972
14.332 3.24036
14.7947 3.28351
15.2573 3.32667
15.7414 3.32667
16.2255 3.36481
16.7095 3.40294
17.1936 3.44108
17.6777 3.47922
18.1617 3.51736
18.6458 3.55549
19.1299 3.59363
19.6139 3.63177
20.098 3.66991
20.5821 3.70804
21.0661 3.74618
21.5502 3.78432
22.037 3.78432
22.5238 3.78432
23.0107 3.78432
23.4975 3.78432
23.9843 3.78432
24.4712 3.78432
24.958 3.78432
25.4448 3.78432
25.9317 3.78432
28.3385 4.45077
30.7453 4.45077
33.1522 4.45077
35.559 4.45077
37.9658 4.45077
40.3727 4.45077
42.7795 4.45077
45.1863 4.45077
47.5932 4.45077
50.0 4.45077
0.0 1.2431
0.494284 1.2431
0.988569 1.47064
1.48285 1.69817
1.97714 1.92571
2.47142 2.15324
2.96571 2.38078
3.45999 2.60831
3.95427 2.83585
4.46164 2.83585
4.969 2.85602
5.47637 2.87619
5.98373 2.89636
6.49109 2.91653
6.99846 2.9367
7.50582 2.95687
8.01319 2.97704
8.52055 2.99721
9.02791 3.01738
9.53528 3.03755
10.0426 3.05772
10.55 3.07789
11.0479 3.07789
11.5458 3.11152
12.0437 3.14515
12.5417 3.17879
13.0396 3.21242
13.5375 3.24605
14.0354 3.27969
14.5333 3.31332
15.0312 3.34695
15.5291 3.38059
16.0189 3.38059
16.5087 3.41855
16.9985 3.45652
17.4883 3.49449
17.9781 3.53246
18.4679 3.57043
18.9576 3.6084
19.4474 3.64637
19.9372 3.68434
20.427 3.7223
20.9168 3.76027
21.4066 3.79824
21.8964 3.83621
22.4098 3.83621
22.9232 3.83621
23.4367 3.83621
23.9501 3.83621
24.4635 3.83621
24.977 3.83621
25.4904 3.83621
26.0038 3.83621
28.4034 4.49226
30.8031 4.49226
33.2027 4.49226
35.6023 4.49226
38.0019 4.49226
40.4015 4.49226
42.8011 4.49226
45.2008 4.49226
47.6004 4.49226
50.0 4.49226
0.0 1.14325
0.502124 1.14325
1.00425 1.42067
1.50637 1.69809
2.0085 1.97551
2.51062 2.25293
3.01274 2.53035
3.51487 2.80777
4.01806 2.80777
4.52125 2.83727
5.02444 2.86678
5.52763 2.89628
6.03082 2.92578
6.53402 2.95528
7.03721 2.98478
7.5404 3.01429
8.04359 3.04379
8.54678 3.07329
9.04997 3.10279
9.55316 3.13229
10.0726 3.13229
10.592 3.15328
11.1114 3.17427
11.6309 3.19526
12.1503 3.21625
12.6697 3.23724
13.1891 3.25823
13.7085 3.27922
14.228 3.30021
14.7474 3.3212
15.2509 3.3212
15.7545 3.35982
16.258 3.39845
16.7615 3.43707
17.2651 3.47569
17.7686 3.51431
18.2722 3.55293
18.7757 3.59155
19.2792 3.63018
19.7828 3.6688
20.2863 3.70742
20.7899 3.74604
21.2934 3.78466
21.7969 3.82328
22.3195 3.82328
22.8421 3.82328
23.3647 3.82328
23.8872 3.82328
24.4098 3.82328
24.9324 3.82328
25.4549 3.82328
25.9775 3.82328
28.3798 4.53077
30.782 4.53077
33.1843 4.53077
35.5865 4.53077
37.9888 4.53077
40.391 4.53077
42.7933 4.53077
45.1955 4.53077
47.5978 4.53077
50.0 4.53077
0.0 1.16561
0.534764 1.16561
1.06953 1.43548
1.60429 1.70535
2.13906 1.97522
2.67382 2.24509
3.20859 2.51496
3.74335 2.78483
4.25175 2.78483
4.76015 2.82145
5.26856 2.85806
5.77696 2.89468
6.28536 2.93129
6.79376 2.96791
7.30216 3.00452
7.81056 3.04114
8.31897 3.07775
8.82737 3.11437
9.33577 3.15098
9.82419 3.15098
10.3126 3.16675
10.801 3.18251
11.2894 3.19828
11.7779 3.21405
12.2663 3.22981
12.7547 3.24558
13.2431 3.26134
13.7315 3.27711
14.2178 3.27711
14.7042 3.31553
15.1905 3.35394
15.6768 3.39236
16.1631 3.43078
16.6494 3.4692
17.1357 3.50761
17.6221 3.54603
18.1084 3.58445
18.5947 3.62287
19.081 3.66129
19.5673 3.6997
20.0536 3.73812
20.54 3.77654
21.0188 3.77654
21.4977 3.77654
21.9766 3.77654
22.4554 3.77654
22.9343 3.77654
23.4132 3.77654
23.892 3.77654
24.3709 3.77654
24.8498 3.77654
25.3287 3.77654
25.8075 3.77654
28.2268 4.47066
30.646 4.47066
33.0653 4.47066
35.4845 4.47066
37.9038 4.47066
40.323 4.47066
42.7423 4.47066
45.1615 4.47066
47.5808 4.47066
50.0 4.47066
0.0 1.15498
0.506737 1.15498
1.01347 1.42883
1.52021 1.70269
2.02695 1.97655
2.53369 2.2504
3.04042 2.52426
3.54716 2.79811
4.05762 2.79811
4.56808 2.82494
5.07854 2.85177
5.589 2.8786
6.09946 2.90543
6.60993 2.93225
7.12039 2.95908
7.63085 2.98591
8.14131 3.01274
8.65177 3.03957
9.16223 3.06639
9.67269 3.09322
10.1832 3.12005
10.6936 3.14688
11.1716 3.14688
11.6495 3.18192
12.1275 3.21696
12.6055 3.252
13.0834 3.28704
13.5952 3.28704
14.1069 3.32286
14.6187 3.35868
15.1304 3.3945
15.6422 3.43031
16.1539 3.46613
16.6657 3.50195
17.1774 3.53777
17.6892 3.57359
18.2009 3.60941
18.7127 3.64522
19.2244 3.68104
19.7362 3.71686
20.2479 3.75268
20.7597 3.7885
21.2512 3.7885
21.7426 3.7885
22.2341 3.7885
22.7256 3.7885
23.217 3.7885
23.7085 3.7885
24.2 3.7885
24.6915 3.7885
25.1829 3.7885
25.6744 3.7885
28.107 4.43375
30.5395 4.43375
32.9721 4.43375
35.4046 4.43375
37.8372 4.43375
40.2698 4.43375
42.7023 4.43375
45.1349 4.43375
47.5674 4.43375
50.0 4.43375
0.0 1.21098
0.481689 1.21098
0.963377 1.53903
1.44507 1.86708
1.92675 2.19514
2.40844 2.52319
2.90351 2.52319
3.39857 2.62735
3.89363 2.7315
4.38869 2.83566
4.88376 2.93981
5.37882 3.04397
5.87388 3.14813
6.36895 3.25228
6.8704 3.25228
7.37185 3.28949
7.8733 3.3267
8.37476 3.36391
8.87621 3.40112
9.37766 3.43833
9.87911 3.47553
10.3806 3.51274
10.882 3.54995
11.3835 3.58716
11.8849 3.62437
12.3864 3.66158
12.8878 3.69878
13.3893 3.73599
13.8907 3.7732
14.3922 3.81041
14.8936 3.84762
15.3951 3.88483
15.8965 3.92204
16.398 3.95924
16.8995 3.99645
17.4009 4.03366
17.9024 4.07087
18.4038 4.10808
18.9053 4.14529
19.4067 4.18249
19.9082 4.2197
20.4065 4.2197
20.9049 4.2312
21.4033 4.24271
21.9017 4.25421
22.4001 4.26571
22.8985 4.27721
23.3968 4.28871
23.8952 4.30021
24.3936 4.31172
24.892 4.32322
25.3904 4.33472
25.8887 4.34622
26.3871 4.35772
26.8866 4.35772
27.3861 4.35772
27.8856 4.35772
28.385 4.35772
28.8845 4.35772
29.384 4.35772
29.8835 4.35772
30.383 4.35772
30.8824 4.35772
31.3819 4.35772
31.8814 4.35772
32.3809 4.35772
32.8803 4.35772
33.3798 4.35772
33.8793 4.35772
34.3788 4.35772
34.8783 4.35772
35.3777 4.35772
35.8772 4.35772
36.3767 4.35772
36.8762 4.35772
37.3757 4.35772
37.8751 4.35772
38.3746 4.35772
38.8741 4.35772
39.3736 4.35772
39.873 4.35772
42.4048 4.62366
44.9365 4.62366
47.4683 4.62366
50.0 4.62366
0.0 1.30975
0.501046 1.30975
1.00209 1.48648
1.50314 1.66322
2.00418 1.83995
2.50523 2.01668
3.00628 2.19342
3.50732 2.37015
4.00837 2.54689
4.50942 2.72362
5.01046 2.90035
5.51278 2.90035
6.0151 2.92921
6.51741 2.95806
7.01973 2.98691
7.52204 3.01577
8.02436 3.04462
8.52668 3.07347
9.02899 3.10232
9.53131 3.13118
10.0336 3.16003
10.5359 3.18888
11.0383 3.21774
11.5406 3.24659
12.0429 3.27544
12.5452 3.3043
13.0475 3.33315
13.5498 3.362
14.0522 3.39085
14.5545 3.41971
15.0568 3.44856
15.5591 3.47741
16.0614 3.50627
16.5637 3.53512
17.0661 3.56397
17.5684 3.59282
18.0707 3.62168
18.573 3.65053
19.0812 3.65053
19.5893 3.65781
20.0975 3.6651
20.6056 3.67238
21.1138 3.67966
21.6219 3.68694
22.1301 3.69423
22.6383 3.70151
23.1464 3.70879
23.6723 3.70879
24.1982 3.74113
24.724 3.77347
25.2499 3.80581
25.7758 3.83815
26.3017 3.8705
26.925 3.8705
27.5483 3.8705
30.0429 4.49969
32.5376 4.49969
35.0322 4.49969
37.5268 4.49969
40.0215 4.49969
42.5161 4.49969
45.0107 4.49969
47.5054 4.49969
50.0 4.49969
0.0 1.188
0.482704 1.188
0.965408 1.4001
1.44811 1.6122
1.93082 1.8243
2.41352 2.0364
2.89622 2.2485
3.37893 2.4606
3.86163 2.6727
4.34434 2.8848
4.85233 2.8848
5.36032 2.91951
5.86831 2.95422
6.37631 2.98893
6.8843 3.02364
7.39229 3.05835
7.90028 3.09306
8.40828 3.12777
8.91627 3.16248
9.42426 3.19719
9.98162 3.19719
10.539 3.27764
11.0462 3.27764
11.5534 3.30117
12.0606 3.32469
12.5678 3.34821
13.0751 3.37174
13.5823 3.39526
14.0895 3.41879
14.5967 3.44231
15.1039 3.46583
15.6111 3.48936
16.1184 3.51288
16.6256 3.53641
17.1328 3.55993
17.64 3.58345
18.1472 3.60698
18.6544 3.6305
19.1617 3.65403
19.6689 3.67755
20.1761 3.70107
20.6833 3.7246
21.1905 3.74812
21.6977 3.77164
22.2049 3.79517
22.7122 3.81869
23.2085 3.81869
23.7048 3.81869
24.2012 3.81869
24.6975 3.81869
25.1938 3.81869
25.6902 3.81869
28.1212 4.43297
30.5521 4.43297
32.9831 4.43297
35.4141 4.43297
37.8451 4.43297
40.2761 4.43297
42.7071 4.43297
45.138 4.43297
47.569 4.43297
50.0 4.43297
0.0 1.2434
0.502556 1.2434
1.00511 1.43196
1.50767 1.62053
2.01022 1.8091
2.51278 1.99767
3.01533 2.18624
3.51789 2.37481
4.02044 2.56338
4.523 2.75195
5.02556 2.94052
5.52303 2.94052
6.0205 2.97438
6.51798 3.00825
7.01545 3.04211
7.51293 3.07598
8.0104 3.10984
8.50788 3.14371
9.00535 3.17757
9.50283 3.21144
10.0003 3.2453
10.4978 3.27917
10.9953 3.31303
11.4927 3.34689
11.9902 3.38076
12.4877 3.41462
12.9851 3.44849
13.4826 3.48235
13.9801 3.51622
14.4776 3.55008
14.975 3.58395
15.4725 3.61781
15.97 3.65168
16.4675 3.68554
16.9631 3.68554
17.4587 3.68878
17.9544 3.69202
18.45 3.69527
18.9456 3.69851
19.4413 3.70175
19.9369 3.70499
20.4326 3.70823
20.9104 3.70823
21.3882 3.71674
21.8661 3.72526
22.3439 3.73377
22.8217 3.74228
23.2996 3.7508
23.7774 3.75931
24.2552 3.76782
24.7331 3.77634
25.2109 3.78485
25.6887 3.79336
26.1274 3.79336
26.5661 3.79336
27.0048 3.79336
27.4435 3.79336
29.9497 4.49717
32.456 4.49717
34.9623 4.49717
37.4686 4.49717
39.9749 4.49717
42.4812 4.49717
44.9874 4.49717
47.4937 4.49717
50.0 4.49717
0.0 1.3013
0.478426 1.3013
0.956852 1.59868
1.43528 1.89607
1.9137 2.19345
2.39213 2.49083
2.91104 2.49083
3.42995 2.59112
3.94886 2.69141
4.46777 2.79171
4.98668 2.892
5.50559 2.99229
6.0245 3.09258
6.54342 3.19288
7.06233 3.29317
7.55141 3.29317
8.0405 3.33515
8.52958 3.37714
9.01867 3.41913
9.50775 3.46112
9.99684 3.5031
10.4859 3.54509
10.975 3.58708
11.4641 3.62906
11.9532 3.67105
12.4423 3.71304
12.9314 3.75502
13.4204 3.79701
13.9095 3.839
14.3986 3.88098
14.8877 3.92297
15.3768 3.96496
15.8659 4.00695
16.3549 4.04893
16.844 4.09092
17.3331 4.13291
17.8419 4.13291
18.3507 4.15434
18.8595 4.17577
19.3683 4.19721
19.8771 4.21864
20.3859 4.24007
20.8947 4.26151
21.4035 4.28294
21.9123 4.30437
22.4211 4.32581
22.9299 4.34724
23.4387 4.36867
23.9475 4.39011
24.4563 4.41154
24.9651 4.43297
25.4739 4.45441
25.9703 4.45441
26.4667 4.45441
26.9631 4.45441
27.4595 4.45441
27.9559 4.45441
28.4523 4.45441
28.9488 4.45441
29.4452 4.45441
29.9416 4.45441
30.438 4.45441
30.9344 4.45441
31.4308 4.45441
31.9272 4.45441
32.4236 4.45441
32.92 4.45441
33.4165 4.45441
33.9129 4.45441
34.4093 4.45441
34.9057 4.45441
35.4021 4.45441
35.8985 4.45441
36.3949 4.45441
36.8913 4.45441
37.3877 4.45441
37.8842 4.45441
38.3806 4.45441
38.877 4.45441
39.3734 4.45441
39.8698 4.45441
42.4023 4.62248
44.9349 4.62248
47.4674 4.62248
50.0 4.62248
0.0 1.31215
0.480871 1.31215
0.961741 1.49426
1.44261 1.67636
1.92348 1.85847
2.40435 2.04057
2.88522 2.22268
3.36609 2.40478
3.84696 2.58689
4.32784 2.76899
4.80871 2.9511
5.29648 2.9511
5.78425 2.99088
6.27203 3.03066
6.7598 3.07044
7.24757 3.11022
7.73535 3.14999
8.22312 3.18977
8.71089 3.22955
9.19867 3.26933
9.68644 3.30911
10.1742 3.34889
10.662 3.38867
11.1498 3.42845
11.6375 3.46823
12.1253 3.508
12.6131 3.54778
13.1009 3.58756
13.5886 3.62734
14.1079 3.62734
14.6272 3.63805
15.1465 3.64875
15.6658 3.65946
16.1851 3.67016
16.7044 3.68087
17.2237 3.69157
17.743 3.70228
18.2623 3.71299
18.7816 3.72369
19.3008 3.7344
19.802 3.7344
20.3031 3.74293
20.8043 3.75147
21.3054 3.76001
21.8065 3.76854
22.3077 3.77708
22.8088 3.78562
23.31 3.79415
23.8111 3.80269
24.3122 3.81123
24.8134 3.81976
25.3145 3.8283
25.8157 3.83684
26.3168 3.84537
26.8179 3.85391
27.0897 3.85391
27.3615 3.85391
29.8769 4.49357
32.3923 4.49357
34.9077 4.49357
37.4231 4.49357
39.9385 4.49357
42.4538 4.49357
44.9692 4.49357
47.4846 4.49357
50.0 4.49357
0.0 1.34042
0.490395 1.34042
0.98079 1.53102
1.47119 1.72161
1.96158 1.9122
2.45198 2.10279
2.94237 2.29338
3.43277 2.48398
3.92316 2.67457
4.41356 2.86516
4.90395 3.05575
5.418 3.05575
5.93205 3.06159
6.44611 3.06743
6.96016 3.07327
7.47421 3.07912
7.98826 3.08496
8.50232 3.0908
9.01637 3.09664
9.53042 3.10248
10.0445 3.10832
10.5585 3.11416
11.0726 3.12
11.5866 3.12584
12.1007 3.13168
12.6147 3.13753
13.1064 3.13753
13.598 3.17623
14.0897 3.21493
14.5813 3.25363
15.0729 3.29233
15.5646 3.33103
16.0562 3.36973
16.5479 3.40843
17.0395 3.44713
17.5311 3.48583
18.0228 3.52453
18.5144 3.56323
19.0061 3.60193
19.4977 3.64063
19.9893 3.67933
20.481 3.71803
20.9726 3.75673
21.4643 3.79543
21.9559 3.83413
22.4475 3.87283
22.9392 3.91153
23.4308 3.95023
23.9225 3.98893
24.4141 4.02763
24.9058 4.06633
25.398 4.06633
25.8903 4.09719
26.3826 4.12805
26.8749 4.1589
27.3672 4.18976
27.8595 4.22062
28.3518 4.25148
28.8441 4.28233
29.3364 4.31319
29.8287 4.34405
30.321 4.37491
30.8133 4.40576
31.3056 4.43662
31.7979 4.46748
32.2902 4.49833
32.8017 4.49833
33.3131 4.49833
33.8246 4.49833
34.3361 4.49833
34.8476 4.49833
35.359 4.49833
35.8705 4.49833
36.382 4.49833
36.8935 4.49833
37.405 4.49833
37.9164 4.49833
38.4279 4.49833
38.9394 4.49833
39.4509 4.49833
39.9623 4.49833
40.4738 4.49833
40.9853 4.49833
41.4968 4.49833
42.0082 4.49833
44.6722 4.63733
47.3361 4.63733
50.0 4.63733
0.0 1.35958
0.504529 1.35958
1.00906 1.52352
1.51359 1.68747
2.01812 1.85142
2.52265 2.01537
3.02717 2.17931
3.5317 2.34326
4.03623 2.50721
4.54076 2.67116
5.04529 2.83511
5.54982 2.99905
6.05888 2.99905
6.56795 3.03222
7.07701 3.06538
7.58607 3.09854
8.09513 3.13171
8.6042 3.16487
9.11326 3.19804
9.62232 3.2312
10.1314 3.26436
10.6404 3.29753
11.1495 3.33069
11.6586 3.36385
12.1676 3.39702
12.6767 3.43018
13.1858 3.46335
13.6948 3.49651
14.2039 3.52967
14.7129 3.56284
15.222 3.596
15.7186 3.596
16.2153 3.60844
16.7119 3.62088
17.2085 3.63332
17.7052 3.64576
18.2018 3.65819
18.6984 3.67063
19.195 3.68307
19.6917 3.69551
20.1883 3.70795
20.6849 3.72039
21.1674 3.72039
21.6499 3.72699
22.1323 3.7336
22.6148 3.74021
23.0973 3.74681
23.5798 3.75342
24.0622 3.76003
24.5447 3.76663
25.0272 3.77324
25.5096 3.77985
25.9921 3.78645
26.5967 3.78645
27.2014 3.78645
29.7346 4.45996
32.2677 4.45996
34.8009 4.45996
37.3341 4.45996
39.8673 4.45996
42.4005 4.45996
44.9336 4.45996
47.4668 4.45996
50.0 4.45996
0.0 1.29861
0.528186 1.29861
1.05637 1.51983
1.58456 1.74106
2.11274 1.96229
2.64093 2.18352
3.16911 2.40475
3.6973 2.62597
4.22549 2.8472
4.74888 2.8472
5.27227 2.88757
5.79566 2.92794
6.31906 2.96831
6.84245 3.00868
7.36584 3.04905
7.88924 3.08942
8.41263 3.12978
8.93602 3.17015
9.41267 3.17015
9.88931 3.22751
10.4006 3.22751
10.9119 3.26441
11.4231 3.30132
11.9344 3.33823
12.4457 3.37514
12.957 3.41205
13.4682 3.44896
13.9795 3.48587
14.4908 3.52278
15.0021 3.55968
15.5133 3.59659
16.0246 3.6335
16.5359 3.67041
17.0472 3.70732
17.5584 3.74423
18.0697 3.78114
18.5806 3.78114
19.0914 3.78114
19.6023 3.78114
20.1132 3.78114
20.624 3.78114
21.1349 3.78114
21.6457 3.78114
22.1566 3.78114
22.6675 3.78114
23.1783 3.78114
23.6892 3.78114
24.2001 3.78114
24.7109 3.78114
25.2218 3.78114
25.7326 3.78114
28.1594 4.44588
30.5861 4.44588
33.0128 4.44588
35.4396 4.44588
37.8663 4.44588
40.2931 4.44588
42.7198 4.44588
45.1465 4.44588
47.5733 4.44588
50.0 4.44588
0.0 1.30519
0.553023 1.30519
1.10605 1.67878
1.65907 2.05236
2.21209 2.42594
2.70026 2.42594
3.18843 2.50875
3.6766 2.59155
4.16477 2.67436
4.65294 2.75717
5.1411 2.83997
5.62927 2.92278
6.11744 3.00559
6.60561 3.08839
7.09378 3.1712
7.58195 3.254
8.07012 3.33681
8.56495 3.33681
9.05978 3.37151
9.55461 3.40622
10.0494 3.44092
10.5443 3.47562
11.0391 3.51033
11.5339 3.54503
12.0288 3.57973
12.5236 3.61444
13.0184 3.64914
13.5133 3.68384
14.0081 3.71855
14.5029 3.75325
14.9978 3.78795
15.4926 3.82266
15.9874 3.85736
16.4823 3.89206
16.9771 3.92677
17.4719 3.96147
17.9668 3.99617
18.4616 4.03088
18.9564 4.06558
19.449 4.06558
19.9416 4.09139
20.4342 4.11719
20.9268 4.143
21.4194 4.16881
21.912 4.19461
22.4046 4.22042
22.8972 4.24622
23.3898 4.27203
23.8824 4.29784
24.375 4.32364
24.8676 4.34945
25.3602 4.37526
25.8528 4.40106
26.3454 4.42687
26.838 4.45268
27.3306 4.47848
27.8357 4.47848
28.3408 4.47848
28.8459 4.47848
29.351 4.47848
29.8561 4.47848
30.3612 4.47848
30.8663 4.47848
31.3714 4.47848
31.8765 4.47848
32.3816 4.47848
32.8866 4.47848
33.3917 4.47848
33.8968 4.47848
34.4019 4.47848
34.907 4.47848
35.4121 4.47848
35.9172 4.47848
36.4223 4.47848
36.9274 4.47848
37.4325 4.47848
37.9376 4.47848
38.4427 4.47848
38.9477 4.47848
39.4528 4.47848
39.9579 4.47848
42.4684 4.6473
44.979 4.6473
47.4895 4.6473
50.0 4.6473
0.0 1.35322
0.52124 1.35322
1.04248 1.56641
1.56372 1.77961
2.08496 1.9928
2.6062 2.20599
3.12744 2.41919
3.64868 2.63238
4.16992 2.84558
4.69116 3.05877
5.18457 3.05877
5.67797 3.06372
6.17138 3.06867
6.66478 3.07363
7.15819 3.07858
7.65159 3.08353
8.14499 3.08848
8.6384 3.09344
9.1318 3.09839
9.62521 3.10334
10.1186 3.10829
10.612 3.11324
11.1054 3.1182
11.5988 3.12315
12.0922 3.1281
12.5856 3.13305
13.079 3.13801
13.5846 3.13801
14.0902 3.18079
14.5958 3.22358
15.1014 3.26636
15.607 3.30915
16.1126 3.35193
16.6182 3.39472
17.1238 3.4375
17.6294 3.48029
18.135 3.52308
18.6406 3.56586
19.1462 3.60865
19.6518 3.65143
20.1574 3.69422
20.663 3.737
21.1686 3.77979
21.6742 3.82258
22.1798 3.86536
22.6854 3.90815
23.191 3.95093
23.6966 3.99372
24.2022 4.0365
24.7078 4.07929
25.2078 4.07929
25.7077 4.1016
26.2076 4.12391
26.7075 4.14623
27.2074 4.16854
27.7073 4.19085
28.2072 4.21317
28.7071 4.23548
29.2071 4.25779
29.707 4.28011
30.2069 4.30242
30.7068 4.32473
31.2067 4.34705
31.7066 4.36936
32.2065 4.39167
32.7065 4.41399
33.2064 4.4363
33.7063 4.45861
34.2062 4.48093
34.7189 4.48093
35.2316 4.48093
35.7443 4.48093
36.257 4.48093
36.7697 4.48093
37.2824 4.48093
37.7951 4.48093
38.3078 4.48093
38.8205 4.48093
39.3331 4.48093
39.8458 4.48093
40.3585 4.48093
40.8712 4.48093
41.3839 4.48093
41.8966 4.48093
44.5978 4.57394
47.2989 4.57394
50.0 4.57394
0.0 1.42019
0.541567 1.42019
1.08313 1.68504
1.6247 1.94989
2.16627 2.21473
2.70783 2.47958
3.2329 2.47958
3.75797 2.59594
4.28304 2.71229
4.80811 2.82864
5.33318 2.94499
5.85825 3.06135
6.38332 3.1777
6.90839 3.29405
7.43346 3.41041
7.92996 3.41041
8.42645 3.43521
8.92295 3.46002
9.41945 3.48483
9.91595 3.50963
10.4124 3.53444
10.9089 3.55925
11.4054 3.58405
11.9019 3.60886
12.3984 3.63367
12.8949 3.65847
13.3914 3.68328
13.8879 3.70809
14.3844 3.73289
14.8809 3.7577
15.3774 3.78251
15.8739 3.80731
16.3704 3.83212
16.8669 3.85693
17.3634 3.88173
17.8599 3.90654
18.3564 3.93135
18.8529 3.95615
19.3494 3.98096
19.8459 4.00577
20.3424 4.03057
20.429 4.03057
20.93 4.45698
21.4309 4.45698
21.9319 4.45698
22.4329 4.45698
22.9339 4.45698
23.4349 4.45698
23.9359 4.45698
24.4369 4.45698
24.9379 4.45698
25.4388 4.45698
25.9398 4.45698
26.4408 4.45698
26.9418 4.45698
27.4428 4.45698
27.9438 4.45698
28.4448 4.45698
28.9458 4.45698
29.4468 4.45698
29.9477 4.45698
30.4487 4.45698
30.9497 4.45698
31.4507 4.45698
31.9517 4.45698
32.4527 4.45698
32.9537 4.45698
33.4547 4.45698
33.9556 4.45698
34.4566 4.45698
34.9576 4.45698
35.4586 4.45698
35.9596 4.45698
36.4606 4.45698
36.9616 4.45698
37.4626 4.45698
37.9636 4.45698
38.4645 4.45698
38.9655 4.45698
39.4665 4.45698
39.9675 4.45698
42.4756 4.67101
44.9838 4.67101
47.4919 4.67101
50.0 4.67101
0.0 1.32984
0.502784 1.32984
1.00557 1.54431
1.50835 1.75878
2.01114 1.97325
2.51392 2.18772
3.01671 2.40219
3.51949 2.61665
4.02227 2.83112
4.52506 3.04559
5.039 3.04559
5.55294 3.04663
6.06688 3.04767
6.58082 3.0487
7.09476 3.04974
7.60871 3.05078
8.12265 3.05181
8.63659 3.05285
9.15053 3.05389
9.66447 3.05492
10.1784 3.05596
10.6924 3.057
11.2063 3.05804
11.7202 3.05907
12.2342 3.06011
12.7481 3.06115
13.2621 3.06218
13.7679 3.06218
14.2737 3.11901
14.7794 3.17584
15.2852 3.23267
15.791 3.2895
16.2968 3.34633
16.8026 3.40316
17.3084 3.45999
17.8142 3.51682
18.32 3.57365
18.8258 3.63048
19.3316 3.68731
19.8374 3.74414
20.3432 3.80096
20.849 3.85779
21.3548 3.91462
21.8606 3.97145
22.3664 4.02828
22.8722 4.08511
23.378 4.14194
23.8893 4.14194
24.4006 4.16472
24.9119 4.1875
25.4232 4.21028
25.9346 4.23306
26.4459 4.25584
26.9572 4.27862
27.4685 4.3014
27.9798 4.32418
28.4912 4.34696
29.0025 4.36974
29.5138 4.39252
30.0251 4.4153
30.5365 4.43809
31.0478 4.46087
31.5591 4.48365
32.0522 4.48365
32.5454 4.48365
33.0385 4.48365
33.5316 4.48365
34.0248 4.48365
34.5179 4.48365
35.011 4.48365
35.5042 4.48365
35.9973 4.48365
36.4904 4.48365
36.9836 4.48365
37.4767 4.48365
37.9698 4.48365
38.463 4.48365
38.9561 4.48365
39.4492 4.48365
39.9424 4.48365
40.4355 4.48365
40.9286 4.48365
41.4217 4.48365
41.9149 4.48365
44.6099 4.57069
47.305 4.57069
50.0 4.57069
0.0 1.33691
0.511729 1.33691
1.02346 1.53881
1.53519 1.74072
2.04692 1.94263
2.55865 2.14454
3.07037 2.34645
3.5821 2.54836
4.09383 2.75027
4.60556 2.95218
5.1139 2.95218
5.62223 2.96583
6.13057 2.97948
6.6389 2.99314
7.14724 3.00679
7.65558 3.02044
8.16391 3.0341
8.67225 3.04775
9.18058 3.06141
9.68892 3.07506
10.1973 3.08871
10.7056 3.10237
11.2139 3.11602
11.7223 3.12967
12.2306 3.14333
12.7389 3.15698
13.2237 3.15698
13.7084 3.18461
14.1932 3.21223
14.6779 3.23986
15.1626 3.26749
15.6474 3.29511
16.1321 3.32274
16.6065 3.32274
17.0809 3.38529
17.5552 3.44784
18.0296 3.51039
18.504 3.57294
18.9783 3.6355
19.4527 3.69805
19.9271 3.7606
20.4314 3.7606
20.9357 3.7606
21.44 3.7606
21.9443 3.7606
22.4486 3.7606
22.9529 3.7606
23.4572 3.7606
23.9615 3.7606
24.4658 3.7606
24.9701 3.7606
25.4744 3.7606
25.9787 3.7606
28.3809 4.51497
30.783 4.51497
33.1851 4.51497
35.5872 4.51497
37.9894 4.51497
40.3915 4.51497
42.7936 4.51497
45.1957 4.51497
47.5979 4.51497
50.0 4.51497
0.0 1.28155
0.48908 1.28155
0.97816 1.50285
1.46724 1.72415
1.95632 1.94544
2.4454 2.16674
2.93448 2.38804
3.42356 2.60934
3.91264 2.83064
4.40172 3.05194
4.91545 3.05194
5.42918 3.05967
5.94291 3.06739
6.45664 3.07512
6.97036 3.08284
7.48409 3.09056
7.99782 3.09829
8.51155 3.10601
9.02528 3.11374
9.53901 3.12146
10.0527 3.12918
10.5665 3.13691
11.0802 3.14463
11.5939 3.15236
12.1076 3.16008
12.6214 3.1678
13.1337 3.1678
13.646 3.22699
14.1584 3.28618
14.6707 3.34537
15.183 3.40456
15.6954 3.46376
16.2077 3.52295
16.72 3.58214
17.2324 3.64133
17.7447 3.70052
18.257 3.75971
18.7694 3.8189
19.2817 3.87809
19.7941 3.93728
20.3064 3.99647
20.8187 4.05566
21.3142 4.05566
21.8097 4.07131
22.3052 4.08697
22.8007 4.10262
23.2962 4.11828
23.7916 4.13393
24.2871 4.14959
24.7826 4.16524
25.2781 4.1809
25.7736 4.19655
26.2691 4.21221
26.7646 4.22786
27.2601 4.24352
27.7556 4.25917
28.251 4.27483
28.7465 4.29048
29.242 4.30614
29.7375 4.32179
30.233 4.33745
30.7285 4.3531
31.224 4.36876
31.7195 4.38441
32.215 4.40007
32.7104 4.41572
33.2059 4.43138
33.7014 4.44703
34.1969 4.46269
34.6827 4.46269
35.1684 4.46269
35.6542 4.46269
36.1399 4.46269
36.6257 4.46269
37.1115 4.46269
37.5972 4.46269
38.083 4.46269
38.5687 4.46269
39.0545 4.46269
39.5402 4.46269
40.026 4.46269
40.5118 4.46269
40.9975 4.46269
41.4833 4.46269
41.969 4.46269
44.646 4.58029
47.323 4.58029
50.0 4.58029
0.0 1.16046
0.504137 1.16046
1.00827 1.46987
1.51241 1.77929
2.01655 2.08871
2.52068 2.39813
3.02482 2.70755
3.52896 3.01697
4.04578 3.01697
4.56261 2.90326
5.05617 2.90326
5.54972 2.9111
6.04328 2.91895
6.53684 2.92679
7.0304 2.93463
7.52395 2.94247
8.01751 2.95032
8.51107 2.95816
9.00462 2.966
9.49818 2.97384
9.99174 2.98169
10.4853 2.98953
10.9789 2.99737
11.4724 3.00521
11.966 3.01306
12.4595 3.0209
12.9531 3.02874
13.4943 3.02874
14.0355 3.18041
14.5767 3.33207
15.1179 3.48373
15.6214 3.48373
16.125 3.48373
16.6285 3.48373
17.1321 3.48373
17.6356 3.48373
18.1391 3.48373
18.6427 3.48373
19.1462 3.48373
21.7174 4.57947
24.2885 4.57947
26.8597 4.57947
29.4308 4.57947
32.002 4.57947
34.5731 4.57947
37.1443 4.57947
39.7154 4.57947
42.2866 4.57947
44.8577 4.57947
47.4289 4.57947
50.0 4.57947
0.0 1.11682
0.479657 1.11682
0.959313 1.43279
1.43897 1.74877
1.91863 2.06474
2.39828 2.38072
2.87794 2.69669
3.3576 3.01266
3.88128 3.01266
4.40496 2.98181
4.92865 2.95097
5.45233 2.92012
5.97602 2.88927
6.4997 2.85842
6.99692 2.85842
7.49413 2.87575
7.99135 2.89309
8.48857 2.91042
8.98579 2.92776
9.483 2.94509
9.98022 2.96243
10.4774 2.97976
10.9747 2.9971
11.4719 3.01443
11.9691 3.03176
12.4663 3.0491
12.9635 3.06643
13.4607 3.08377
13.9936 3.08377
14.5264 3.17185
15.0592 3.25993
15.592 3.34801
16.1248 3.43609
16.6576 3.52417
17.1485 3.52417
17.6394 3.52417
18.1303 3.52417
18.6212 3.52417
19.112 3.52417
21.686 4.52307
24.26 4.52307
26.834 4.52307
29.408 4.52307
31.982 4.52307
34.556 4.52307
37.13 4.52307
39.704 4.52307
42.278 4.52307
44.852 4.52307
47.426 4.52307
50.0 4.52307
0.0 1.17732
0.511822 1.17732
1.02364 1.55309
1.53547 1.92885
2.04729 2.30461
2.55911 2.68038
3.07093 3.05614
3.57611 3.05614
4.08128 3.01211
4.58646 2.96807
5.09163 2.92404
5.59681 2.88001
6.10198 2.83597
6.595 2.83597
7.08802 2.88418
7.58104 2.93238
8.07405 2.98058
8.56707 3.02879
9.06009 3.07699
9.5531 3.12519
10.0461 3.1734
10.532 3.1734
11.0178 3.20023
11.5037 3.22706
11.9895 3.25389
12.4754 3.28073
12.9612 3.30756
13.4471 3.33439
13.9329 3.36122
14.4188 3.38806
14.9047 3.41489
15.3905 3.44172
15.8764 3.46855
16.3622 3.49539
16.8481 3.52222
17.3339 3.54905
17.7745 3.54905
18.2152 3.54905
18.6558 3.54905
19.0964 3.54905
21.6717 4.57069
24.247 4.57069
26.8223 4.57069
29.3976 4.57069
31.9729 4.57069
34.5482 4.57069
37.1235 4.57069
39.6988 4.57069
42.2741 4.57069
44.8494 4.57069
47.4247 4.57069
50.0 4.57069
0.0 1.3644
0.481119 1.3644
0.962239 1.60169
1.44336 1.83898
1.92448 2.07628
2.4056 2.31357
2.88672 2.55086
3.36784 2.78816
3.84896 3.02545
4.36058 3.02545
4.87221 3.03534
5.38384 3.04523
5.89547 3.05512
6.4071 3.06502
6.91873 3.07491
7.43036 3.0848
7.94199 3.09469
8.45362 3.10459
8.96524 3.11448
9.47687 3.12437
9.9885 3.13426
10.5001 3.14415
11.0118 3.15405
11.5234 3.16394
12.035 3.17383
12.5466 3.18372
13.0583 3.19361
13.5699 3.20351
14.0815 3.2134
14.5772 3.2134
15.0729 3.32278
15.5686 3.43215
16.0643 3.54153
16.56 3.6509
17.0557 3.76028
17.5514 3.86966
18.0471 3.97903
18.5428 4.08841
19.0431 4.08841
19.5434 4.10516
20.0437 4.1219
20.544 4.13865
21.0442 4.1554
21.5445 4.17215
22.0448 4.18889
22.5451 4.20564
23.0454 4.22239
23.5457 4.23914
24.046 4.25588
24.5463 4.27263
25.0466 4.28938
25.5469 4.30613
26.0471 4.32287
26.5479 4.32287
27.0486 4.32287
27.5493 4.32287
28.05 4.32287
28.5507 4.32287
29.0515 4.32287
29.5522 4.32287
30.0529 4.32287
30.5536 4.32287
31.0544 4.32287
31.5551 4.32287
32.0558 4.32287
32.5565 4.32287
33.0572 4.32287
33.558 4.32287
34.0587 4.32287
34.5594 4.32287
35.0601 4.32287
35.5608 4.32287
36.0616 4.32287
36.5623 4.32287
37.063 4.32287
37.5637 4.32287
38.0645 4.32287
38.5652 4.32287
39.0659 4.32287
39.5666 4.32287
40.0673 4.32287
40.5681 4.32287
41.0688 4.32287
41.5695 4.32287
42.0702 4.32287
44.7135 4.58098
47.3567 4.58098
50.0 4.58098
0.0 1.12366
0.477874 1.12366
0.955748 1.50504
1.43362 1.88641
1.9115 2.26779
2.38937 2.64917
2.86724 3.03054
3.32684 3.03054
3.78643 2.99916
4.24602 2.96779
4.70562 2.93641
5.16521 2.90503
5.62481 2.87366
6.14329 2.87366
6.66178 2.96899
7.18027 3.06433
7.69875 3.15967
8.19126 3.15967
8.68377 3.19463
9.17629 3.2296
9.6688 3.26457
10.1613 3.29953
10.6538 3.3345
11.1463 3.36947
11.6388 3.40443
12.1314 3.4394
12.6239 3.47437
13.1228 3.47437
13.6217 3.47437
14.1206 3.47437
14.6195 3.47437
15.1184 3.47437
15.6173 3.47437
16.1162 3.47437
16.6151 3.47437
17.1139 3.47437
17.6128 3.47437
18.1117 3.47437
18.6106 3.47437
21.0252 4.56865
23.4398 4.56865
25.8543 4.56865
28.2689 4.56865
30.6835 4.56865
33.098 4.56865
35.5126 4.56865
37.9272 4.56865
40.3417 4.56865
42.7563 4.56865
45.1709 4.56865
47.5854 4.56865
50.0 4.56865
0.0 1.28806
0.50103 1.28806
1.00206 1.50797
1.50309 1.72788
2.00412 1.9478
2.50515 2.16771
3.00618 2.38762
3.50721 2.60753
4.00824 2.82744
4.49704 2.82744
4.98585 2.84182
5.47465 2.85619
5.96346 2.87057
6.45226 2.88494
6.94107 2.89931
7.42987 2.91369
7.91867 2.92806
8.40748 2.94244
8.89628 2.95681
9.38509 2.97118
9.87389 2.98556
10.3627 2.99993
10.8515 3.01431
11.3403 3.02868
11.8291 3.04305
12.3179 3.05743
12.8067 3.0718
13.2925 3.0718
13.7782 3.11574
14.264 3.15969
14.7497 3.20363
15.2355 3.24757
15.7212 3.29151
16.2069 3.33545
16.6927 3.3794
17.1784 3.42334
17.6642 3.46728
18.1591 3.46728
18.654 3.53316
19.1488 3.59905
19.6437 3.66493
20.1386 3.73081
20.6335 3.79669
21.113 3.79669
21.5926 3.79669
22.0722 3.79669
22.5518 3.79669
23.0314 3.79669
23.5109 3.79669
23.9905 3.79669
24.4701 3.79669
24.9497 3.79669
25.4293 3.79669
25.9088 3.79669
28.318 4.51699
30.7271 4.51699
33.1362 4.51699
35.5453 4.51699
37.9544 4.51699
40.3635 4.51699
42.7727 4.51699
45.1818 4.51699
47.5909 4.51699
50.0 4.51699
0.0 1.16218
0.516477 1.16218
1.03295 1.51793
1.54943 1.87367
2.06591 2.22941
2.58239 2.58515
3.09886 2.94089
3.57334 2.94089
4.04781 2.93131
4.52229 2.92172
4.99676 2.91214
5.47124 2.90255
5.94571 2.89296
6.42019 2.88338
6.91726 2.88338
7.41432 2.94477
7.91139 3.00617
8.40846 3.06757
8.90553 3.12897
9.4026 3.19037
9.92113 3.19037
10.4397 3.23128
10.9582 3.27218
11.4767 3.31309
11.9953 3.354
12.5138 3.39491
13.0324 3.43581
13.5509 3.47672
14.0597 3.47672
14.5686 3.47672
15.0774 3.47672
15.5863 3.47672
16.0951 3.47672
16.604 3.47672
17.1128 3.47672
17.6217 3.47672
18.1305 3.47672
18.6393 3.47672
21.0517 4.59313
23.4641 4.59313
25.8764 4.59313
28.2888 4.59313
30.7011 4.59313
33.1135 4.59313
35.5259 4.59313
37.9382 4.59313
40.3506 4.59313
42.7629 4.59313
45.1753 4.59313
47.5876 4.59313
50.0 4.59313
0.0 1.32223
0.513335 1.32223
1.02667 1.54967
1.54 1.77711
2.05334 2.00455
2.56667 2.232
3.08001 2.45944
3.59334 2.68688
4.10481 2.68688
4.61627 2.7111
5.12774 2.73532
5.6392 2.75954
6.15067 2.78376
6.66213 2.80798
7.17359 2.8322
7.68506 2.85643
8.19652 2.88065
8.70799 2.90487
9.21945 2.92909
9.73092 2.95331
10.2424 2.97753
10.7538 3.00175
11.2735 3.00175
11.7932 3.04673
12.3129 3.09171
12.8326 3.1367
13.3523 3.18168
13.872 3.22666
14.3917 3.27165
14.9114 3.31663
15.4311 3.36161
15.9508 3.4066
16.4705 3.45158
16.9446 3.45158
17.4187 3.56617
17.8928 3.68076
18.3668 3.79535
18.8572 3.79535
19.3475 3.79535
19.8378 3.79535
20.3282 3.79535
20.8185 3.79535
21.3088 3.79535
21.7992 3.79535
22.2895 3.79535
22.7798 3.79535
23.2702 3.79535
23.7605 3.79535
24.2508 3.79535
24.7412 3.79535
25.2315 3.79535
25.7218 3.79535
28.1496 4.4717
30.5775 4.4717
33.0053 4.4717
35.4331 4.4717
37.8609 4.4717
40.2887 4.4717
42.7165 4.4717
45.1444 4.4717
47.5722 4.4717
50.0 4.4717
0.0 1.10847
0.507022 1.10847
1.01404 1.47058
1.52107 1.83268
2.02809 2.19479
2.53511 2.5569
3.04213 2.919
3.41724 2.919
3.79235 2.85169
4.26832 2.85169
4.74428 2.88397
5.22025 2.91626
5.69622 2.94854
6.17219 2.98082
6.64816 3.0131
7.12412 3.04538
7.60009 3.07766
8.07606 3.10994
8.56242 3.10994
9.04879 3.12844
9.53515 3.14694
10.0215 3.16544
10.5079 3.18395
10.9942 3.20245
11.4806 3.22095
11.967 3.23945
12.4533 3.25795
12.9397 3.27645
13.4261 3.29495
13.9124 3.31345
14.3988 3.33195
14.8851 3.35045
15.3715 3.36895
15.8579 3.38745
16.3442 3.40595
16.7981 3.40595
17.252 3.40595
17.7059 3.40595
18.1598 3.40595
18.6137 3.40595
21.0281 4.51438
23.4424 4.51438
25.8567 4.51438
28.271 4.51438
30.6854 4.51438
33.0997 4.51438
35.514 4.51438
37.9284 4.51438
40.3427 4.51438
42.757 4.51438
45.1713 4.51438
47.5857 4.51438
50.0 4.51438
0.0 1.09213
0.474335 1.09213
0.94867 1.39741
1.42301 1.70269
1.89734 2.00797
2.37168 2.31325
2.84601 2.61853
3.32035 2.92381
3.83411 2.92381
4.34788 2.92361
4.86165 2.92342
5.37541 2.92322
5.88918 2.92302
6.40294 2.92282
6.89033 2.92282
7.37772 2.95897
7.86511 2.99512
8.3525 3.03127
8.83988 3.06742
9.32727 3.10357
9.83712 3.10357
10.347 3.12749
10.8568 3.15141
11.3667 3.17533
11.8765 3.19924
12.3864 3.22316
12.8962 3.24708
13.406 3.271
13.9159 3.29491
14.4257 3.31883
14.9356 3.34275
15.4454 3.36667
15.9553 3.39058
16.4969 3.39058
17.0385 3.39058
17.5801 3.39058
18.1217 3.39058
18.6633 3.39058
21.0738 4.50967
23.4843 4.50967
25.8949 4.50967
28.3054 4.50967
30.7159 4.50967
33.1264 4.50967
35.5369 4.50967
37.9474 4.50967
40.3579 4.50967
42.7685 4.50967
45.179 4.50967
47.5895 4.50967
50.0 4.50967
0.0 1.16719
0.470131 1.16719
0.940263 1.44927
1.41039 1.73135
1.88053 2.01344
2.35066 2.29552
2.82079 2.5776
3.29092 2.85969
3.81568 2.85969
4.34045 2.87169
4.86521 2.88369
5.38997 2.89569
5.91473 2.90769
6.4395 2.91969
6.96426 2.93169
7.5266 2.93169
8.08895 3.00348
8.65129 3.07527
9.21364 3.14707
9.68404 3.14707
10.1544 3.1864
10.6249 3.22573
11.0953 3.26507
11.5657 3.3044
12.0361 3.34373
12.5419 3.34373
13.0478 3.34373
13.5537 3.34373
14.0595 3.34373
14.5654 3.34373
15.0712 3.34373
15.5771 3.34373
16.083 3.34373
16.5888 3.34373
17.0947 3.34373
17.6005 3.34373
18.1064 3.34373
18.6123 3.34373
21.0267 4.48087
23.4411 4.48087
25.8556 4.48087
28.27 4.48087
30.6845 4.48087
33.0989 4.48087
35.5133 4.48087
37.9278 4.48087
40.3422 4.48087
42.7567 4.48087
45.1711 4.48087
47.5856 4.48087
50.0 4.48087
0.0 1.12923
0.469846 1.12923
0.939693 1.36056
1.40954 1.59189
1.87939 1.82322
2.34923 2.05455
2.81908 2.28588
3.28893 2.51721
3.75877 2.74854
4.2798 2.74854
4.80082 2.78395
5.32185 2.81937
5.84288 2.85478
6.3639 2.8902
6.88493 2.92561
7.40595 2.96103
7.92698 2.99644
8.42465 2.99644
8.92231 3.01777
9.41998 3.03909
9.91765 3.06042
10.4153 3.08174
10.913 3.10306
11.4107 3.12439
11.9083 3.14571
12.406 3.16703
12.9037 3.18836
13.4013 3.20968
13.899 3.231
14.3967 3.25233
14.8943 3.27365
15.392 3.29497
15.8897 3.3163
16.3873 3.33762
16.885 3.35895
17.4017 3.35895
17.9185 3.41631
18.4352 3.47367
18.9519 3.53104
19.4687 3.5884
19.9854 3.64577
20.5021 3.70313
21.0188 3.76049
21.5356 3.81786
22.0395 3.81786
22.5434 3.81786
23.0474 3.81786
23.5513 3.81786
24.0552 3.81786
24.5592 3.81786
25.0631 3.81786
25.5671 3.81786
28.0103 4.49529
30.4536 4.49529
32.8969 4.49529
35.3402 4.49529
37.7835 4.49529
40.2268 4.49529
42.6701 4.49529
45.1134 4.49529
47.5567 4.49529
50.0 4.49529
0.0 1.22834
0.501739 1.22834
1.00348 1.49947
1.50522 1.7706
2.00696 2.04173
2.5087 2.31286
3.01043 2.58399
3.51217 2.85512
4.01973 2.85512
4.5273 2.86729
5.03486 2.87946
5.54242 2.89163
6.04998 2.9038
6.55754 2.91597
7.0651 2.92814
7.57266 2.94031
8.08022 2.95248
8.58779 2.96466
8.9065 2.96466
9.22521 3.15038
9.7343 3.15038
10.2434 3.16501
10.7525 3.17964
11.2615 3.19427
11.7706 3.20891
12.2797 3.22354
12.7888 3.23817
13.2979 3.2528
13.807 3.26743
14.316 3.28206
14.7998 3.28206
15.2835 3.28206
15.7672 3.28206
16.251 3.28206
16.7347 3.28206
17.2185 3.28206
17.7022 3.28206
18.1859 3.28206
18.6697 3.28206
21.0797 4.55635
23.4897 4.55635
25.8997 4.55635
28.3098 4.55635
30.7198 4.55635
33.1298 4.55635
35.5398 4.55635
37.9499 4.55635
40.3599 4.55635
42.7699 4.55635
45.1799 4.55635
47.59 4.55635
50.0 4.55635
0.0 1.24271
0.517266 1.24271
1.03453 1.47894
1.5518 1.71516
2.06906 1.95139
2.58633 2.18761
3.10359 2.42384
3.62086 2.66006
4.13812 2.89628
4.65539 3.13251
5.13708 3.13251
5.61877 3.16843
6.10045 3.20435
6.58214 3.24027
7.06383 3.2762
7.54552 3.31212
8.0272 3.34804
8.50889 3.38396
8.99058 3.41989
9.47227 3.45581
9.9721 3.45581
10.4719 3.46776
10.9718 3.47971
11.4716 3.49166
11.9714 3.50361
12.4712 3.51555
12.9711 3.5275
13.4709 3.53945
13.9707 3.5514
14.4705 3.56335
14.9704 3.5753
15.4702 3.58725
15.97 3.5992
16.4699 3.61115
16.9697 3.6231
17.4695 3.63505
17.9693 3.647
18.4692 3.65895
18.969 3.6709
19.4688 3.68285
19.9687 3.6948
20.4685 3.70675
20.9683 3.71869
21.505 3.71869
22.0417 3.73864
22.5783 3.75859
23.115 3.77854
23.6517 3.79849
24.1276 3.79849
24.6036 3.79849
25.0795 3.79849
25.5555 3.79849
26.0314 3.79849
26.5074 3.79849
26.9833 3.79849
29.5407 4.56119
32.0981 4.56119
34.6556 4.56119
37.213 4.56119
39.7704 4.56119
42.3278 4.56119
44.8852 4.56119
47.4426 4.56119
50.0 4.56119
0.0 1.28315
0.494823 1.28315
0.989646 1.46739
1.48447 1.65163
1.97929 1.83587
2.47411 2.02011
2.96894 2.20435
3.46376 2.38859
3.95858 2.57283
4.45341 2.75707
4.94823 2.94131
5.44305 3.12555
5.95643 3.12555
6.4698 3.16184
6.98317 3.19813
7.49655 3.23442
8.00992 3.27071
8.52329 3.307
9.03667 3.34329
9.55004 3.37958
10.0634 3.41587
10.5768 3.45216
11.0902 3.48845
11.6035 3.52474
12.0935 3.52474
12.5835 3.53653
13.0734 3.54832
13.5634 3.56012
14.0533 3.57191
14.5433 3.5837
15.0333 3.5955
15.5232 3.60729
16.0132 3.61909
16.5032 3.63088
16.9931 3.64267
17.4831 3.65447
17.973 3.66626
18.463 3.67805
18.953 3.68985
19.4429 3.70164
19.9329 3.71343
20.4228 3.72523
20.9128 3.73702
21.4028 3.74882
21.9184 3.74882
22.4339 3.76272
22.9495 3.77663
23.4651 3.79054
23.9807 3.80445
24.4713 3.80445
24.9619 3.80445
25.4525 3.80445
25.9431 3.80445
26.4337 3.80445
26.9244 3.80445
29.4883 4.50146
32.0523 4.50146
34.6162 4.50146
37.1802 4.50146
39.7442 4.50146
42.3081 4.50146
44.8721 4.50146
47.436 4.50146
50.0 4.50146
0.0 1.12802
0.520387 1.12802
1.04077 1.40301
1.56116 1.67801
2.08155 1.95301
2.60194 2.22801
3.12232 2.503
3.64271 2.778
4.17282 2.778
4.70292 2.80483
5.23302 2.83165
5.76313 2.85848
6.29323 2.8853
6.82334 2.91213
7.35344 2.93895
7.88355 2.96578
8.3917 2.96578
8.89985 2.9938
9.408 3.02183
9.91615 3.04986
10.4243 3.07788
10.9324 3.10591
11.4406 3.13393
11.9487 3.16196
12.4569 3.18999
12.965 3.21801
13.4732 3.24604
13.9813 3.27406
14.4895 3.30209
14.9976 3.33012
15.5058 3.35814
16.0139 3.38617
16.4928 3.38617
16.9717 3.45915
17.4506 3.53213
17.9294 3.60511
18.4083 3.67809
18.8872 3.75107
19.366 3.82405
19.8603 3.82405
20.3546 3.82405
20.8488 3.82405
21.3431 3.82405
21.8374 3.82405
22.3316 3.82405
22.8259 3.82405
23.3201 3.82405
23.8144 3.82405
24.3087 3.82405
24.8029 3.82405
25.2972 3.82405
25.7915 3.82405
28.2123 4.42995
30.6332 4.42995
33.054 4.42995
35.4749 4.42995
37.8957 4.42995
40.3166 4.42995
42.7374 4.42995
45.1583 4.42995
47.5791 4.42995
50.0 4.42995
0.0 1.31314
0.481334 1.31314
0.962669 1.49438
1.444 1.67561
1.92534 1.85685
2.40667 2.03808
2.88801 2.21932
3.36934 2.40055
3.85068 2.58179
4.33201 2.76302
4.81334 2.94426
5.29468 3.1255
5.80325 3.1255
6.31183 3.14333
6.8204 3.16116
7.32897 3.17899
7.83755 3.19683
8.34612 3.21466
8.8547 3.23249
9.36327 3.25032
9.87184 3.26815
10.3804 3.28599
10.889 3.30382
11.3976 3.32165
11.9061 3.33948
12.4147 3.35732
12.9233 3.37515
13.4319 3.39298
13.9404 3.41081
14.449 3.42865
14.9576 3.44648
15.4662 3.46431
15.9593 3.46431
16.4525 3.49213
16.9456 3.51994
17.4388 3.54776
17.9319 3.57557
18.4251 3.60339
18.9182 3.6312
19.4114 3.65902
19.9045 3.68683
20.3977 3.71465
20.8908 3.74246
21.384 3.77028
21.8594 3.77028
22.3349 3.79197
22.8103 3.81367
23.2858 3.83536
23.7613 3.85705
24.2367 3.87874
24.7826 3.87874
25.3285 3.87874
25.8744 3.87874
26.4203 3.87874
26.9661 3.87874
29.5255 4.58959
32.0848 4.58959
34.6441 4.58959
37.2034 4.58959
39.7627 4.58959
42.322 4.58959
44.8814 4.58959
47.4407 4.58959
50.0 4.58959
0.0 1.237
0.498335 1.237
0.99667 1.52085
1.49501 1.8047
1.99334 2.08855
2.49168 2.3724
2.99001 2.65625
3.48835 2.9401
3.971 2.9401
4.45365 2.94968
4.9363 2.95926
5.41895 2.96885
5.9016 2.97843
6.38425 2.98801
6.8669 2.99759
7.34955 3.00718
7.8322 3.01676
8.31485 3.02634
8.7975 3.03592
9.30696 3.03592
9.81642 3.03418
10.3259 3.03243
10.8353 3.03068
11.3448 3.02893
11.8143 3.02893
12.2838 3.07724
12.7532 3.12555
13.2227 3.17386
13.6922 3.22217
14.1617 3.27048
14.6312 3.31878
15.1382 3.31878
15.6452 3.31878
16.1522 3.31878
16.6592 3.31878
17.1662 3.31878
17.6732 3.31878
18.1802 3.31878
18.6872 3.31878
21.0959 4.5044
23.5045 4.5044
25.9132 4.5044
28.3219 4.5044
30.7306 4.5044
33.1393 4.5044
35.5479 4.5044
37.9566 4.5044
40.3653 4.5044
42.774 4.5044
45.1826 4.5044
47.5913 4.5044
50.0 4.5044
0.0 1.32686
0.477674 1.32686
0.955348 1.5229
1.43302 1.71893
1.9107 1.91496
2.38837 2.11099
2.86604 2.30703
3.34372 2.50306
3.82139 2.69909
4.29907 2.89512
4.77674 3.09116
5.28389 3.09116
5.79103 3.10579
6.29818 3.12042
6.80533 3.13505
7.31247 3.14968
7.81962 3.16431
8.32676 3.17894
8.83391 3.19357
9.34106 3.2082
9.8482 3.22283
10.3553 3.23746
10.8625 3.25209
11.3696 3.26672
11.8768 3.28135
12.3839 3.29598
12.8911 3.31061
13.3982 3.32524
13.9054 3.33987
14.4125 3.3545
14.9197 3.36913
15.4268 3.38376
15.934 3.39839
16.4411 3.41302
16.935 3.41302
17.4289 3.45262
17.9228 3.49221
18.4166 3.5318
18.9105 3.57139
19.4044 3.61099
19.8983 3.65058
20.3922 3.69017
20.8861 3.72977
21.38 3.76936
21.8738 3.80895
22.4048 3.80895
22.9357 3.82444
23.4666 3.83993
23.9975 3.85542
24.5285 3.87092
25.0594 3.88641
25.5903 3.9019
26.1213 3.91739
26.5532 3.91739
26.9852 3.91739
29.5424 4.63658
32.0996 4.63658
34.6568 4.63658
37.214 4.63658
39.7712 4.63658
42.3284 4.63658
44.8856 4.63658
47.4428 4.63658
50.0 4.63658
0.0 1.13741
0.513238 1.13741
1.02648 1.3795
1.53971 1.62158
2.05295 1.86366
2.56619 2.10575
3.07943 2.34783
3.59267 2.58991
4.10591 2.832
4.59035 2.832
5.07478 2.85488
5.55922 2.87776
6.04366 2.90064
6.5281 2.92352
7.01254 2.9464
7.49698 2.96929
7.98142 2.99217
8.46586 3.01505
8.95182 3.01505
9.43777 3.03853
9.92373 3.06201
10.4097 3.0855
10.8956 3.10898
11.3816 3.13246
11.8676 3.15594
12.3535 3.17943
12.8395 3.20291
13.3254 3.22639
13.8114 3.24987
14.2973 3.27336
14.7833 3.29684
15.2693 3.32032
15.7887 3.32032
16.3081 3.37185
16.8275 3.42338
17.3469 3.4749
17.8663 3.52643
18.3857 3.57796
18.9051 3.62949
19.4245 3.68101
19.9439 3.73254
20.4633 3.78407
20.9827 3.8356
21.5021 3.88712
21.9831 3.88712
22.4641 3.88712
22.9451 3.88712
23.4261 3.88712
23.9071 3.88712
24.3881 3.88712
24.8691 3.88712
25.3501 3.88712
25.8311 3.88712
28.248 4.41991
30.6649 4.41991
33.0818 4.41991
35.4987 4.41991
37.9156 4.41991
40.3325 4.41991
42.7493 4.41991
45.1662 4.41991
47.5831 4.41991
50.0 4.41991
0.0 1.2854
0.503001 1.2854
1.006 1.54612
1.509 1.80683
2.01201 2.06754
2.51501 2.32826
3.01801 2.58897
3.52101 2.84968
4.02401 3.11039
4.51704 3.11039
5.01007 3.12275
5.5031 3.1351
5.99613 3.14746
6.48916 3.15981
6.98219 3.17216
7.47522 3.18452
7.96825 3.19687
8.46128 3.20923
8.95431 3.22158
9.44734 3.23393
9.94037 3.24629
10.4334 3.25864
10.9264 3.27099
11.4195 3.28335
11.9125 3.2957
12.4055 3.30806
12.8973 3.30806
13.3892 3.35597
13.881 3.40388
14.3728 3.45179
14.8646 3.4997
15.3564 3.54761
15.8482 3.59552
16.3401 3.64343
16.8319 3.69134
17.3237 3.73925
17.8155 3.78716
18.3073 3.83507
18.7991 3.88298
19.2909 3.93089
19.7828 3.9788
20.2746 4.02671
20.7664 4.07462
21.2582 4.12253
21.75 4.17044
22.2418 4.21835
22.7492 4.21835
23.2566 4.23003
23.764 4.2417
24.2714 4.25337
24.7788 4.26504
25.2862 4.27672
25.7936 4.28839
26.301 4.30006
26.8084 4.31174
27.3158 4.32341
27.8232 4.33508
28.3306 4.34675
28.838 4.35843
29.3454 4.3701
29.8528 4.38177
30.3602 4.39344
30.8676 4.40512
31.375 4.41679
31.8824 4.42846
32.3898 4.44013
32.8972 4.45181
33.4046 4.46348
33.912 4.47515
34.4194 4.48683
34.9268 4.4985
35.4446 4.4985
35.9624 4.4985
36.4802 4.4985
36.998 4.4985
37.5158 4.4985
38.0336 4.4985
38.5514 4.4985
39.0692 4.4985
39.587 4.4985
40.1048 4.4985
40.6226 4.4985
41.1404 4.4985
41.6582 4.4985
42.176 4.4985
44.784 4.52574
47.392 4.52574
50.0 4.52574
0.0 1.35164
0.520624 1.35164
1.04125 1.52836
1.56187 1.70508
2.0825 1.8818
2.60312 2.05852
3.12375 2.23524
3.64437 2.41196
4.16499 2.58869
4.68562 2.76541
5.20624 2.94213
5.72687 3.11885
6.23911 3.11885
6.75136 3.1317
7.2636 3.14455
7.77584 3.15741
8.28809 3.17026
8.80033 3.18311
9.31258 3.19597
9.82482 3.20882
10.3371 3.22167
10.8493 3.23453
11.3616 3.24738
11.8738 3.26023
12.386 3.27309
12.8983 3.28594
13.4105 3.29879
13.9228 3.31164
14.435 3.3245
14.9473 3.33735
15.4595 3.3502
15.9717 3.36306
16.4948 3.36306
17.0179 3.41216
17.541 3.46126
18.064 3.51036
18.5871 3.55946
19.1102 3.60856
19.6333 3.65766
20.1563 3.70676
20.6794 3.75586
21.1572 3.75586
21.635 3.76296
22.1128 3.77006
22.5906 3.77717
23.0684 3.78427
23.5462 3.79138
24.024 3.79848
24.5018 3.80558
24.9796 3.81269
25.4574 3.81979
25.9352 3.82689
26.4665 3.82689
26.9977 3.82689
29.5535 4.65558
32.1094 4.65558
34.6652 4.65558
37.221 4.65558
39.7768 4.65558
42.3326 4.65558
44.8884 4.65558
47.4442 4.65558
50.0 4.65558
0.0 1.42288
0.522928 1.42288
1.04586 1.60958
1.56878 1.79628
2.09171 1.98297
2.61464 2.16967
3.13757 2.35637
3.66049 2.54307
4.18342 2.72976
4.70635 2.91646
5.22928 3.10316
5.7391 3.10316
6.24893 3.11384
6.75875 3.12453
7.26858 3.13522
7.7784 3.1459
8.28823 3.15659
8.79805 3.16728
9.30788 3.17796
9.8177 3.18865
10.3275 3.19933
10.8374 3.21002
11.3472 3.22071
11.857 3.23139
12.3668 3.24208
12.8767 3.25277
13.3865 3.26345
13.8963 3.27414
14.4061 3.28483
14.916 3.29551
15.4258 3.3062
15.8938 3.3062
16.3617 3.42468
16.8297 3.54315
17.2977 3.66163
17.7657 3.78011
18.2522 3.78011
18.7388 3.77998
19.2253 3.77984
19.7119 3.7797
20.1984 3.77957
20.685 3.77943
21.1715 3.7793
21.6581 3.77916
22.1446 3.77903
22.6312 3.77889
23.1177 3.77875
23.6043 3.77862
24.0908 3.77848
24.5774 3.77835
25.0639 3.77821
25.5332 3.77821
26.0025 3.77821
26.4718 3.77821
26.9411 3.77821
29.5032 4.58154
32.0653 4.58154
34.6274 4.58154
37.1895 4.58154
39.7516 4.58154
42.3137 4.58154
44.8758 4.58154
47.4379 4.58154
50.0 4.58154
0.0 1.26085
0.519309 1.26085
1.03862 1.52711
1.55793 1.79336
2.07723 2.05962
2.59654 2.32587
3.11585 2.59213
3.63516 2.85838
4.15447 3.12464
4.65844 3.12464
5.16242 3.1374
5.6664 3.15016
6.17037 3.16293
6.67435 3.17569
7.17832 3.18845
7.6823 3.20121
8.18627 3.21398
8.69025 3.22674
9.19422 3.2395
9.6982 3.25226
10.2022 3.26503
10.7062 3.27779
11.2101 3.29055
11.7141 3.30331
12.2181 3.31608
12.7271 3.31608
13.2361 3.36272
13.7451 3.40937
14.2541 3.45601
14.7632 3.50266
15.2722 3.5493
15.7812 3.59595
16.2902 3.64259
16.7992 3.68924
17.3082 3.73588
17.8173 3.78253
18.3263 3.82917
18.8353 3.87582
19.3443 3.92246
19.8533 3.96911
20.3624 4.01576
20.8714 4.0624
21.3804 4.10905
21.8894 4.15569
22.3984 4.20234
22.9074 4.24898
23.3996 4.24898
23.8917 4.25538
24.3839 4.26178
24.876 4.26817
25.3681 4.27457
25.8603 4.28097
26.3524 4.28737
26.8446 4.29377
27.3367 4.30016
27.8289 4.30656
28.321 4.31296
28.8131 4.31936
29.3053 4.32576
29.7974 4.33215
30.2896 4.33855
30.7817 4.34495
31.2738 4.35135
31.766 4.35774
32.2581 4.36414
32.7503 4.37054
33.2424 4.37694
33.7345 4.38334
34.2267 4.38973
34.7188 4.39613
35.211 4.40253
35.7031 4.40893
36.1854 4.40893
36.6678 4.40893
37.1501 4.40893
37.6324 4.40893
38.1148 4.40893
38.5971 4.40893
39.0794 4.40893
39.5618 4.40893
40.0441 4.40893
40.5264 4.40893
41.0088 4.40893
41.4911 4.40893
41.9734 4.40893
44.649 4.61053
47.3245 4.61053
50.0 4.61053
0.0 1.12119
0.476321 1.12119
0.952643 1.38057
1.42896 1.63996
1.90529 1.89935
2.38161 2.15874
2.85793 2.41812
3.33425 2.67751
3.81057 2.9369
4.31939 2.9369
4.8282 2.9445
5.33701 2.9521
5.84583 2.95969
6.35464 2.96729
6.86346 2.97489
7.37227 2.98249
7.88108 2.99009
8.3899 2.99769
8.89871 3.00529
9.40753 3.01289
9.91634 3.02049
10.422 3.02049
10.9277 3.04982
11.4334 3.07915
11.939 3.10847
12.4447 3.1378
12.9504 3.16713
13.456 3.19646
13.9617 3.22579
14.4674 3.25512
14.9731 3.28445
15.4787 3.31378
15.9915 3.31378
16.5043 3.36852
17.0172 3.42325
17.53 3.47799
18.0428 3.53273
18.5556 3.58747
19.0684 3.64221
19.5812 3.69695
20.094 3.75168
20.6068 3.80642
21.1196 3.86116
21.6324 3.9159
22.1099 3.9159
22.5873 3.9159
23.0648 3.9159
23.5422 3.9159
24.0196 3.9159
24.4971 3.9159
24.9745 3.9159
25.452 3.9159
25.9294 3.9159
28.3365 4.47229
30.7436 4.47229
33.1506 4.47229
35.5577 4.47229
37.9647 4.47229
40.3718 4.47229
42.7788 4.47229
45.1859 4.47229
47.5929 4.47229
50.0 4.47229
0.0 1.36224
0.496922 1.36224
0.993844 1.55763
1.49077 1.75302
1.98769 1.94842
2.48461 2.14381
2.98153 2.3392
3.47845 2.53459
3.97538 2.72998
4.4723 2.92538
4.96922 3.12077
5.48101 3.12077
5.99281 3.13359
6.5046 3.14641
7.0164 3.15923
7.52819 3.17204
8.03998 3.18486
8.55178 3.19768
9.06357 3.2105
9.57536 3.22332
10.0872 3.23614
10.599 3.24896
11.1107 3.26178
11.6225 3.2746
12.1343 3.28741
12.6461 3.30023
13.1579 3.31305
13.6571 3.31305
14.1564 3.40644
14.6556 3.49982
15.1548 3.5932
15.6541 3.68659
16.1404 3.68659
16.6268 3.69113
17.1132 3.69566
17.5995 3.7002
18.0859 3.70474
18.5723 3.70928
19.0587 3.71382
19.545 3.71836
20.0314 3.72289
20.5178 3.72743
21.0041 3.73197
21.4905 3.73651
21.9769 3.74105
22.4632 3.74558
22.9496 3.75012
23.436 3.75466
23.9223 3.7592
24.4087 3.76374
24.9222 3.76374
25.4356 3.76374
25.9491 3.76374
26.4625 3.76374
26.976 3.76374
29.5342 4.51448
32.0924 4.51448
34.6507 4.51448
37.2089 4.51448
39.7671 4.51448
42.3253 4.51448
44.8836 4.51448
47.4418 4.51448
50.0 4.51448
0.0 1.31954
0.494454 1.31954
0.988908 1.55901
1.48336 1.79848
1.97782 2.03796
2.47227 2.27743
2.96672 2.5169
3.46118 2.75637
3.95563 2.99584
4.4631 2.99584
4.97056 3.01045
5.47803 3.02505
5.98549 3.03965
6.49296 3.05425
7.00042 3.06885
7.50789 3.08345
8.01535 3.09806
8.52282 3.11266
9.03028 3.12726
9.53775 3.14186
10.0452 3.15646
10.5527 3.17107
11.0601 3.18567
11.5676 3.20027
12.0751 3.21487
12.5825 3.22947
13.09 3.24407
13.5975 3.25868
14.1049 3.27328
14.6124 3.28788
15.1199 3.30248
15.6312 3.30248
16.1426 3.36781
16.6539 3.43315
17.1653 3.49848
17.6766 3.56381
18.188 3.62915
18.6993 3.69448
19.2107 3.75981
19.722 3.82515
20.2333 3.89048
20.7447 3.95581
21.256 4.02115
21.7674 4.08648
22.2787 4.15181
22.7901 4.21715
23.2943 4.21715
23.7985 4.22512
24.3027 4.2331
24.8068 4.24107
25.311 4.24905
25.8152 4.25703
26.3194 4.265
26.8236 4.27298
27.3278 4.28096
27.832 4.28893
28.3361 4.29691
28.8403 4.30488
29.3445 4.31286
29.8487 4.32084
30.3529 4.32881
30.8571 4.33679
31.3613 4.34476
31.8655 4.35274
32.3696 4.36072
32.8738 4.36869
33.378 4.37667
33.8822 4.38464
34.3864 4.39262
34.8906 4.4006
35.3948 4.40857
35.9032 4.40857
36.4117 4.40857
36.9202 4.40857
37.4287 4.40857
37.9372 4.40857
38.4456 4.40857
38.9541 4.40857
39.4626 4.40857
39.9711 4.40857
40.4796 4.40857
40.988 4.40857
41.4965 4.40857
42.005 4.40857
44.67 4.76632
47.335 4.76632
50.0 4.76632
0.0 1.39931
0.494714 1.39931
0.989429 1.57328
1.48414 1.74726
1.97886 1.92124
2.47357 2.09522
2.96829 2.2692
3.463 2.44318
3.95772 2.61715
4.45243 2.79113
4.94714 2.96511
5.44186 3.13909
5.9396 3.13909
6.43734 3.14787
6.93509 3.15666
7.43283 3.16544
7.93057 3.17422
8.42831 3.18301
8.92605 3.19179
9.4238 3.20058
9.92154 3.20936
10.4193 3.21815
10.917 3.22693
11.4148 3.23571
11.9125 3.2445
12.4102 3.25328
12.908 3.26207
13.4057 3.27085
13.9001 3.27085
14.3945 3.33351
14.8888 3.39618
15.3832 3.45884
15.8775 3.5215
16.3719 3.58417
16.8663 3.64683
17.3606 3.70949
17.855 3.77215
18.3457 3.77215
18.8365 3.7678
19.3272 3.76344
19.818 3.75908
20.3087 3.75473
20.7994 3.75037
21.2902 3.74601
21.7809 3.74165
22.2717 3.7373
22.7624 3.73294
23.2532 3.72858
23.7439 3.72423
24.2346 3.71987
24.7254 3.71551
25.2161 3.71116
25.7069 3.7068
26.1976 3.70244
26.5851 3.70244
26.9727 3.70244
29.5313 4.53736
32.0899 4.53736
34.6484 4.53736
37.207 4.53736
39.7656 4.53736
42.3242 4.53736
44.8828 4.53736
47.4414 4.53736
50.0 4.53736
0.0 1.34065
0.516529 1.34065
1.03306 1.51723
1.54959 1.6938
2.06611 1.87037
2.58264 2.04694
3.09917 2.22351
3.6157 2.40008
4.13223 2.57665
4.64876 2.75323
5.16529 2.9298
5.68181 3.10637
6.18205 3.10637
6.68229 3.11961
7.18253 3.13284
7.68276 3.14608
8.183 3.15932
8.68324 3.17256
9.18347 3.1858
9.68371 3.19903
10.1839 3.21227
10.6842 3.22551
11.1844 3.23875
11.6847 3.25198
12.1652 3.25198
12.6456 3.33415
13.1261 3.41631
13.6066 3.49847
14.0871 3.58064
14.5676 3.6628
15.0481 3.74496
15.5286 3.82713
16.0242 3.82713
16.5198 3.81693
17.0154 3.80673
17.511 3.79653
18.0065 3.78633
18.5021 3.77613
18.9977 3.76593
19.4933 3.75573
19.9889 3.74553
20.4845 3.73533
20.9801 3.72513
21.4756 3.71494
21.9712 3.70474
22.4668 3.69454
22.9624 3.68434
23.458 3.67414
23.9536 3.66394
24.4492 3.65374
24.971 3.65374
25.4928 3.65374
26.0146 3.65374
26.5365 3.65374
27.0583 3.65374
29.6074 4.50294
32.1565 4.50294
34.7055 4.50294
37.2546 4.50294
39.8037 4.50294
42.3528 4.50294
44.9018 4.50294
47.4509 4.50294
50.0 4.50294
0.0 1.06908
0.471672 1.06908
0.943344 1.3366
1.41502 1.60412
1.88669 1.87164
2.35836 2.13916
2.83003 2.40668
3.3017 2.6742
3.78064 2.6742
4.25959 2.72012
4.73853 2.76604
5.21747 2.81195
5.69641 2.85787
6.17535 2.90378
6.65429 2.9497
7.13324 2.99562
7.61218 3.04153
8.09112 3.08745
8.57006 3.13336
9.06071 3.13336
9.55136 3.1325
10.042 3.13163
10.5327 3.13077
11.0233 3.1299
11.514 3.12904
12.0046 3.12818
12.4953 3.12731
12.9859 3.12645
13.4766 3.12558
13.9672 3.12472
14.4579 3.12385
14.9485 3.12299
15.4227 3.12299
15.8969 3.2881
16.3711 3.45322
16.8453 3.61833
17.3195 3.78345
17.7937 3.94856
18.3086 3.94856
18.8235 3.94856
19.3384 3.94856
19.8533 3.94856
20.3683 3.94856
20.8832 3.94856
21.3981 3.94856
21.913 3.94856
22.428 3.94856
22.9429 3.94856
23.4578 3.94856
23.9727 3.94856
24.4876 3.94856
25.0026 3.94856
25.5175 3.94856
26.0324 3.94856
28.4292 4.35865
30.8259 4.35865
33.2227 4.35865
35.6194 4.35865
38.0162 4.35865
40.413 4.35865
42.8097 4.35865
45.2065 4.35865
47.6032 4.35865
50.0 4.35865
0.0 1.04035
0.521395 1.04035
1.04279 1.36311
1.56418 1.68587
2.08558 2.00863
2.60697 2.33139
3.12837 2.65415
3.64483 2.65415
4.16129 2.70554
4.67775 2.75694
5.1942 2.80833
5.71066 2.85972
6.22712 2.91112
6.74358 2.96251
7.26004 3.01391
7.7765 3.0653
8.29296 3.1167
8.80196 3.1167
9.31097 3.1217
9.81997 3.1267
10.329 3.1317
10.838 3.13671
11.347 3.14171
11.856 3.14671
12.365 3.15172
12.874 3.15672
13.383 3.16172
13.892 3.16672
14.401 3.17173
14.91 3.17673
15.2678 3.17673
15.6256 3.8644
16.1185 3.8644
16.6114 3.8644
17.1043 3.8644
17.5972 3.8644
18.0901 3.8644
18.583 3.8644
19.0759 3.8644
19.5688 3.8644
20.0617 3.8644
20.5546 3.8644
21.0474 3.8644
21.5403 3.8644
22.0332 3.8644
22.5261 3.8644
23.019 3.8644
23.5119 3.8644
24.0048 3.8644
24.4977 3.8644
24.9906 3.8644
25.4835 3.8644
25.9764 3.8644
28.3787 4.35881
30.7811 4.35881
33.1835 4.35881
35.5858 4.35881
37.9882 4.35881
40.3905 4.35881
42.7929 4.35881
45.1953 4.35881
47.5976 4.35881
50.0 4.35881
0.0 1.15439
0.491895 1.15439
0.98379 1.40008
1.47569 1.64577
1.96758 1.89145
2.45948 2.13714
2.95137 2.38283
3.44327 2.62851
3.92894 2.62851
4.41461 2.6798
4.90028 2.73108
5.38595 2.78237
5.87163 2.83366
6.3573 2.88494
6.84297 2.93623
7.32864 2.98751
7.81431 3.0388
8.29999 3.09009
8.78698 3.09009
9.27397 3.08764
9.76096 3.08519
10.248 3.08274
10.7349 3.08029
11.2219 3.07784
11.7089 3.07539
12.1959 3.07294
12.6829 3.07049
13.1699 3.06805
13.6794 3.06805
14.1888 3.1548
14.6983 3.24154
15.2077 3.32829
15.7171 3.41504
16.2266 3.50179
16.736 3.58854
17.2455 3.67529
17.7549 3.76204
18.2644 3.84879
18.7571 3.84879
19.2498 3.84879
19.7426 3.84879
20.2353 3.84879
20.728 3.84879
21.2207 3.84879
21.7135 3.84879
22.2062 3.84879
22.6989 3.84879
23.1916 3.84879
23.6844 3.84879
24.1771 3.84879
24.6698 3.84879
25.1625 3.84879
25.6553 3.84879
26.148 3.84879
28.5332 4.42537
30.9184 4.42537
33.3036 4.42537
35.6888 4.42537
38.074 4.42537
40.4592 4.42537
42.8444 4.42537
45.2296 4.42537
47.6148 4.42537
50.0 4.42537
0.0 1.23892
0.522216 1.23892
1.04443 1.49414
1.56665 1.74935
2.08887 2.00457
2.61108 2.25978
3.1333 2.515
3.65551 2.77021
4.097 2.77021
4.53849 2.76402
4.97997 2.75784
5.42146 2.75165
5.91305 2.75165
6.40465 2.7998
6.89624 2.84795
7.38783 2.89611
7.87943 2.94426
8.37102 2.99241
8.86261 3.04057
9.35421 3.08872
9.8458 3.13687
10.3374 3.18503
10.829 3.23318
11.3206 3.28133
11.8122 3.32949
12.3038 3.37764
12.8154 3.37764
13.327 3.42609
13.8386 3.47453
14.3502 3.52298
14.8618 3.57142
15.3734 3.61986
15.885 3.66831
16.3967 3.71675
16.9083 3.7652
17.4199 3.81364
17.9315 3.86209
18.4431 3.91053
18.9547 3.95898
19.4663 4.00742
19.9779 4.05587
20.4896 4.10431
21.0012 4.15275
21.5012 4.15275
22.0011 4.15275
22.5011 4.15275
23.0011 4.15275
23.5011 4.15275
24.0011 4.15275
24.5011 4.15275
25.0011 4.15275
25.5011 4.15275
26.0011 4.15275
26.5011 4.15275
27.0011 4.15275
27.501 4.15275
28.001 4.15275
28.501 4.15275
29.001 4.15275
29.501 4.15275
32.0634 4.39014
34.6258 4.39014
37.1881 4.39014
39.7505 4.39014
42.3129 4.39014
44.8753 4.39014
47.4376 4.39014
50.0 4.39014
0.0 1.3824
0.495932 1.3824
0.991864 1.54648
1.4878 1.71056
1.98373 1.87464
2.47966 2.03872
2.97559 2.2028
3.47152 2.36687
3.96745 2.53095
4.46339 2.69503
4.95932 2.85911
5.45525 3.02319
5.95066 3.02319
6.44607 3.03723
6.94147 3.05127
7.43688 3.06531
7.93229 3.07935
8.4277 3.09339
8.9231 3.10743
9.41851 3.12147
9.91392 3.13551
10.4093 3.14955
10.9047 3.16359
11.4001 3.17763
11.8956 3.19168
12.391 3.20572
12.8864 3.21976
13.3818 3.2338
13.8772 3.24784
14.3726 3.26188
14.8676 3.26188
15.3626 3.53895
15.8576 3.81602
16.3675 3.81602
16.8773 3.80948
17.3872 3.80295
17.8971 3.79642
18.407 3.78988
18.9168 3.78335
19.4267 3.77682
19.9366 3.77028
20.4464 3.76375
20.9563 3.75722
21.4662 3.75069
21.9761 3.74415
22.4859 3.73762
22.9958 3.73109
23.5057 3.72455
24.0063 3.72455
24.5069 3.72455
25.0075 3.72455
25.5081 3.72455
26.0087 3.72455
26.5093 3.72455
27.0099 3.72455
29.5644 4.52867
32.1188 4.52867
34.6733 4.52867
37.2277 4.52867
39.7822 4.52867
42.3366 4.52867
44.8911 4.52867
47.4455 4.52867
50.0 4.52867
0.0 1.36538
0.48073 1.36538
0.961459 1.54223
1.44219 1.71909
1.92292 1.89594
2.40365 2.07279
2.88438 2.24964
3.36511 2.42649
3.84584 2.60334
4.32657 2.78019
4.8073 2.95705
5.31797 2.95705
5.82865 2.98275
6.33933 3.00846
6.85001 3.03417
7.36068 3.05987
7.87136 3.08558
8.38204 3.11129
8.89272 3.13699
9.40339 3.1627
9.91407 3.18841
10.4247 3.21412
10.9354 3.23982
11.4461 3.26553
11.9568 3.29124
12.4675 3.31694
12.9501 3.31694
13.4327 3.35666
13.9154 3.39638
14.398 3.4361
14.8806 3.47582
15.3633 3.51554
15.8459 3.55526
16.3285 3.59498
16.8112 3.6347
17.2938 3.67442
17.7764 3.71414
18.2832 3.71414
18.79 3.72732
19.2968 3.7405
19.8036 3.75367
20.3104 3.76685
20.8172 3.78003
21.324 3.79321
21.8308 3.80639
22.3376 3.81957
22.8444 3.83275
23.3512 3.84593
23.859 3.84593
24.3668 3.84593
24.8746 3.84593
25.3824 3.84593
25.8902 3.84593
26.398 3.84593
26.9058 3.84593
29.4718 4.59831
32.0378 4.59831
34.6038 4.59831
37.1699 4.59831
39.7359 4.59831
42.3019 4.59831
44.8679 4.59831
47.434 4.59831
50.0 4.59831
0.0 1.16486
0.533942 1.16486
1.06788 1.45015
1.60183 1.73544
2.13577 2.02073
2.66971 2.30601
3.20365 2.5913
3.69608 2.5913
4.18851 2.63774
4.68094 2.68417
5.17337 2.7306
5.6658 2.77704
6.15823 2.82347
6.65066 2.8699
7.14309 2.91634
7.63552 2.96277
8.14664 2.96277
8.65776 2.97531
9.16888 2.98784
9.68 3.00038
10.1911 3.01291
10.7022 3.02545
11.2134 3.03798
11.7245 3.05051
12.2356 3.06305
12.7467 3.07558
13.2578 3.08812
13.7684 3.08812
14.279 3.18277
14.7897 3.27741
15.3003 3.37206
15.8109 3.46671
16.3215 3.56136
16.8321 3.656
17.3427 3.75065
17.8533 3.8453
18.3618 3.8453
18.8702 3.8453
19.3787 3.8453
19.8871 3.8453
20.3956 3.8453
20.9041 3.8453
21.4125 3.8453
21.921 3.8453
22.4295 3.8453
22.9379 3.8453
23.4464 3.8453
23.9549 3.8453
24.4633 3.8453
24.9718 3.8453
25.4802 3.8453
25.9887 3.8453
28.3898 4.41183
30.791 4.41183
33.1921 4.41183
35.5932 4.41183
37.9944 4.41183
40.3955 4.41183
42.7966 4.41183
45.1977 4.41183
47.5989 4.41183
50.0 4.41183
0.0 1.315
0.491791 1.315
0.983582 1.51403
1.47537 1.71305
1.96716 1.91208
2.45895 2.1111
2.95075 2.31013
3.44254 2.50915
3.93433 2.70818
4.42612 2.9072
4.92353 2.9072
5.42095 2.94597
5.91836 2.98473
6.41577 3.0235
6.91319 3.06226
7.4106 3.10102
7.90802 3.13979
8.40543 3.17855
8.90284 3.21731
9.40026 3.25608
9.89767 3.29484
10.3951 3.33361
10.8925 3.37237
11.3899 3.41113
11.9061 3.41113
12.4224 3.43483
12.9386 3.45852
13.4548 3.48222
13.971 3.50592
14.4873 3.52961
15.0035 3.55331
15.5197 3.577
16.0359 3.6007
16.5521 3.62439
17.0684 3.64809
17.5846 3.67178
18.1006 3.67178
18.6166 3.68613
19.1326 3.70048
19.6486 3.71482
20.1646 3.72917
20.6806 3.74352
21.1966 3.75786
21.7126 3.77221
22.2286 3.78656
22.7446 3.8009
23.2606 3.81525
23.7766 3.8296
24.2926 3.84394
24.7636 3.84394
25.2345 3.84394
25.7054 3.84394
26.1763 3.84394
26.6473 3.84394
27.1182 3.84394
29.6606 4.49576
32.203 4.49576
34.7454 4.49576
37.2879 4.49576
39.8303 4.49576
42.3727 4.49576
44.9151 4.49576
47.4576 4.49576
50.0 4.49576
0.0 1.17314
0.49724 1.17314
0.994481 1.46632
1.49172 1.75951
1.98896 2.05269
2.4862 2.34587
2.98344 2.63906
3.50332 2.63906
4.0232 2.68894
4.54308 2.73882
5.06296 2.7887
5.58284 2.83858
6.10272 2.88846
6.62261 2.93834
7.14249 2.98822
7.61957 2.98822
8.09666 2.99897
8.57375 3.00971
9.05083 3.02046
9.52792 3.0312
10.005 3.04195
10.4821 3.05269
10.9592 3.06343
11.4363 3.07418
11.9134 3.08492
12.394 3.08492
12.8746 3.16705
13.3553 3.24917
13.8359 3.33129
14.3165 3.41341
14.7972 3.49553
15.2778 3.57765
15.7584 3.65977
16.2391 3.74189
16.7466 3.74189
17.2541 3.74189
17.7616 3.74189
18.2691 3.74189
18.7766 3.74189
19.2841 3.74189
19.7916 3.74189
20.2991 3.74189
20.8066 3.74189
21.3141 3.74189
21.8216 3.74189
22.3291 3.74189
22.8366 3.74189
23.3441 3.74189
23.8516 3.74189
24.3591 3.74189
24.8666 3.74189
25.3741 3.74189
25.8816 3.74189
28.2934 4.39381
30.7053 4.39381
33.1171 4.39381
35.5289 4.39381
37.9408 4.39381
40.3526 4.39381
42.7645 4.39381
45.1763 4.39381
47.5882 4.39381
50.0 4.39381
0.0 1.26441
0.51705 1.26441
1.0341 1.47743
1.55115 1.69045
2.0682 1.90346
2.58525 2.11648
3.1023 2.3295
3.61935 2.54252
4.1364 2.75553
4.65345 2.96855
5.15609 2.96855
5.65873 2.9935
6.16137 3.01844
6.66401 3.04338
7.16665 3.06833
7.66929 3.09327
8.17193 3.11822
8.67457 3.14316
9.17721 3.1681
9.67985 3.19305
10.1825 3.21799
10.6851 3.24293
11.1878 3.26788
11.6904 3.29282
12.1931 3.31777
12.6957 3.34271
13.1983 3.36765
13.7113 3.36765
14.2243 3.39367
14.7373 3.41968
15.2503 3.44569
15.7633 3.4717
16.2763 3.49772
16.7893 3.52373
17.3023 3.54974
17.8153 3.57575
18.3283 3.60177
18.8413 3.62778
19.3543 3.65379
19.8673 3.6798
20.3693 3.6798
20.8714 3.70279
21.3735 3.72577
21.8755 3.74875
22.3776 3.77173
22.8797 3.79471
23.3817 3.8177
23.8838 3.84068
24.4119 3.84068
24.94 3.84068
25.4682 3.84068
25.9963 3.84068
26.5244 3.84068
27.0526 3.84068
29.6023 4.50029
32.152 4.50029
34.7017 4.50029
37.2514 4.50029
39.8011 4.50029
42.3509 4.50029
44.9006 4.50029
47.4503 4.50029
50.0 4.50029
0.0 1.39284
0.512917 1.39284
1.02583 1.60778
1.53875 1.82273
2.05167 2.03767
2.56458 2.25262
3.0775 2.46756
3.59042 2.68251
4.10333 2.89746
4.61625 3.1124
5.11466 3.1124
5.61308 3.12156
6.11149 3.13072
6.60991 3.13989
7.10832 3.14905
7.60673 3.15821
8.10515 3.16737
8.60356 3.17653
9.10198 3.1857
9.60039 3.19486
10.0988 3.20402
10.5972 3.21318
11.0956 3.22234
11.594 3.23151
12.0925 3.24067
12.5909 3.24983
13.0893 3.25899
13.5877 3.26815
14.0861 3.27732
14.5845 3.28648
15.0829 3.29564
15.5814 3.3048
16.0781 3.3048
16.5748 3.36041
17.0715 3.41602
17.5682 3.47164
18.0649 3.52725
18.5617 3.58286
19.0584 3.63847
19.5551 3.69408
20.0518 3.74969
20.5485 3.8053
21.0452 3.86091
21.5419 3.91653
22.0387 3.97214
22.5354 4.02775
23.0321 4.08336
23.5288 4.13897
24.0255 4.19458
24.5222 4.25019
25.019 4.30581
25.5139 4.30581
26.0089 4.32074
26.5039 4.33568
26.9989 4.35062
27.4939 4.36556
27.9889 4.3805
28.4839 4.39544
28.9789 4.41037
29.4739 4.42531
29.9688 4.44025
30.4638 4.45519
30.9588 4.47013
31.4538 4.48506
31.9488 4.5
32.4438 4.51494
32.9388 4.52988
33.4455 4.52988
33.9522 4.52988
34.4589 4.52988
34.9657 4.52988
35.4724 4.52988
35.9791 4.52988
36.4858 4.52988
36.9925 4.52988
37.4993 4.52988
38.006 4.52988
38.5127 4.52988
39.0194 4.52988
39.5261 4.52988
40.0329 4.52988
40.5396 4.52988
41.0463 4.52988
41.553 4.52988
42.0598 4.52988
44.7065 4.7475
47.3533 4.7475
50.0 4.7475
0.0 1.36579
0.491094 1.36579
0.982189 1.607
1.47328 1.8482
1.96438 2.08941
2.45547 2.33061
2.94657 2.57181
3.43766 2.81302
3.92875 3.05422
4.44245 3.05422
4.95614 3.06315
5.46983 3.07209
5.98353 3.08102
6.49722 3.08995
7.01091 3.09888
7.52461 3.10781
8.0383 3.11674
8.55199 3.12567
9.06569 3.1346
9.57938 3.14353
10.0931 3.15247
10.6068 3.1614
11.1205 3.17033
11.6342 3.17926
12.1478 3.18819
12.6615 3.19712
13.1622 3.19712
13.6629 3.26111
14.1636 3.3251
14.6642 3.38909
15.1649 3.45308
15.6656 3.51707
16.1662 3.58107
16.6669 3.64506
17.1676 3.70905
17.6683 3.77304
18.1689 3.83703
18.6696 3.90102
19.1703 3.96501
19.6709 4.029
20.1716 4.09299
20.6723 4.15698
21.173 4.22097
21.6736 4.28496
22.1777 4.28496
22.6818 4.30405
23.1859 4.32315
23.69 4.34224
24.1941 4.36133
24.6982 4.38042
25.2023 4.39951
25.7064 4.4186
26.2105 4.4377
26.7146 4.45679
27.2187 4.47588
27.7228 4.49497
28.2269 4.51406
28.731 4.53316
29.2323 4.53316
29.7337 4.53316
30.235 4.53316
30.7364 4.53316
31.2377 4.53316
31.7391 4.53316
32.2405 4.53316
32.7418 4.53316
33.2432 4.53316
33.7445 4.53316
34.2459 4.53316
34.7472 4.53316
35.2486 4.53316
35.7499 4.53316
36.2513 4.53316
36.7527 4.53316
37.254 4.53316
37.7554 4.53316
38.2567 4.53316
38.7581 4.53316
39.2594 4.53316
39.7608 4.53316
40.2621 4.53316
40.7635 4.53316
41.2649 4.53316
41.7662 4.53316
42.2676 4.53316
44.845 4.69902
47.4225 4.69902
50.0 4.69902
0.0 1.31403
0.494305 1.31403
0.988611 1.50107
1.48292 1.6881
1.97722 1.87514
2.47153 2.06217
2.96583 2.24921
3.46014 2.43624
3.95444 2.62328
4.44875 2.81031
4.94305 2.99735
5.44397 2.99735
5.94488 3.03275
6.44579 3.06815
6.94671 3.10355
7.44762 3.13895
7.94853 3.17436
8.44944 3.20976
8.95036 3.24516
9.45127 3.28056
9.95218 3.31596
10.4531 3.35136
10.954 3.38677
11.4549 3.42217
11.9434 3.42217
12.4319 3.43746
12.9203 3.45275
13.4088 3.46805
13.8972 3.48334
14.3857 3.49863
14.8742 3.51393
15.3626 3.52922
15.8511 3.54451
16.3396 3.55981
16.828 3.5751
17.3165 3.59039
17.805 3.60569
18.2934 3.62098
18.7819 3.63627
19.2704 3.65157
19.7588 3.66686
20.2473 3.68215
20.7358 3.69745
21.2242 3.71274
21.7346 3.71274
22.245 3.7434
22.7553 3.77406
23.2657 3.80472
23.7761 3.83538
24.2864 3.86605
24.7616 3.86605
25.2369 3.86605
25.7121 3.86605
26.1873 3.86605
26.6625 3.86605
27.1377 3.86605
29.678 4.45205
32.2182 4.45205
34.7585 4.45205
37.2987 4.45205
39.839 4.45205
42.3792 4.45205
44.9195 4.45205
47.4597 4.45205
50.0 4.45205
0.0 1.22096
0.481575 1.22096
0.96315 1.41471
1.44473 1.60847
1.9263 1.80222
2.40788 1.99597
2.88945 2.18973
3.37103 2.38348
3.8526 2.57723
4.33418 2.77099
4.81575 2.96474
5.32477 2.96474
5.83378 2.99052
6.34279 3.0163
6.85181 3.04207
7.36082 3.06785
7.86984 3.09363
8.37885 3.11941
8.88786 3.14518
9.39688 3.17096
9.90589 3.19674
10.4149 3.22252
10.9239 3.2483
11.4329 3.27407
11.9419 3.29985
12.451 3.32563
12.96 3.35141
13.469 3.37718
13.978 3.40296
14.487 3.42874
14.9803 3.42874
15.4737 3.4537
15.967 3.47867
16.4603 3.50363
16.9536 3.5286
17.4469 3.55356
17.9402 3.57853
18.4336 3.60349
18.9269 3.62846
19.4202 3.65342
19.9135 3.67839
20.4068 3.70336
20.9192 3.70336
21.4316 3.72609
21.9439 3.74882
22.4563 3.77156
22.9686 3.79429
23.481 3.81702
23.9934 3.83976
24.4656 3.83976
24.9378 3.83976
25.41 3.83976
25.8822 3.83976
26.3545 3.83976
26.8267 3.83976
27.2989 3.83976
29.8213 4.44837
32.3436 4.44837
34.8659 4.44837
37.3883 4.44837
39.9106 4.44837
42.433 4.44837
44.9553 4.44837
47.4777 4.44837
50.0 4.44837
0.0 1.22654
0.484884 1.22654
0.969768 1.41811
1.45465 1.60968
1.93954 1.80125
2.42442 1.99281
2.9093 2.18438
3.39419 2.37595
3.87907 2.56751
4.36396 2.75908
4.84884 2.95065
5.34918 2.95065
5.84953 2.9744
6.34987 2.99816
6.85021 3.02192
7.35056 3.04567
7.8509 3.06943
8.35124 3.09318
8.85159 3.11694
9.35193 3.1407
9.85227 3.16445
10.3526 3.18821
10.853 3.21196
11.3533 3.23572
11.8536 3.25948
12.354 3.28323
12.8543 3.30699
13.3547 3.33075
13.855 3.3545
14.3554 3.37826
14.8557 3.40201
15.356 3.42577
15.8523 3.42577
16.3486 3.46701
16.8449 3.50824
17.3411 3.54948
17.8374 3.59072
18.3337 3.63195
18.83 3.67319
19.3262 3.71442
19.8225 3.75566
20.3546 3.75566
20.8867 3.75398
21.4187 3.7523
21.9508 3.75062
22.4829 3.74894
23.015 3.74726
23.547 3.74559
24.0233 3.74559
24.4997 3.74559
24.976 3.74559
25.4523 3.74559
25.9286 3.74559
26.4049 3.74559
26.8812 3.74559
27.3575 3.74559
29.8733 4.43301
32.3892 4.43301
34.905 4.43301
37.4208 4.43301
39.9367 4.43301
42.4525 4.43301
44.9683 4.43301
47.4842 4.43301
50.0 4.43301
0.0 1.39471
0.527614 1.39471
1.05523 1.63744
1.58284 1.88018
2.11046 2.12292
2.61685 2.12292
3.12325 2.35662
3.62965 2.59031
4.13605 2.82401
4.63414 2.82401
5.13224 2.84672
5.63033 2.86944
6.12842 2.89215
6.62652 2.91487
7.12461 2.93758
7.6227 2.96029
8.12079 2.98301
8.61889 3.00572
9.11698 3.02843
9.61507 3.05115
10.1132 3.07386
10.6113 3.09658
11.1093 3.11929
11.6074 3.142
12.1055 3.16472
12.6036 3.18743
13.1014 3.18743
13.5991 3.24806
14.0969 3.30869
14.5947 3.36932
15.0924 3.42995
15.5902 3.49059
16.088 3.55122
16.5857 3.61185
17.0835 3.67248
17.5812 3.73311
18.079 3.79374
18.5768 3.85437
19.0745 3.915
19.5723 3.97564
20.07 4.03627
20.5678 4.0969
21.0754 4.0969
21.583 4.0969
22.0907 4.0969
22.5983 4.0969
23.1059 4.0969
23.6135 4.0969
24.1211 4.0969
24.6288 4.0969
25.1364 4.0969
25.644 4.0969
26.1516 4.0969
26.6592 4.0969
27.1668 4.0969
27.6745 4.0969
28.1821 4.0969
28.6897 4.0969
29.1973 4.0969
29.7049 4.0969
32.2418 4.42279
34.7787 4.42279
37.3156 4.42279
39.8525 4.42279
42.3893 4.42279
44.9262 4.42279
47.4631 4.42279
50.0 4.42279
0.0 1.38382
0.492992 1.38382
0.985984 1.60507
1.47898 1.82632
1.97197 2.04756
2.46496 2.26881
2.95795 2.49006
3.45094 2.71131
3.96306 2.71131
4.47518 2.76143
4.9873 2.81155
5.49942 2.86166
6.01154 2.91178
6.52366 2.9619
7.03577 3.01202
7.54789 3.06214
8.06001 3.11225
8.57213 3.16237
9.08425 3.21249
9.59637 3.26261
10.1085 3.31272
10.6206 3.36284
11.1299 3.36284
11.6392 3.4068
12.1485 3.45077
12.6578 3.49473
13.167 3.5387
13.6763 3.58266
14.1856 3.62663
14.6949 3.67059
15.2042 3.71455
15.7135 3.75852
16.2228 3.80248
16.732 3.84645
17.2413 3.89041
17.7506 3.93437
18.2599 3.97834
18.7692 4.0223
19.2785 4.06627
19.7878 4.11023
20.2971 4.15419
20.8063 4.19816
21.3156 4.24212
21.8249 4.28609
22.3119 4.28609
22.7988 4.29074
23.2858 4.29539
23.7727 4.30005
24.2597 4.3047
24.7467 4.30936
25.2336 4.31401
25.7206 4.31867
26.2075 4.32332
26.6945 4.32797
27.1814 4.33263
27.6684 4.33728
28.1553 4.34194
28.6423 4.34659
29.1293 4.35124
29.6162 4.3559
30.1032 4.36055
30.5901 4.36521
31.0989 4.36521
31.6077 4.36521
32.1165 4.36521
32.6253 4.36521
33.1341 4.36521
33.6429 4.36521
34.1517 4.36521
34.6605 4.36521
35.1693 4.36521
35.6781 4.36521
36.1869 4.36521
36.6956 4.36521
37.2044 4.36521
37.7132 4.36521
38.222 4.36521
38.7308 4.36521
39.2396 4.36521
39.7484 4.36521
40.2572 4.36521
42.6929 4.65635
45.1286 4.65635
47.5643 4.65635
50.0 4.65635
0.0 1.33473
0.452861 1.33473
0.905723 1.53587
1.35858 1.73701
1.81145 1.93816
2.26431 2.1393
2.76086 2.1393
3.25742 2.36749
3.75398 2.59567
4.25054 2.82385
4.73876 2.82385
5.22697 2.8467
5.71519 2.86955
6.20341 2.89241
6.69163 2.91526
7.17985 2.93812
7.66806 2.96097
8.15628 2.98382
8.6445 3.00668
9.13272 3.02953
9.62094 3.05239
10.1092 3.07524
10.5974 3.09809
11.0856 3.12095
11.5738 3.1438
12.062 3.16666
12.5502 3.18951
13.0385 3.21236
13.5267 3.23522
14.0228 3.23522
14.519 3.29761
15.0151 3.36001
15.5112 3.42241
16.0074 3.4848
16.5035 3.5472
16.9997 3.6096
17.4958 3.67199
17.9919 3.73439
18.4881 3.79678
18.9842 3.85918
19.4804 3.92158
19.9765 3.98397
20.4727 4.04637
20.9688 4.10876
21.4649 4.17116
21.966 4.17116
22.467 4.17116
22.968 4.17116
23.4691 4.17116
23.9701 4.17116
24.4711 4.17116
24.9722 4.17116
25.4732 4.17116
25.9742 4.17116
26.4753 4.17116
26.9763 4.17116
27.4773 4.17116
27.9784 4.17116
28.4794 4.17116
28.9804 4.17116
29.4815 4.17116
29.9825 4.17116
32.4847 4.44103
34.9869 4.44103
37.4891 4.44103
39.9912 4.44103
42.4934 4.44103
44.9956 4.44103
47.4978 4.44103
50.0 4.44103
0.0 1.22045
0.526496 1.22045
1.05299 1.51084
1.57949 1.80122
2.10598 2.09161
2.63248 2.38199
3.15897 2.67237
3.70825 2.67237
4.25753 2.70754
4.80681 2.7427
5.35609 2.77786
5.86091 2.77786
6.36574 2.81173
6.87056 2.8456
7.37539 2.87948
7.88021 2.91335
8.38504 2.94722
8.88986 2.98109
9.39469 3.01496
9.89952 3.04883
10.4043 3.0827
10.9092 3.11657
11.414 3.15044
11.9188 3.18431
12.4236 3.21818
12.9285 3.25205
13.4333 3.28592
13.9381 3.3198
14.4401 3.3198
14.942 3.37347
15.4439 3.42714
15.9459 3.48081
16.4478 3.53449
16.9498 3.58816
17.4517 3.64183
17.9537 3.69551
18.4556 3.74918
18.9576 3.80285
19.4595 3.85653
19.9614 3.9102
20.4634 3.96387
20.9653 4.01755
21.4673 4.01755
21.9692 4.01755
22.4712 4.01755
22.9731 4.01755
23.4751 4.01755
23.977 4.01755
24.479 4.01755
24.9809 4.01755
25.4829 4.01755
25.9848 4.01755
26.4868 4.01755
26.9887 4.01755
27.4907 4.01755
27.9926 4.01755
28.4946 4.01755
28.9965 4.01755
29.4985 4.01755
30.0005 4.01755
30.5024 4.01755
32.9396 4.44913
35.3768 4.44913
37.814 4.44913
40.2512 4.44913
42.6884 4.44913
45.1256 4.44913
47.5628 4.44913
50.0 4.44913
0.0 1.44474
0.4696 1.44474
0.939201 1.66594
1.4088 1.88714
1.8784 2.10833
2.348 2.32953
2.8176 2.55073
3.2872 2.77193
3.78289 2.77193
4.27857 2.80749
4.77425 2.84304
5.26993 2.8786
5.76561 2.91416
6.2613 2.94971
6.75698 2.98527
7.25266 3.02083
7.74834 3.05639
8.24403 3.09194
8.73971 3.1275
9.23539 3.16306
9.73107 3.19861
10.2268 3.23417
10.7224 3.26973
11.2181 3.30529
11.7138 3.34084
12.2095 3.3764
12.7052 3.41196
13.2089 3.41196
13.7127 3.47036
14.2165 3.52877
14.7202 3.58718
15.224 3.64559
15.7277 3.704
16.2315 3.7624
16.7353 3.82081
17.239 3.87922
17.7428 3.93763
18.2465 3.99603
18.7503 4.05444
19.2541 4.11285
19.7578 4.17126
20.2616 4.22966
20.7622 4.22966
21.2628 4.23353
21.7634 4.23739
22.264 4.24125
22.7646 4.24511
23.2651 4.24897
23.7657 4.25283
24.2663 4.25669
24.7669 4.26055
25.2675 4.26441
25.7681 4.26827
26.2687 4.27214
26.7693 4.276
27.2699 4.27986
27.7705 4.28372
28.2711 4.28758
28.7716 4.29144
29.2722 4.2953
29.7728 4.29916
30.2734 4.30302
30.774 4.30688
31.2746 4.31074
31.7752 4.31461
32.2758 4.31847
32.7764 4.32233
33.277 4.32619
33.7776 4.33005
34.2849 4.33005
34.7923 4.33005
35.2996 4.33005
35.8069 4.33005
36.3143 4.33005
36.8216 4.33005
37.329 4.33005
37.8363 4.33005
38.3437 4.33005
38.851 4.33005
39.3584 4.33005
39.8657 4.33005
40.373 4.33005
42.7798 4.5592
45.1865 4.5592
47.5933 4.5592
50.0 4.5592
0.0 1.40848
0.502007 1.40848
1.00401 1.64536
1.50602 1.88224
2.00803 2.11911
2.51004 2.35599
3.01204 2.59287
3.51405 2.82974
4.02912 2.82974
4.5442 2.86658
5.05927 2.90341
5.57434 2.94024
6.08942 2.97708
6.60449 3.01391
7.11956 3.05074
7.63463 3.08757
8.14971 3.12441
8.66478 3.16124
9.17985 3.19807
9.69493 3.23491
10.21 3.27174
10.7251 3.30857
11.2401 3.34541
11.7552 3.38224
12.2514 3.38224
12.7475 3.41887
13.2436 3.4555
13.7398 3.49214
14.2359 3.52877
14.732 3.5654
15.2282 3.60203
15.7243 3.63866
16.2204 3.6753
16.7166 3.71193
17.2127 3.74856
17.7088 3.78519
18.205 3.82182
18.7011 3.85845
19.1973 3.89509
19.6934 3.93172
20.1895 3.96835
20.6857 4.00498
21.1818 4.04161
21.6779 4.07825
22.1741 4.11488
22.6702 4.15151
23.1663 4.18814
23.6625 4.22477
24.1707 4.22477
24.6789 4.2318
25.1871 4.23882
25.6954 4.24584
26.2036 4.25286
26.7118 4.25988
27.22 4.2669
27.7283 4.27392
28.2365 4.28095
28.7447 4.28797
29.2529 4.29499
29.7612 4.30201
30.2694 4.30903
30.7776 4.31605
31.2858 4.32307
31.7941 4.3301
32.3023 4.33712
32.8105 4.34414
33.3187 4.35116
33.827 4.35818
34.3352 4.3652
34.8327 4.3652
35.3302 4.3652
35.8277 4.3652
36.3252 4.3652
36.8227 4.3652
37.3202 4.3652
37.8176 4.3652
38.3151 4.3652
38.8126 4.3652
39.3101 4.3652
39.8076 4.3652
40.3051 4.3652
42.7288 4.56755
45.1526 4.56755
47.5763 4.56755
50.0 4.56755
0.0 1.25161
0.523781 1.25161
1.04756 1.46186
1.57134 1.6721
2.09512 1.88235
2.6189 2.0926
3.14268 2.30284
3.66647 2.51309
4.19025 2.72333
4.71403 2.93358
5.22009 2.93358
5.72615 2.96418
6.23221 2.99478
6.73827 3.02538
7.24434 3.05598
7.7504 3.08658
8.25646 3.11718
8.76252 3.14778
9.26858 3.17838
9.77464 3.20898
10.2807 3.23958
10.7868 3.27018
11.2928 3.30078
11.7989 3.33138
12.305 3.36198
12.811 3.39258
13.3171 3.42318
13.8231 3.45378
14.3292 3.48438
14.8474 3.48438
15.3656 3.51657
15.8839 3.54876
16.4021 3.58095
16.9203 3.61314
17.4385 3.64534
17.9567 3.67753
18.4749 3.70972
18.9932 3.74191
19.5114 3.7741
20.0296 3.80629
20.5185 3.80629
21.0075 3.80992
21.4964 3.81355
21.9854 3.81718
22.4743 3.82081
22.9633 3.82444
23.4522 3.82807
23.9412 3.8317
24.4301 3.83533
24.933 3.83533
25.4359 3.83533
25.9388 3.83533
26.4417 3.83533
26.9445 3.83533
27.4474 3.83533
29.9533 4.39507
32.4591 4.39507
34.965 4.39507
37.4708 4.39507
39.9766 4.39507
42.4825 4.39507
44.9883 4.39507
47.4942 4.39507
50.0 4.39507
0.0 1.2922
0.484444 1.2922
0.968889 1.47523
1.45333 1.65825
1.93778 1.84128
2.42222 2.02431
2.90667 2.20733
3.39111 2.39036
3.87556 2.57338
4.36 2.75641
4.84444 2.93944
5.34479 2.93944
5.84513 2.96848
6.34548 2.99752
6.84582 3.02657
7.34616 3.05561
7.84651 3.08465
8.34685 3.11369
8.84719 3.14274
9.34754 3.17178
9.84788 3.20082
10.3482 3.22986
10.8486 3.25891
11.3489 3.28795
11.8493 3.31699
12.3496 3.34604
12.8499 3.37508
13.3503 3.40412
13.8506 3.43316
14.351 3.46221
14.8513 3.49125
15.3517 3.52029
15.8571 3.52029
16.3625 3.55261
16.8679 3.58494
17.3733 3.61726
17.8787 3.64958
18.3841 3.68191
18.8896 3.71423
19.395 3.74655
19.9004 3.77887
20.4058 3.8112
20.9112 3.84352
21.3902 3.84352
21.8691 3.84315
22.348 3.84277
22.827 3.8424
23.3059 3.84202
23.7848 3.84165
24.2638 3.84127
24.7427 3.8409
25.2216 3.84052
25.7006 3.84015
26.1795 3.83977
26.6856 3.83977
27.1917 3.83977
29.726 4.43339
32.2602 4.43339
34.7945 4.43339
37.3287 4.43339
39.863 4.43339
42.3972 4.43339
44.9315 4.43339
47.4657 4.43339
50.0 4.43339
0.0 1.24457
0.501888 1.24457
1.00378 1.45816
1.50566 1.67176
2.00755 1.88535
2.50944 2.09894
3.01133 2.31253
3.51321 2.52613
4.0151 2.73972
4.51699 2.95331
5.01627 2.95331
5.51555 2.98401
6.01483 3.01471
6.51411 3.04541
7.01339 3.07611
7.51267 3.10681
8.01195 3.13751
8.51124 3.16821
9.01052 3.19891
9.5098 3.22961
10.0091 3.26031
10.5084 3.29101
11.0076 3.32171
11.5069 3.35241
12.0062 3.38311
12.5055 3.41381
13.0048 3.4445
13.504 3.4752
14.0033 3.5059
14.5026 3.5366
14.9866 3.5366
15.4707 3.55927
15.9547 3.58195
16.4387 3.60462
16.9227 3.62729
17.4068 3.64996
17.8908 3.67263
18.3748 3.6953
18.8589 3.71797
19.3429 3.74064
19.8684 3.74064
20.3938 3.76032
20.9193 3.77999
21.4448 3.79967
21.9703 3.81935
22.4957 3.83902
23.0212 3.8587
23.5467 3.87837
24.0616 3.87837
24.5765 3.87837
25.0914 3.87837
25.6063 3.87837
26.1212 3.87837
26.6361 3.87837
27.151 3.87837
29.6898 4.47254
32.2285 4.47254
34.7673 4.47254
37.3061 4.47254
39.8449 4.47254
42.3837 4.47254
44.9224 4.47254
47.4612 4.47254
50.0 4.47254
0.0 1.39166
0.523353 1.39166
1.04671 1.60145
1.57006 1.81125
2.09341 2.02104
2.61677 2.23084
3.14012 2.44063
3.66347 2.65043
4.18683 2.86023
4.69656 2.86023
5.20629 2.91864
5.71602 2.97705
6.22575 3.03546
6.73548 3.09387
7.24521 3.15229
7.75494 3.2107
8.26467 3.26911
8.7744 3.32752
9.28413 3.38593
9.78579 3.38593
10.2874 3.42663
10.7891 3.46734
11.2908 3.50804
11.7924 3.54874
12.2941 3.58944
12.7957 3.63014
13.2974 3.67084
13.799 3.71154
14.3007 3.75224
14.8023 3.79295
15.304 3.83365
15.8057 3.87435
16.3073 3.91505
16.809 3.95575
17.3106 3.99645
17.8123 4.03715
18.3139 4.07786
18.8156 4.11856
19.3173 4.15926
19.824 4.15926
20.3307 4.17127
20.8375 4.18327
21.3442 4.19528
21.8509 4.20729
22.3576 4.2193
22.8644 4.23131
23.3711 4.24332
23.8778 4.25533
24.3846 4.26733
24.8913 4.27934
25.398 4.29135
25.9048 4.30336
26.4115 4.31537
26.9182 4.32738
27.425 4.33938
27.9317 4.35139
28.4384 4.3634
28.9452 4.37541
29.4519 4.38742
29.9586 4.39943
30.4654 4.41144
30.9607 4.41144
31.456 4.41144
31.9513 4.41144
32.4466 4.41144
32.942 4.41144
33.4373 4.41144
33.9326 4.41144
34.4279 4.41144
34.9232 4.41144
35.4186 4.41144
35.9139 4.41144
36.4092 4.41144
36.9045 4.41144
37.3998 4.41144
37.8952 4.41144
38.3905 4.41144
38.8858 4.41144
39.3811 4.41144
39.8764 4.41144
40.3718 4.41144
42.7788 4.60866
45.1859 4.60866
47.5929 4.60866
50.0 4.60866
0.0 1.29973
0.512951 1.29973
1.0259 1.53716
1.53885 1.7746
2.0518 2.01204
2.56475 2.24948
3.02024 2.24948
3.47573 2.4121
3.93122 2.57473
4.38671 2.73735
4.8422 2.89998
5.32915 2.89998
5.8161 2.93059
6.30304 2.96121
6.78999 2.99183
7.27694 3.02244
7.76388 3.05306
8.25083 3.08367
8.73778 3.11429
9.22473 3.14491
9.71167 3.17552
10.1986 3.20614
10.6856 3.23676
11.1725 3.26737
11.6595 3.29799
12.1575 3.29799
12.6556 3.33335
13.1536 3.36872
13.6517 3.40409
14.1497 3.43945
14.6478 3.47482
15.1458 3.51018
15.6439 3.54555
16.1419 3.58092
16.64 3.61628
17.138 3.65165
17.6361 3.68701
18.1341 3.72238
18.6322 3.75775
19.1302 3.79311
19.6283 3.82848
20.1263 3.86385
20.6244 3.89921
21.1224 3.93458
21.6204 3.96994
22.1185 4.00531
22.6165 4.04068
23.1146 4.07604
23.6126 4.11141
24.0951 4.11141
24.5776 4.11141
25.0601 4.11141
25.5426 4.11141
26.0251 4.11141
26.5076 4.11141
26.9901 4.11141
27.4726 4.11141
27.9551 4.11141
28.4376 4.11141
28.9201 4.11141
29.4026 4.11141
29.8851 4.11141
32.3995 4.43162
34.9138 4.43162
37.4282 4.43162
39.9426 4.43162
42.4569 4.43162
44.9713 4.43162
47.4856 4.43162
50.0 4.43162
0.0 1.26015
0.504838 1.26015
1.00968 1.58483
1.51451 1.90951
2.01935 2.2342
2.49464 2.2342
2.96992 2.36828
3.44521 2.50237
3.92049 2.63645
4.39578 2.77054
4.87106 2.90462
5.36366 2.90462
5.85626 2.92778
6.34885 2.95094
6.84145 2.9741
7.33404 2.99726
7.82664 3.02042
8.31923 3.04358
8.81183 3.06674
9.30443 3.0899
9.79702 3.11306
10.2896 3.13622
10.7822 3.15938
11.2748 3.18254
11.7674 3.2057
12.2776 3.2057
12.7878 3.24273
13.298 3.27976
13.8082 3.31679
14.3184 3.35382
14.8286 3.39085
15.3388 3.42788
15.849 3.46491
16.3592 3.50194
16.8695 3.53897
17.3797 3.576
17.8899 3.61303
18.4001 3.65006
18.9103 3.68709
19.4205 3.72412
19.9307 3.76115
20.4409 3.79818
20.9511 3.83521
21.4613 3.87224
21.9715 3.90927
22.4817 3.9463
22.9919 3.98333
23.5021 4.02036
24.0123 4.05739
24.4922 4.05739
24.9721 4.05739
25.452 4.05739
25.9318 4.05739
26.4117 4.05739
26.8916 4.05739
27.3715 4.05739
27.8514 4.05739
28.3312 4.05739
28.8111 4.05739
29.291 4.05739
29.7709 4.05739
32.2995 4.4711
34.8282 4.4711
37.3568 4.4711
39.8854 4.4711
42.4141 4.4711
44.9427 4.4711
47.4714 4.4711
50.0 4.4711
0.0 1.38251
0.494985 1.38251
0.989969 1.60362
1.48495 1.82472
1.97994 2.04582
2.47492 2.26692
2.96991 2.48802
3.46489 2.70912
3.95988 2.93023
4.46419 2.93023
4.9685 2.9541
5.47281 2.97797
5.97712 3.00185
6.48143 3.02572
6.98574 3.0496
7.49004 3.07347
7.99435 3.09734
8.49866 3.12122
9.00297 3.14509
9.50728 3.16896
10.0116 3.19284
10.5159 3.21671
11.0202 3.24059
11.5245 3.26446
12.0288 3.28833
12.5331 3.31221
13.0375 3.33608
13.5418 3.35995
14.0461 3.38383
14.5504 3.4077
15.0547 3.43158
15.5555 3.43158
16.0563 3.4958
16.5571 3.56003
17.058 3.62426
17.5588 3.68849
18.0596 3.75272
18.5604 3.81695
19.0612 3.88118
19.5621 3.94541
20.0629 4.00964
20.5637 4.07387
21.0645 4.1381
21.5674 4.1381
22.0703 4.15378
22.5732 4.16946
23.0762 4.18514
23.5791 4.20082
24.082 4.2165
24.5849 4.23218
25.0878 4.24786
25.5907 4.26354
26.0936 4.27922
26.5965 4.2949
27.0994 4.31058
27.6023 4.32626
28.1053 4.34194
28.6082 4.35762
29.1111 4.3733
29.614 4.38898
30.1169 4.40466
30.6081 4.40466
31.0993 4.40466
31.5905 4.40466
32.0817 4.40466
32.5729 4.40466
33.0641 4.40466
33.5553 4.40466
34.0465 4.40466
34.5378 4.40466
35.029 4.40466
35.5202 4.40466
36.0114 4.40466
36.5026 4.40466
36.9938 4.40466
37.485 4.40466
37.9762 4.40466
38.4674 4.40466
38.9586 4.40466
39.4498 4.40466
39.941 4.40466
40.4322 4.40466
42.8242 4.61431
45.2161 4.61431
47.6081 4.61431
50.0 4.61431
0.0 1.43253
0.492551 1.43253
0.985101 1.64037
1.47765 1.84821
1.9702 2.05605
2.46275 2.26389
2.9553 2.47173
3.44785 2.67957
3.94041 2.88741
4.44861 2.88741
4.95681 2.91547
5.46502 2.94352
5.97322 2.97158
6.48142 2.99963
6.98963 3.02768
7.49783 3.05574
8.00603 3.08379
8.51424 3.11185
9.02244 3.1399
9.53064 3.16796
10.0388 3.19601
10.5471 3.22407
11.0553 3.25212
11.5635 3.28018
12.0717 3.30823
12.5799 3.33629
13.0881 3.36434
13.5963 3.3924
14.1045 3.42045
14.5974 3.42045
15.0904 3.50659
15.5833 3.59272
16.0763 3.67885
16.5692 3.76499
17.0622 3.85112
17.5551 3.93726
18.0481 4.02339
18.541 4.10952
19.0401 4.10952
19.5392 4.12304
20.0383 4.13655
20.5374 4.15007
21.0365 4.16358
21.5355 4.17709
22.0346 4.19061
22.5337 4.20412
23.0328 4.21764
23.5319 4.23115
24.031 4.24467
24.53 4.25818
25.0291 4.27169
25.5282 4.28521
26.0273 4.29872
26.5264 4.31224
27.0255 4.32575
27.5245 4.33926
28.0236 4.35278
28.5227 4.36629
29.0218 4.37981
29.5209 4.39332
30.02 4.40683
30.5154 4.40683
31.0108 4.40683
31.5062 4.40683
32.0016 4.40683
32.4971 4.40683
32.9925 4.40683
33.4879 4.40683
33.9833 4.40683
34.4787 4.40683
34.9741 4.40683
35.4696 4.40683
35.965 4.40683
36.4604 4.40683
36.9558 4.40683
37.4512 4.40683
37.9467 4.40683
38.4421 4.40683
38.9375 4.40683
39.4329 4.40683
39.9283 4.40683
40.4237 4.40683
42.8178 4.62217
45.2119 4.62217
47.6059 4.62217
50.0 4.62217
0.0 1.43841
0.526911 1.43841
1.05382 1.65362
1.58073 1.86883
2.10764 2.08403
2.63455 2.29924
3.16146 2.51445
3.68837 2.72965
4.21528 2.94486
4.71676 2.94486
5.21823 2.96763
5.7197 2.9904
6.22118 3.01317
6.72265 3.03595
7.22412 3.05872
7.7256 3.08149
8.22707 3.10426
8.72854 3.12703
9.23002 3.14981
9.73149 3.17258
10.233 3.19535
10.7344 3.21812
11.2359 3.24089
11.7374 3.26367
12.2389 3.28644
12.7403 3.30921
13.2418 3.33198
13.7433 3.35475
14.2447 3.37752
14.7462 3.4003
15.2477 3.42307
15.7492 3.44584
16.2273 3.44584
16.7054 3.5225
17.1836 3.59916
17.6617 3.67582
18.1399 3.75248
18.618 3.82914
19.0961 3.9058
19.5743 3.98246
20.0524 4.05912
20.5305 4.13578
21.0358 4.13578
21.5411 4.14732
22.0463 4.15886
22.5516 4.1704
23.0569 4.18194
23.5621 4.19348
24.0674 4.20503
24.5726 4.21657
25.0779 4.22811
25.5832 4.23965
26.0884 4.25119
26.5937 4.26273
27.0989 4.27427
27.6042 4.28581
28.1095 4.29735
28.6147 4.30889
29.12 4.32043
29.6253 4.33197
30.1305 4.34351
30.6358 4.35505
31.141 4.36659
31.6463 4.37813
32.1516 4.38967
32.6568 4.40121
33.1713 4.40121
33.6857 4.40121
34.2001 4.40121
34.7145 4.40121
35.2289 4.40121
35.7433 4.40121
36.2578 4.40121
36.7722 4.40121
37.2866 4.40121
37.801 4.40121
38.3154 4.40121
38.8299 4.40121
39.3443 4.40121
39.8587 4.40121
40.3731 4.40121
42.7798 4.66017
45.1866 4.66017
47.5933 4.66017
50.0 4.66017
0.0 1.2278
0.49292 1.2278
0.98584 1.43433
1.47876 1.64086
1.97168 1.84739
2.4646 2.05392
2.95752 2.26045
3.45044 2.46697
3.94336 2.6735
4.43628 2.88003
4.93049 2.88003
5.4247 2.92112
5.9189 2.9622
6.41311 3.00329
6.90732 3.04437
7.40153 3.08546
7.89574 3.12655
8.38994 3.16763
8.88415 3.20872
9.37836 3.2498
9.87257 3.29089
10.3668 3.33198
10.861 3.37306
11.3552 3.41415
11.8494 3.45523
12.3436 3.49632
12.8483 3.49632
13.353 3.50892
13.8576 3.52152
14.3623 3.53412
14.867 3.54672
15.3716 3.55932
15.8763 3.57192
16.381 3.58452
16.8857 3.59712
17.3903 3.60972
17.895 3.62232
18.3997 3.63492
18.9044 3.64752
19.409 3.66012
19.9137 3.67272
20.4184 3.68532
20.923 3.69792
21.4277 3.71052
21.9324 3.72312
22.4816 3.72312
23.0309 3.81894
23.5801 3.91475
24.0737 3.91475
24.5672 3.91475
25.0608 3.91475
25.5543 3.91475
26.0479 3.91475
26.5414 3.91475
27.035 3.91475
29.5866 4.46645
32.1383 4.46645
34.69 4.46645
37.2416 4.46645
39.7933 4.46645
42.345 4.46645
44.8967 4.46645
47.4483 4.46645
50.0 4.46645
0.0 1.17915
0.514427 1.17915
1.02885 1.42407
1.54328 1.669
2.05771 1.91392
2.57214 2.15885
3.08656 2.40377
3.60099 2.6487
4.11542 2.89362
4.62407 2.89362
5.13273 2.92529
5.64139 2.95696
6.15004 2.98863
6.6587 3.0203
7.16735 3.05197
7.67601 3.08365
8.18467 3.11532
8.69332 3.14699
9.20198 3.17866
9.71063 3.21033
10.2193 3.242
10.7279 3.27367
11.2366 3.30534
11.7453 3.33701
12.2539 3.36868
12.7626 3.40035
13.2712 3.43202
13.7799 3.46369
14.2885 3.49536
14.8081 3.49536
15.3276 3.53312
15.8471 3.57087
16.3666 3.60863
16.8861 3.64638
17.4057 3.68414
17.9252 3.72189
18.4445 3.72189
18.9639 3.74269
19.4832 3.76348
20.0026 3.78427
20.5219 3.80507
21.0413 3.82586
21.5606 3.84665
22.08 3.86745
22.5993 3.88824
23.1187 3.90903
23.638 3.92982
24.1574 3.95062
24.6302 3.95062
25.103 3.95062
25.5759 3.95062
26.0487 3.95062
26.5216 3.95062
26.9944 3.95062
29.5506 4.53588
32.1068 4.53588
34.6629 4.53588
37.2191 4.53588
39.7753 4.53588
42.3315 4.53588
44.8876 4.53588
47.4438 4.53588
50.0 4.53588
0.0 1.2021
0.47544 1.2021
0.950879 1.39255
1.42632 1.58299
1.90176 1.77343
2.3772 1.96387
2.85264 2.15431
3.32808 2.34475
3.80352 2.5352
4.27896 2.72564
4.7544 2.91608
5.25994 2.91608
5.76549 2.9397
6.27103 2.96331
6.77657 2.98693
7.28212 3.01055
7.78766 3.03417
8.29321 3.05778
8.79875 3.0814
9.3043 3.10502
9.80984 3.12863
10.3154 3.15225
10.8209 3.17587
11.3265 3.19948
11.832 3.2231
12.3376 3.24672
12.8431 3.27033
13.3486 3.29395
13.8542 3.31757
14.3597 3.34119
14.8653 3.3648
15.3708 3.38842
15.8764 3.41204
16.3819 3.43565
16.8875 3.45927
17.393 3.48289
17.9037 3.48289
18.4144 3.53195
18.925 3.58102
19.4357 3.63009
19.9464 3.67915
20.4571 3.72822
20.9867 3.72822
21.5164 3.78819
22.046 3.84817
22.5757 3.90814
23.1053 3.96811
23.635 4.02808
24.107 4.02808
24.579 4.02808
25.051 4.02808
25.523 4.02808
25.995 4.02808
26.467 4.02808
26.939 4.02808
29.5013 4.49948
32.0637 4.49948
34.626 4.49948
37.1883 4.49948
39.7507 4.49948
42.313 4.49948
44.8753 4.49948
47.4377 4.49948
50.0 4.49948
0.0 1.45173
0.491005 1.45173
0.982011 1.64761
1.47302 1.84349
1.96402 2.03936
2.45503 2.23524
2.94603 2.43111
3.43704 2.62699
3.92804 2.82287
4.41905 3.01874
4.93167 3.01874
5.44429 3.0769
5.95691 3.13506
6.46953 3.19322
6.98216 3.25138
7.49478 3.30954
8.0074 3.3677
8.52002 3.42586
9.03264 3.48402
9.54322 3.48402
10.0538 3.51939
10.5644 3.55476
11.075 3.59013
11.5855 3.6255
12.0961 3.66087
12.6067 3.69624
13.1173 3.73161
13.6278 3.76698
14.1384 3.80234
14.649 3.83771
15.1596 3.87308
15.6702 3.90845
16.1807 3.94382
16.6913 3.97919
17.2019 4.01456
17.7125 4.04993
18.223 4.0853
18.7336 4.12066
19.2442 4.15603
19.7548 4.1914
20.2677 4.1914
20.7806 4.2057
21.2936 4.22
21.8065 4.2343
22.3194 4.24859
22.8323 4.26289
23.3452 4.27719
23.8582 4.29149
24.3711 4.30579
24.884 4.32008
25.3969 4.33438
25.9099 4.34868
26.4228 4.36298
26.9357 4.37727
27.4486 4.39157
27.9616 4.40587
28.4745 4.42017
28.9874 4.43447
29.5003 4.44876
29.991 4.44876
30.4817 4.44876
30.9723 4.44876
31.463 4.44876
31.9536 4.44876
32.4443 4.44876
32.935 4.44876
33.4256 4.44876
33.9163 4.44876
34.407 4.44876
34.8976 4.44876
35.3883 4.44876
35.8789 4.44876
36.3696 4.44876
36.8603 4.44876
37.3509 4.44876
37.8416 4.44876
38.3322 4.44876
38.8229 4.44876
39.3136 4.44876
39.8042 4.44876
40.2949 4.44876
42.7212 4.63347
45.1474 4.63347
47.5737 4.63347
50.0 4.63347
0.0 1.13829
0.52692 1.13829
1.05384 1.3906
1.58076 1.6429
2.10768 1.89521
2.6346 2.14751
3.16152 2.39982
3.68844 2.65212
4.21536 2.90443
4.71436 2.90443
5.21335 2.93189
5.71235 2.95936
6.21134 2.98682
6.71033 3.01429
7.20933 3.04175
7.70832 3.06921
8.20732 3.09668
8.70631 3.12414
9.20531 3.15161
9.7043 3.17907
10.2033 3.20654
10.7023 3.234
11.2013 3.26147
11.7003 3.28893
12.1993 3.3164
12.6983 3.34386
13.1973 3.37132
13.6963 3.39879
14.2106 3.39879
14.725 3.42709
15.2394 3.4554
15.7538 3.4837
16.2682 3.51201
16.7826 3.54032
17.2969 3.56862
17.8113 3.59693
18.3257 3.62523
18.8401 3.65354
19.3545 3.68184
19.8689 3.71015
20.3832 3.73845
20.8491 3.73845
21.315 3.78747
21.7808 3.83649
22.2467 3.8855
22.7125 3.93452
23.1784 3.98354
23.7114 3.98354
24.2443 3.98354
24.7773 3.98354
25.3103 3.98354
25.8432 3.98354
26.3762 3.98354
26.9091 3.98354
29.4748 4.4144
32.0404 4.4144
34.6061 4.4144
37.1717 4.4144
39.7374 4.4144
42.303 4.4144
44.8687 4.4144
47.4343 4.4144
50.0 4.4144
0.0 1.19641
0.500009 1.19641
1.00002 1.44092
1.50003 1.68542
2.00004 1.92992
2.50005 2.17443
3.00006 2.41893
3.50007 2.66344
4.00008 2.90794
4.49845 2.90794
4.99682 2.93112
5.49519 2.9543
5.99357 2.97748
6.49194 3.00066
6.99031 3.02384
7.48868 3.04703
7.98706 3.07021
8.48543 3.09339
8.9838 3.11657
9.48217 3.13975
9.98054 3.16293
10.4789 3.18611
10.9773 3.20929
11.4757 3.23247
11.974 3.25565
12.4724 3.27883
12.9708 3.30201
13.4692 3.32519
13.9675 3.34837
14.4659 3.37155
14.9643 3.39474
15.4863 3.39474
16.0084 3.44374
16.5304 3.49274
17.0524 3.54174
17.5745 3.59074
18.0965 3.63974
18.6186 3.68874
19.1406 3.73774
19.6627 3.78675
20.1847 3.83575
20.6899 3.83575
21.1951 3.85096
21.7002 3.86618
22.2054 3.88139
22.7106 3.89661
23.2158 3.91182
23.7209 3.92703
24.2261 3.94225
24.7605 3.94225
25.2949 3.94225
25.8293 3.94225
26.3637 3.94225
26.8981 3.94225
29.465 4.42153
32.0319 4.42153
34.5988 4.42153
37.1656 4.42153
39.7325 4.42153
42.2994 4.42153
44.8663 4.42153
47.4331 4.42153
50.0 4.42153
0.0 1.21138
0.488693 1.21138
0.977385 1.3992
1.46608 1.58702
1.95477 1.77484
2.44346 1.96266
2.93216 2.15048
3.42085 2.3383
3.90954 2.52612
4.39823 2.71394
4.88693 2.90176
5.39473 2.90176
5.90254 2.92762
6.41034 2.95349
6.91815 2.97935
7.42595 3.00521
7.93376 3.03107
8.44157 3.05694
8.94937 3.0828
9.45718 3.10866
9.96498 3.13453
10.4728 3.16039
10.9806 3.18625
11.4884 3.21212
11.9962 3.23798
12.504 3.26384
13.0118 3.28971
13.5196 3.31557
14.0274 3.34143
14.5352 3.36729
15.043 3.39316
15.554 3.39316
16.065 3.43644
16.576 3.47971
17.0869 3.52299
17.5979 3.56627
18.1089 3.60955
18.6199 3.65283
19.1308 3.69611
19.6418 3.73938
20.1528 3.78266
20.6485 3.78266
21.1442 3.8258
21.6398 3.86893
22.1355 3.91206
22.6312 3.95519
23.1269 3.99833
23.6226 4.04146
24.0971 4.04146
24.5715 4.04146
25.046 4.04146
25.5205 4.04146
25.9949 4.04146
26.4694 4.04146
26.9439 4.04146
29.5057 4.45776
32.0674 4.45776
34.6292 4.45776
37.191 4.45776
39.7528 4.45776
42.3146 4.45776
44.8764 4.45776
47.4382 4.45776
50.0 4.45776
0.0 1.23039
0.506577 1.23039
1.01315 1.44503
1.51973 1.65967
2.02631 1.87431
2.53289 2.08895
3.03946 2.30359
3.54604 2.51823
4.05262 2.73287
4.5592 2.94751
5.0596 2.94751
5.56001 2.96808
6.06042 2.98865
6.56082 3.00921
7.06123 3.02978
7.56164 3.05035
8.06204 3.07092
8.56245 3.09149
9.06285 3.11205
9.56326 3.13262
10.0637 3.15319
10.5641 3.17376
11.0645 3.19433
11.5649 3.21489
12.0653 3.23546
12.5657 3.25603
13.0661 3.2766
13.5665 3.29717
14.0669 3.31773
14.5673 3.3383
15.0677 3.35887
15.5681 3.37944
16.0685 3.40001
16.569 3.42057
17.061 3.42057
17.553 3.48573
18.045 3.55089
18.537 3.61604
19.029 3.6812
19.521 3.74636
20.0131 3.81151
20.5359 3.81151
21.0588 3.86018
21.5817 3.90885
22.1046 3.95752
22.6275 4.00619
23.1504 4.05485
23.6214 4.05485
24.0924 4.05485
24.5635 4.05485
25.0345 4.05485
25.5055 4.05485
25.9765 4.05485
26.4475 4.05485
26.9186 4.05485
29.4832 4.43202
32.0478 4.43202
34.6124 4.43202
37.177 4.43202
39.7416 4.43202
42.3062 4.43202
44.8708 4.43202
47.4354 4.43202
50.0 4.43202
0.0 1.44231
0.493217 1.44231
0.986434 1.63495
1.47965 1.82759
1.97287 2.02023
2.46609 2.21287
2.9593 2.40552
3.45252 2.59816
3.94574 2.7908
4.43895 2.98344
4.95063 2.98344
5.4623 3.01323
5.97398 3.04303
6.48565 3.07282
6.99733 3.10261
7.509 3.1324
8.02068 3.1622
8.53235 3.19199
9.04403 3.22178
9.5557 3.25157
10.0674 3.28136
10.5791 3.31116
11.0907 3.34095
11.6024 3.37074
12.1141 3.40053
12.6257 3.43033
13.1374 3.46012
13.6391 3.46012
14.1407 3.51372
14.6423 3.56731
15.144 3.62091
15.6456 3.67451
16.1473 3.72811
16.6489 3.7817
17.1506 3.8353
17.6522 3.8889
18.1538 3.94249
18.6555 3.99609
19.1571 4.04969
19.6588 4.10329
20.1604 4.15688
20.662 4.21048
21.1637 4.26408
21.6653 4.31768
22.1596 4.31768
22.6539 4.31986
23.1482 4.32204
23.6425 4.32422
24.1368 4.3264
24.6311 4.32858
25.1254 4.33076
25.6197 4.33294
26.114 4.33512
26.6084 4.3373
27.1027 4.33948
27.597 4.34166
28.0913 4.34384
28.5856 4.34602
29.0799 4.3482
29.5742 4.35038
30.0685 4.35256
30.5628 4.35474
31.0571 4.35692
31.5514 4.3591
32.052 4.3591
32.5526 4.3591
33.0532 4.3591
33.5539 4.3591
34.0545 4.3591
34.5551 4.3591
35.0557 4.3591
35.5563 4.3591
36.0569 4.3591
36.5576 4.3591
37.0582 4.3591
37.5588 4.3591
38.0594 4.3591
38.56 4.3591
39.0607 4.3591
39.5613 4.3591
40.0619 4.3591
40.5625 4.3591
42.9219 4.75861
45.2813 4.75861
47.6406 4.75861
50.0 4.75861
0.0 1.44783
0.52656 1.44783
1.05312 1.64382
1.57968 1.83981
2.10624 2.0358
2.6328 2.2318
3.15936 2.42779
3.68592 2.62378
4.21248 2.81977
4.73904 3.01577
5.24757 3.01577
5.75609 3.04133
6.26461 3.0669
6.77313 3.09247
7.28165 3.11803
7.79017 3.1436
8.2987 3.16917
8.80722 3.19474
9.31574 3.2203
9.82426 3.24587
10.3328 3.27144
10.8413 3.29701
11.3498 3.32257
11.8583 3.34814
12.3669 3.37371
12.8754 3.39928
13.3839 3.42484
13.8924 3.45041
14.401 3.47598
14.9095 3.50155
15.4159 3.50155
15.9223 3.59673
16.4287 3.69191
16.9352 3.78709
17.4416 3.88227
17.948 3.97745
18.4544 4.07263
18.9608 4.16781
19.4673 4.26299
19.9737 4.35817
20.4724 4.35817
20.9711 4.35849
21.4698 4.3588
21.9685 4.35911
22.4672 4.35942
22.9659 4.35974
23.4646 4.36005
23.9633 4.36036
24.462 4.36068
24.9607 4.36099
25.4595 4.3613
25.9582 4.36161
26.4569 4.36193
26.9556 4.36224
27.4543 4.36255
27.953 4.36287
28.4517 4.36318
28.9504 4.36349
29.4491 4.3638
29.9478 4.36412
30.4571 4.36412
30.9665 4.36412
31.4758 4.36412
31.9852 4.36412
32.4945 4.36412
33.0038 4.36412
33.5132 4.36412
34.0225 4.36412
34.5318 4.36412
35.0412 4.36412
35.5505 4.36412
36.0599 4.36412
36.5692 4.36412
37.0785 4.36412
37.5879 4.36412
38.0972 4.36412
38.6065 4.36412
39.1159 4.36412
39.6252 4.36412
40.1346 4.36412
40.6439 4.36412
42.9829 4.83716
45.3219 4.83716
47.661 4.83716
50.0 4.83716
0.0 1.19255
0.496268 1.19255
0.992535 1.40868
1.4888 1.62481
1.98507 1.84093
2.48134 2.05706
2.97761 2.27319
3.47387 2.48931
3.97014 2.70544
4.46641 2.92157
4.95694 2.92157
5.44748 2.94359
5.93801 2.96561
6.42855 2.98763
6.91908 3.00965
7.40962 3.03167
7.90015 3.05369
8.39069 3.0757
8.88122 3.09772
9.37175 3.11974
9.86229 3.14176
10.3528 3.16378
10.8434 3.1858
11.3339 3.20782
11.8244 3.22984
12.315 3.25186
12.8055 3.27388
13.296 3.2959
13.7866 3.31792
14.2771 3.33994
14.7676 3.36196
15.2582 3.38398
15.7487 3.406
16.2392 3.42802
16.7455 3.42802
17.2518 3.48095
17.7581 3.53389
18.2644 3.58683
18.7707 3.63977
19.277 3.6927
19.7833 3.74564
20.2896 3.79858
20.8157 3.79858
21.3417 3.84072
21.8678 3.88285
22.3938 3.92499
22.9199 3.96713
23.4459 4.00926
23.972 4.0514
24.498 4.09354
24.9957 4.09354
25.4934 4.09354
25.9911 4.09354
26.4888 4.09354
26.9864 4.09354
29.5435 4.41399
32.1006 4.41399
34.6576 4.41399
37.2147 4.41399
39.7718 4.41399
42.3288 4.41399
44.8859 4.41399
47.4429 4.41399
50.0 4.41399
0.0 1.48787
0.498286 1.48787
0.996572 1.64428
1.49486 1.80069
1.99314 1.9571
2.49143 2.11351
2.98972 2.26992
3.488 2.42632
3.98629 2.58273
4.48457 2.73914
4.98286 2.89555
5.48115 3.05196
5.9904 3.05196
6.49966 3.08517
7.00891 3.11837
7.51817 3.15158
8.02742 3.18478
8.53668 3.21798
9.04594 3.25119
9.55519 3.28439
10.0644 3.3176
10.5737 3.3508
11.083 3.384
11.5922 3.41721
12.1015 3.45041
12.6107 3.48362
13.1236 3.48362
13.6365 3.54212
14.1494 3.60063
14.6623 3.65913
15.1751 3.71764
15.688 3.77614
16.2009 3.83465
16.7138 3.89316
17.2267 3.95166
17.7396 4.01017
18.2524 4.06867
18.7653 4.12718
19.2782 4.18568
19.7911 4.24419
20.304 4.3027
20.8169 4.3612
21.3177 4.3612
21.8186 4.35993
22.3194 4.35865
22.8203 4.35738
23.3211 4.35611
23.822 4.35483
24.3228 4.35356
24.8237 4.35229
25.3245 4.35101
25.8254 4.34974
26.3262 4.34847
26.8271 4.34719
27.328 4.34592
27.8288 4.34465
28.3297 4.34337
28.8305 4.3421
29.3314 4.34083
29.8322 4.33955
30.3331 4.33828
30.8339 4.337
31.3348 4.33573
31.8356 4.33446
32.3365 4.33318
32.8374 4.33191
33.3382 4.33064
33.8391 4.32936
34.3223 4.32936
34.8056 4.32936
35.2888 4.32936
35.772 4.32936
36.2553 4.32936
36.7385 4.32936
37.2218 4.32936
37.705 4.32936
38.1883 4.32936
38.6715 4.32936
39.1547 4.32936
39.638 4.32936
40.1212 4.32936
40.6045 4.32936
42.9533 4.8176
45.3022 4.8176
47.6511 4.8176
50.0 4.8176
0.0 1.21727
0.516744 1.21727
1.03349 1.45298
1.55023 1.68869
2.06698 1.9244
2.58372 2.16011
3.10046 2.39582
3.61721 2.63153
4.13395 2.86724
4.6203 2.86724
5.10664 2.88245
5.59298 2.89766
6.07932 2.91287
6.56567 2.92809
7.05201 2.9433
7.53835 2.95851
8.02469 2.97372
8.51104 2.98893
8.99738 3.00414
9.48372 3.01935
9.97007 3.03457
10.4564 3.04978
10.9339 3.04978
11.4114 3.0882
11.8889 3.12661
12.3663 3.16503
12.8438 3.20345
13.3213 3.24187
13.7988 3.28029
14.2763 3.31871
14.7538 3.35713
15.2312 3.39555
15.7087 3.43396
16.2117 3.43396
16.7147 3.46125
17.2177 3.48853
17.7206 3.51581
18.2236 3.5431
18.7266 3.57038
19.2296 3.59766
19.7326 3.62495
20.2355 3.65223
20.7385 3.67951
21.2415 3.7068
21.7334 3.7068
22.2252 3.7068
22.7171 3.7068
23.209 3.7068
23.7008 3.7068
24.1927 3.7068
24.6846 3.7068
25.1765 3.7068
25.6683 3.7068
26.1602 3.7068
28.5442 4.3962
30.9282 4.3962
33.3121 4.3962
35.6961 4.3962
38.0801 4.3962
40.4641 4.3962
42.8481 4.3962
45.232 4.3962
47.616 4.3962
50.0 4.3962
0.0 1.49065
0.482988 1.49065
0.965976 1.65822
1.44896 1.82578
1.93195 1.99334
2.41494 2.16091
2.89793 2.32847
3.38092 2.49604
3.8639 2.6636
4.34689 2.83116
4.82988 2.99873
5.34643 2.99873
5.86299 3.0455
6.37954 3.09227
6.8961 3.13905
7.41265 3.18582
7.9292 3.23259
8.44576 3.27937
8.96231 3.32614
9.47886 3.37291
9.99542 3.41968
10.512 3.46646
11.0005 3.46646
11.4891 3.50881
11.9776 3.55115
12.4662 3.5935
12.9547 3.63585
13.4433 3.6782
13.9318 3.72055
14.4204 3.7629
14.9089 3.80524
15.3975 3.84759
15.886 3.88994
16.3746 3.93229
16.8631 3.97464
17.3517 4.01698
17.8402 4.05933
18.3288 4.10168
18.8174 4.14403
19.3059 4.18638
19.7945 4.22873
20.283 4.27107
20.7716 4.31342
21.2628 4.31342
21.7541 4.315
22.2453 4.31658
22.7366 4.31816
23.2278 4.31974
23.7191 4.32131
24.2103 4.32289
24.7016 4.32447
25.1928 4.32605
25.6841 4.32763
26.1753 4.32921
26.6666 4.33078
27.1578 4.33236
27.6491 4.33394
28.1403 4.33552
28.6316 4.3371
29.1228 4.33868
29.6141 4.34025
30.1053 4.34183
30.5966 4.34341
31.0878 4.34499
31.5791 4.34657
32.0703 4.34815
32.5616 4.34972
33.0528 4.3513
33.5441 4.35288
34.0353 4.35446
34.5266 4.35604
35.0336 4.35604
35.5406 4.35604
36.0476 4.35604
36.5546 4.35604
37.0616 4.35604
37.5686 4.35604
38.0756 4.35604
38.5826 4.35604
39.0896 4.35604
39.5966 4.35604
40.1036 4.35604
40.6106 4.35604
42.9579 4.88514
45.3053 4.88514
47.6526 4.88514
50.0 4.88514
0.0 1.10623
0.510407 1.10623
1.02081 1.36825
1.53122 1.63027
2.04163 1.89229
2.55203 2.15431
3.06244 2.41634
3.57285 2.67836
4.05208 2.67836
4.53131 2.74366
5.01053 2.80896
5.48976 2.87426
5.96899 2.93957
6.44822 3.00487
6.92745 3.07017
7.44542 3.07017
7.96338 3.06912
8.48135 3.06807
8.99932 3.06702
9.51728 3.06597
10.0144 3.06597
10.5115 3.09662
11.0086 3.12727
11.5057 3.15792
12.0028 3.18857
12.4999 3.21922
12.997 3.24986
13.494 3.28051
13.9911 3.31116
14.4882 3.34181
14.9853 3.37246
15.4824 3.40311
15.9795 3.43376
16.4766 3.4644
16.9737 3.49505
17.4708 3.5257
17.9679 3.55635
18.465 3.587
18.9621 3.61765
19.4592 3.64829
19.9563 3.67894
20.4534 3.70959
20.9505 3.74024
21.4476 3.77089
21.9447 3.80154
22.4418 3.83219
22.9389 3.86283
23.436 3.89348
23.9331 3.92413
24.4302 3.95478
24.9272 3.98543
25.4243 4.01608
25.9214 4.04673
26.41 4.04673
26.8985 4.04673
27.3871 4.04673
27.8756 4.04673
28.3642 4.04673
28.8527 4.04673
29.3413 4.04673
29.8298 4.04673
30.3184 4.04673
32.7786 4.52103
35.2388 4.52103
37.699 4.52103
40.1592 4.52103
42.6194 4.52103
45.0796 4.52103
47.5398 4.52103
50.0 4.52103
0.0 1.2331
0.51698 1.2331
1.03396 1.44386
1.55094 1.65462
2.06792 1.86538
2.5849 2.07614
3.10188 2.28689
3.61886 2.49765
4.13584 2.70841
4.65282 2.91917
5.16635 2.91917
5.67988 2.94592
6.1934 2.97267
6.70693 2.99942
7.22046 3.02617
7.73399 3.05293
8.24751 3.07968
8.76104 3.10643
9.27457 3.13318
9.7881 3.15993
10.3016 3.18668
10.8152 3.21343
11.3287 3.24018
11.8422 3.26693
12.3557 3.29368
12.8693 3.32043
13.3828 3.34718
13.8963 3.37393
14.4013 3.37393
14.9063 3.41731
15.4113 3.46069
15.9164 3.50407
16.4214 3.54745
16.9264 3.59082
17.4314 3.6342
17.9364 3.67758
18.4414 3.72096
18.9464 3.76433
19.4514 3.80771
19.9374 3.80771
20.4234 3.84362
20.9094 3.87953
21.3954 3.91543
21.8813 3.95134
22.3673 3.98725
22.8533 4.02316
23.3599 4.02316
23.8666 4.02316
24.3732 4.02316
24.8798 4.02316
25.3865 4.02316
25.8931 4.02316
26.3997 4.02316
26.9063 4.02316
29.4723 4.49051
32.0383 4.49051
34.6042 4.49051
37.1702 4.49051
39.7362 4.49051
42.3021 4.49051
44.8681 4.49051
47.434 4.49051
50.0 4.49051
0.0 1.23821
0.51542 1.23821
1.03084 1.464
1.54626 1.68978
2.06168 1.91557
2.5771 2.14135
3.09252 2.36714
3.60794 2.59292
4.12336 2.81871
4.62216 2.81871
5.12096 2.84992
5.61975 2.88113
6.11855 2.91234
6.61735 2.94356
7.11614 2.97477
7.61494 3.00598
8.11373 3.03719
8.61253 3.06841
9.11133 3.09962
9.61012 3.13083
10.1089 3.16205
10.6077 3.19326
11.1065 3.22447
11.6053 3.25568
12.1041 3.2869
12.6029 3.31811
13.1017 3.34932
13.6005 3.38053
14.0992 3.38053
14.598 3.40566
15.0967 3.43079
15.5955 3.45591
16.0942 3.48104
16.5929 3.50616
17.0917 3.53129
17.5904 3.55641
18.0891 3.58154
18.5879 3.60666
19.0866 3.63179
19.5854 3.65691
20.0841 3.68204
20.5828 3.70716
21.0816 3.73229
21.5803 3.75742
22.065 3.75742
22.5497 3.90758
23.0344 4.05774
23.5221 4.05774
24.0098 4.05774
24.4975 4.05774
24.9852 4.05774
25.4729 4.05774
25.9606 4.05774
26.4483 4.05774
26.936 4.05774
29.4987 4.39704
32.0613 4.39704
34.624 4.39704
37.1867 4.39704
39.7493 4.39704
42.312 4.39704
44.8747 4.39704
47.4373 4.39704
50.0 4.39704
0.0 1.00841
0.490908 1.00841
0.981816 1.40776
1.47272 1.80711
1.96363 2.20646
2.45454 2.60581
2.94545 3.00515
3.43211 3.00515
3.91877 3.02568
4.40543 3.04621
4.89209 3.06673
5.37875 3.08726
5.86541 3.10779
6.35207 3.12831
6.83873 3.14884
7.3254 3.16937
7.81206 3.18989
8.29872 3.21042
8.78538 3.23095
9.27204 3.25147
9.7587 3.272
10.2454 3.29253
10.732 3.31305
11.239 3.31305
11.7459 3.29357
12.2529 3.27408
12.7367 3.27408
13.2206 3.26268
13.7045 3.25129
14.1883 3.23989
14.6722 3.22849
15.156 3.2171
15.6399 3.2057
16.1237 3.1943
16.6076 3.18291
17.088 3.18291
17.5683 3.18291
18.0487 3.18291
18.529 3.18291
19.0094 3.18291
19.4897 3.18291
22.0323 4.68731
24.5748 4.68731
27.1173 4.68731
29.6598 4.68731
32.2023 4.68731
34.7449 4.68731
37.2874 4.68731
39.8299 4.68731
42.3724 4.68731
44.915 4.68731
47.4575 4.68731
50.0 4.68731
0.0 1.52991
0.0813859 1.52991
0.575839 1.40503
1.07029 1.62121
1.56474 1.83739
2.0592 2.05357
2.55365 2.26975
3.0481 2.48593
3.54255 2.70211
4.03701 2.91829
4.52877 2.91829
5.02053 2.94875
5.51229 2.97921
6.00406 3.00967
6.49582 3.04013
6.98758 3.07059
7.47934 3.10105
7.9711 3.13151
8.46287 3.16197
8.95463 3.19243
9.44639 3.22289
9.93815 3.25335
10.4299 3.28381
10.9217 3.31428
11.4134 3.34474
11.9052 3.3752
12.397 3.40566
12.8887 3.43612
13.3805 3.46658
13.8722 3.49704
14.364 3.5275
14.8558 3.55796
15.3475 3.58842
15.8393 3.61888
16.3311 3.64934
16.8277 3.64934
17.3243 3.70537
17.821 3.7614
18.3176 3.81744
18.8142 3.87347
19.3108 3.9295
19.8075 3.98553
20.3041 4.04156
20.8007 4.09759
21.2974 4.15362
21.794 4.20965
22.2906 4.26568
22.7873 4.32171
23.2839 4.37774
23.7805 4.43377
24.2867 4.43377
24.7928 4.43377
25.2989 4.43377
25.805 4.43377
26.3111 4.43377
26.8173 4.43377
27.3234 4.43377
27.8295 4.43377
28.3356 4.43377
28.8418 4.43377
29.3479 4.43377
29.854 4.43377
30.3601 4.43377
30.8663 4.43377
31.3724 4.43377
31.8785 4.43377
32.3846 4.43377
32.8907 4.43377
33.3969 4.43377
33.903 4.43377
34.4091 4.43377
34.9152 4.43377
35.4214 4.43377
35.9275 4.43377
36.4336 4.43377
36.9397 4.43377
37.4458 4.43377
37.952 4.43377
38.4581 4.43377
38.9642 4.43377
39.4703 4.43377
39.9765 4.43377
40.4826 4.43377
40.9887 4.43377
41.4948 4.43377
44.3299 4.72686
47.1649 4.72686
50.0 4.72686
0.0 1.18116
0.524775 1.18116
1.04955 1.43567
1.57432 1.69018
2.0991 1.9447
2.62387 2.19921
3.14865 2.45372
3.67342 2.70823
4.15665 2.70823
4.63987 2.74875
5.1231 2.78927
5.60632 2.82979
6.08955 2.87031
6.57277 2.91082
7.056 2.95134
7.53922 2.99186
8.02245 3.03238
8.50567 3.0729
9.0259 3.0729
9.54613 3.06813
10.0664 3.06337
10.5866 3.0586
11.1068 3.05384
11.627 3.04907
12.1473 3.04431
12.6675 3.03954
13.1606 3.03954
13.6538 3.08377
14.1469 3.12799
14.6401 3.17222
15.1332 3.21644
15.6263 3.26067
16.1195 3.30489
16.6126 3.34912
17.1058 3.39334
17.5989 3.43757
18.092 3.48179
18.5852 3.52602
19.0783 3.57025
19.5715 3.61447
20.0646 3.6587
20.5577 3.70292
21.0509 3.74715
21.544 3.79137
22.0371 3.8356
22.5303 3.87982
23.0234 3.92405
23.5166 3.96827
24.0097 4.0125
24.5028 4.05672
24.996 4.10095
25.4878 4.10095
25.9795 4.10095
26.4713 4.10095
26.9631 4.10095
27.4548 4.10095
27.9466 4.10095
28.4384 4.10095
28.9301 4.10095
29.4219 4.10095
29.9137 4.10095
30.4055 4.10095
32.8548 4.59875
35.3041 4.59875
37.7534 4.59875
40.2027 4.59875
42.652 4.59875
45.1014 4.59875
47.5507 4.59875
50.0 4.59875
0.0 1.26066
0.48993 1.26066
0.97986 1.45884
1.46979 1.65701
1.95972 1.85518
2.44965 2.05336
2.93958 2.25153
3.42951 2.44971
3.91944 2.64788
4.40937 2.84606
4.90943 2.84606
5.40949 2.86877
5.90954 2.89149
6.4096 2.9142
6.90966 2.93692
7.40972 2.95963
7.90977 2.98235
8.40983 3.00506
8.90989 3.02778
9.40995 3.05049
9.91001 3.07321
10.4101 3.09592
10.9101 3.11864
11.4102 3.14135
11.9102 3.16407
12.4103 3.18678
12.9104 3.2095
13.4104 3.23221
13.9105 3.25493
14.4105 3.27764
14.9106 3.30036
15.4106 3.32307
15.9126 3.32307
16.4146 3.35172
16.9166 3.38036
17.4185 3.409
17.9205 3.43765
18.4225 3.46629
18.9245 3.49493
19.4264 3.52358
19.9284 3.55222
20.4304 3.58086
20.9324 3.60951
21.4343 3.63815
21.9363 3.66679
22.4383 3.69544
22.7963 3.69544
23.1544 3.96164
23.6882 3.96164
24.2221 3.96164
24.7559 3.96164
25.2898 3.96164
25.8237 3.96164
26.3575 3.96164
26.8914 3.96164
29.459 4.37504
32.0266 4.37504
34.5943 4.37504
37.1619 4.37504
39.7295 4.37504
42.2971 4.37504
44.8648 4.37504
47.4324 4.37504
50.0 4.37504
0.0 1.32685
0.504026 1.32685
1.00805 1.52648
1.51208 1.7261
2.01611 1.92572
2.52013 2.12534
3.02416 2.32496
3.52818 2.52458
4.03221 2.7242
4.53624 2.92383
5.03603 2.92383
5.53582 2.94222
6.03561 2.96062
6.5354 2.97902
7.03519 2.99741
7.53498 3.01581
8.03477 3.0342
8.53456 3.0526
9.03435 3.071
9.53414 3.08939
10.0339 3.10779
10.5337 3.12618
11.0335 3.14458
11.5333 3.16298
12.0331 3.18137
12.5329 3.19977
13.0327 3.21817
13.5325 3.23656
14.0323 3.25496
14.532 3.27335
15.0318 3.29175
15.5333 3.29175
16.0348 3.356
16.5363 3.42024
17.0379 3.48448
17.5394 3.54873
18.0409 3.61297
18.5424 3.67722
19.0466 3.67722
19.5509 3.71913
20.0552 3.76104
20.5595 3.80295
21.0637 3.84487
21.568 3.88678
22.0723 3.92869
22.5765 3.9706
23.0808 4.01251
23.555 4.01251
24.0293 4.01251
24.5035 4.01251
24.9777 4.01251
25.4519 4.01251
25.9261 4.01251
26.4004 4.01251
26.8746 4.01251
29.4441 4.38612
32.0136 4.38612
34.5831 4.38612
37.1525 4.38612
39.722 4.38612
42.2915 4.38612
44.861 4.38612
47.4305 4.38612
50.0 4.38612
0.0 1.17097
0.499366 1.17097
0.998732 1.41944
1.4981 1.66792
1.99746 1.9164
2.49683 2.16488
2.9962 2.41336
3.49556 2.66184
4.01235 2.66184
4.52915 2.72859
5.04594 2.79534
5.56273 2.86209
6.07952 2.92884
6.59631 2.99558
7.1131 3.06233
7.62989 3.12908
8.13659 3.12908
8.64328 3.1279
9.14997 3.12671
9.65667 3.12552
10.1634 3.12433
10.6701 3.12315
11.1767 3.12196
11.6834 3.12077
12.1901 3.11958
12.6968 3.1184
13.2035 3.11721
13.7102 3.11602
14.2018 3.11602
14.6934 3.19148
15.185 3.26693
15.6765 3.34238
16.1681 3.41784
16.6597 3.49329
17.1513 3.56874
17.6429 3.6442
18.1345 3.71965
18.626 3.7951
19.1176 3.87056
19.6092 3.94601
20.1008 4.02147
20.5924 4.09692
21.089 4.09692
21.5856 4.09692
22.0822 4.09692
22.5788 4.09692
23.0754 4.09692
23.572 4.09692
24.0686 4.09692
24.5652 4.09692
25.0618 4.09692
25.5584 4.09692
26.055 4.09692
26.5516 4.09692
27.0482 4.09692
27.5448 4.09692
28.0414 4.09692
28.538 4.09692
29.0346 4.09692
29.5312 4.09692
30.0278 4.09692
30.5245 4.09692
32.9589 4.56969
35.3933 4.56969
37.8278 4.56969
40.2622 4.56969
42.6967 4.56969
45.1311 4.56969
47.5656 4.56969
50.0 4.56969
0.0 1.00152
0.497845 1.00152
0.99569 1.37664
1.49353 1.75177
1.99138 2.1269
2.48922 2.50202
2.98707 2.87715
3.48757 2.87715
3.98808 2.93069
4.48858 2.98424
4.98909 3.03779
5.48959 3.09134
5.99009 3.14489
6.4906 3.19844
6.9911 3.25199
7.49161 3.30554
7.99211 3.35909
8.49262 3.41264
8.99312 3.46618
9.49362 3.51973
9.9904 3.51973
10.4872 3.49781
10.9839 3.47588
11.4807 3.45396
11.9775 3.43203
12.4743 3.41011
12.971 3.38819
13.4678 3.36626
13.9362 3.36626
14.4046 3.34306
14.8729 3.31985
15.3413 3.29665
15.8097 3.27345
16.3272 3.27345
16.8447 3.27345
17.3622 3.27345
17.8797 3.27345
18.3972 3.27345
18.9146 3.27345
19.4321 3.27345
21.9795 4.64895
24.5268 4.64895
27.0741 4.64895
29.6214 4.64895
32.1687 4.64895
34.7161 4.64895
37.2634 4.64895
39.8107 4.64895
42.358 4.64895
44.9054 4.64895
47.4527 4.64895
50.0 4.64895
0.0 1.43675
0.497501 1.43675
0.995003 1.60149
1.4925 1.76623
1.99001 1.93097
2.48751 2.09571
2.98501 2.26045
3.48251 2.42519
3.98001 2.58993
4.47751 2.75467
4.98747 2.75467
5.49744 2.7967
6.0074 2.83873
6.51736 2.88077
7.02732 2.9228
7.53728 2.96483
8.04724 3.00686
8.5572 3.04889
9.06717 3.09092
9.57713 3.13296
10.0871 3.17499
10.597 3.21702
11.107 3.25905
11.617 3.30108
12.1269 3.34311
12.6369 3.38515
13.1469 3.42718
13.6568 3.46921
14.1668 3.51124
14.6767 3.55327
15.1712 3.55327
15.6656 3.59159
16.16 3.6299
16.6544 3.66822
17.1488 3.70653
17.6433 3.74485
18.1377 3.78317
18.6321 3.82148
19.1248 3.82148
19.6176 3.83793
20.1103 3.85438
20.6031 3.87083
21.0958 3.88728
21.5886 3.90372
22.0813 3.92017
22.5741 3.93662
23.0668 3.95307
23.5595 3.96952
24.0523 3.98597
24.545 4.00241
25.0329 4.00241
25.5207 4.00241
26.0086 4.00241
26.4965 4.00241
29.108 4.33393
31.7195 4.33393
34.331 4.33393
36.9425 4.33393
39.554 4.33393
42.1655 4.33393
44.777 4.33393
47.3885 4.33393
50.0 4.33393
0.0 1.29211
0.52673 1.29211
1.05346 1.49882
1.58019 1.70553
2.10692 1.91225
2.63365 2.11896
3.16038 2.32567
3.68711 2.53239
4.21384 2.7391
4.74057 2.94581
5.23721 2.94581
5.73385 2.97175
6.2305 2.99769
6.72714 3.02363
7.22378 3.04957
7.72042 3.07551
8.21706 3.10145
8.71371 3.12739
9.21035 3.15333
9.70699 3.17927
10.2036 3.20521
10.7003 3.23115
11.1969 3.25709
11.6936 3.28303
12.1902 3.30897
12.6868 3.33491
13.1835 3.36085
13.6801 3.38679
14.1768 3.41273
14.6734 3.43866
15.17 3.4646
15.6667 3.49054
16.1633 3.51648
16.662 3.51648
17.1607 3.53611
17.6594 3.55573
18.1581 3.57536
18.6569 3.59498
19.1556 3.61461
19.6543 3.63423
20.153 3.65385
20.6517 3.67348
21.1504 3.6931
21.6491 3.71273
22.1478 3.73235
22.6465 3.75198
23.1452 3.7716
23.6827 3.7716
24.2202 3.87561
24.7577 3.97962
25.2952 4.08363
25.8508 4.08363
26.4063 4.08363
29.0279 4.3577
31.6494 4.3577
34.2709 4.3577
36.8924 4.3577
39.5139 4.3577
42.1354 4.3577
44.757 4.3577
47.3785 4.3577
50.0 4.3577
0.0 1.24801
0.485937 1.24801
0.971873 1.45307
1.45781 1.65812
1.94375 1.86318
2.42968 2.06824
2.91562 2.27329
3.40156 2.47835
3.88749 2.68341
4.37343 2.88847
4.86671 2.88847
5.35998 2.91728
5.85326 2.9461
6.34654 2.97491
6.83982 3.00373
7.33309 3.03255
7.82637 3.06136
8.31965 3.09018
8.81292 3.11899
9.3062 3.14781
9.79948 3.17663
10.2928 3.20544
10.786 3.23426
11.2793 3.26307
11.7726 3.29189
12.2659 3.32071
12.7591 3.34952
13.2524 3.37834
13.7457 3.40715
14.239 3.43597
14.7322 3.46479
15.2433 3.46479
15.7544 3.49511
16.2655 3.52543
16.7766 3.55575
17.2877 3.58607
17.7988 3.61639
18.3099 3.64672
18.8209 3.67704
19.3236 3.67704
19.8262 3.78951
20.3288 3.90199
20.8315 4.01446
21.3376 4.01446
21.8437 4.01446
22.3498 4.01446
22.8559 4.01446
23.362 4.01446
23.8681 4.01446
24.3742 4.01446
24.8803 4.01446
25.3864 4.01446
25.8925 4.01446
26.3986 4.01446
29.021 4.38553
31.6433 4.38553
34.2657 4.38553
36.8881 4.38553
39.5105 4.38553
42.1329 4.38553
44.7552 4.38553
47.3776 4.38553
50.0 4.38553
0.0 1.37387
0.519855 1.37387
1.03971 1.64181
1.55957 1.90974
2.07942 2.17768
2.59928 2.44562
3.11913 2.71356
3.65688 2.71356
4.19464 2.7034
4.73239 2.69325
5.27014 2.68309
5.80789 2.67294
6.30254 2.67294
6.7972 2.81302
7.29185 2.95311
7.76708 2.95311
8.24231 2.96505
8.71754 2.97699
9.19277 2.98894
9.668 3.00088
10.1432 3.01282
10.6185 3.02476
11.0937 3.0367
11.5822 3.0367
12.0707 3.0367
12.5592 3.0367
13.0477 3.0367
13.5362 3.0367
14.0247 3.0367
14.5132 3.0367
15.0017 3.0367
15.4903 3.0367
15.9788 3.0367
16.4673 3.0367
16.9558 3.0367
19.4976 4.52157
22.0395 4.52157
24.5814 4.52157
27.1232 4.52157
29.6651 4.52157
32.207 4.52157
34.7488 4.52157
37.2907 4.52157
39.8325 4.52157
42.3744 4.52157
44.9163 4.52157
47.4581 4.52157
50.0 4.52157
0.0 1.11252
0.523684 1.11252
1.04737 1.46532
1.57105 1.81813
2.09474 2.17094
2.61842 2.52374
3.1421 2.87655
3.64272 2.87655
4.14333 2.94721
4.64394 3.01787
5.14456 3.08852
5.64517 3.15918
6.14578 3.22984
6.6464 3.3005
7.14701 3.37116
7.64762 3.44181
8.13496 3.44181
8.62231 3.43251
9.10965 3.42321
9.59699 3.41391
10.0843 3.40461
10.5717 3.3953
11.059 3.386
11.5464 3.3767
12.0337 3.3674
12.5211 3.3581
13.0084 3.34879
13.4957 3.33949
13.9831 3.33019
14.5212 3.33019
15.0594 3.32291
15.5976 3.31563
16.1358 3.30835
16.6739 3.30106
17.2121 3.29378
17.6718 3.29378
18.1314 3.29378
18.5911 3.29378
19.0508 3.29378
19.5105 3.29378
22.0512 4.64996
24.592 4.64996
27.1328 4.64996
29.6736 4.64996
32.2144 4.64996
34.7552 4.64996
37.296 4.64996
39.8368 4.64996
42.3776 4.64996
44.9184 4.64996
47.4592 4.64996
50.0 4.64996
0.0 1.19753
0.474594 1.19753
0.949188 1.43457
1.42378 1.67161
1.89838 1.90865
2.37297 2.14569
2.84756 2.38273
3.32216 2.61977
3.79675 2.85681
4.29411 2.85681
4.79147 2.88592
5.28882 2.91502
5.78618 2.94412
6.28353 2.97322
6.78089 3.00232
7.27825 3.03142
7.7756 3.06052
8.27296 3.08962
8.77032 3.11872
9.26767 3.14782
9.76503 3.17692
10.2624 3.20602
10.7597 3.23512
11.2571 3.26423
11.7545 3.29333
12.2518 3.32243
12.7492 3.35153
13.2465 3.38063
13.7439 3.40973
14.3184 3.40973
14.893 3.55587
15.4676 3.70202
15.9819 3.70202
16.4962 3.72231
17.0106 3.74261
17.5249 3.7629
18.0393 3.78319
18.5536 3.80348
19.0679 3.82378
19.5823 3.84407
20.0966 3.86436
20.611 3.88465
21.1253 3.90495
21.6396 3.92524
22.154 3.94553
22.6683 3.96582
23.1827 3.98612
23.697 4.00641
24.2085 4.00641
24.72 4.00641
25.2315 4.00641
25.7429 4.00641
26.2544 4.00641
28.8928 4.40873
31.5312 4.40873
34.1696 4.40873
36.808 4.40873
39.4464 4.40873
42.0848 4.40873
44.7232 4.40873
47.3616 4.40873
50.0 4.40873
0.0 0.990627
0.499631 0.990627
0.999262 1.30818
1.49889 1.62573
1.99852 1.94329
2.49815 2.26084
2.99779 2.57839
3.52562 2.57839
4.05346 2.66191
4.5813 2.74544
5.10913 2.82896
5.63697 2.91248
6.12543 2.91248
6.61389 2.94407
7.10235 2.97566
7.59081 3.00725
8.07927 3.03884
8.56773 3.07043
9.05619 3.10202
9.54465 3.1336
10.0331 3.16519
10.5216 3.19678
11.0183 3.19678
11.5151 3.21953
12.0119 3.24228
12.5087 3.26503
13.0055 3.28778
13.5023 3.31053
13.999 3.33328
14.4958 3.35603
14.9926 3.37878
15.4894 3.40153
15.9862 3.42428
16.4829 3.44703
16.9797 3.46978
17.4765 3.49253
17.9733 3.51528
18.4701 3.53803
18.9668 3.56078
19.4636 3.58353
19.9604 3.60628
20.4572 3.62903
20.954 3.65178
21.4507 3.67453
21.9475 3.69727
22.4443 3.72002
22.9411 3.74277
23.4379 3.76552
23.9346 3.78827
24.4314 3.81102
24.9282 3.83377
25.425 3.85652
25.9218 3.87927
26.4186 3.90202
26.9153 3.92477
27.4121 3.94752
27.9089 3.97027
28.3785 3.97027
28.8481 3.97027
29.3177 3.97027
29.7872 3.97027
30.2568 3.97027
32.7247 4.46714
35.1926 4.46714
37.6605 4.46714
40.1284 4.46714
42.5963 4.46714
45.0642 4.46714
47.5321 4.46714
50.0 4.46714
0.0 1.322
0.524052 1.322
1.0481 1.58708
1.57216 1.85215
2.09621 2.11722
2.62026 2.38229
3.14431 2.64737
3.66836 2.91244
4.16562 2.91244
4.66287 2.93928
5.16013 2.96612
5.65738 2.99296
6.15464 3.0198
6.6519 3.04664
7.14915 3.07348
7.64641 3.10032
8.14366 3.12716
8.64092 3.15399
9.13817 3.18083
9.63543 3.20767
10.1327 3.23451
10.6299 3.26135
11.1272 3.28819
11.6245 3.31503
12.1217 3.34187
12.619 3.36871
13.1162 3.39555
13.6135 3.42239
14.1107 3.44923
14.608 3.47607
15.1052 3.50291
15.6072 3.50291
16.1091 3.54747
16.611 3.59203
17.1129 3.63659
17.6148 3.68115
18.1167 3.72571
18.6186 3.77027
19.1205 3.81484
19.6225 3.8594
20.1244 3.90396
20.6263 3.94852
21.1282 3.99308
21.6301 4.03764
22.132 4.0822
22.6339 4.12676
23.1358 4.17132
23.6378 4.21588
24.1397 4.26044
24.6416 4.305
25.1435 4.34956
25.6454 4.39412
26.1473 4.43868
26.6536 4.43868
27.1599 4.44631
27.6662 4.45394
28.1725 4.46157
28.6788 4.4692
29.1851 4.47683
29.6914 4.48446
30.1977 4.49209
30.7039 4.49972
31.2102 4.50735
31.7165 4.51498
32.2228 4.52261
32.7291 4.53024
33.2354 4.53787
33.7417 4.54549
34.2604 4.54549
34.7791 4.54549
35.2978 4.54549
35.8165 4.54549
36.3351 4.54549
36.8538 4.54549
37.3725 4.54549
37.8912 4.54549
38.4099 4.54549
38.9286 4.54549
39.4473 4.54549
39.966 4.54549
40.4846 4.54549
42.8635 4.78988
45.2423 4.78988
47.6212 4.78988
50.0 4.78988
0.0 1.32336
0.481488 1.32336
0.962976 1.55497
1.44446 1.78659
1.92595 2.01821
2.40744 2.24982
2.88893 2.48144
3.37042 2.71306
3.85191 2.94467
4.34347 2.94467
4.83503 2.96957
5.3266 2.99447
5.81816 3.01937
6.30972 3.04426
6.80129 3.06916
7.29285 3.09406
7.78442 3.11896
8.27598 3.14386
8.76754 3.16876
9.25911 3.19365
9.75067 3.21855
10.2422 3.24345
10.7338 3.26835
11.2254 3.29325
11.7169 3.31815
12.2085 3.34304
12.7001 3.36794
13.1916 3.39284
13.6832 3.41774
14.1747 3.44264
14.6663 3.46754
15.1579 3.49243
15.656 3.49243
16.1541 3.53089
16.6522 3.56935
17.1503 3.6078
17.6484 3.64626
18.1465 3.68472
18.6446 3.72317
19.1426 3.76163
19.6407 3.80009
20.1388 3.83854
20.6369 3.877
21.135 3.91546
21.6331 3.95391
22.1312 3.99237
22.6293 4.03083
23.1274 4.06928
23.6255 4.10774
24.1236 4.14619
24.6217 4.18465
25.1198 4.22311
25.6179 4.26156
26.116 4.30002
26.6141 4.33848
27.1115 4.33848
27.6088 4.34649
28.1062 4.35451
28.6035 4.36253
29.1009 4.37054
29.5983 4.37856
30.0956 4.38658
30.593 4.39459
31.0904 4.40261
31.5877 4.41063
32.0851 4.41865
32.5824 4.42666
33.0798 4.43468
33.5772 4.4427
34.0745 4.45071
34.5719 4.45873
35.0693 4.46675
35.5666 4.47476
36.064 4.48278
36.5613 4.4908
37.0587 4.49881
37.5561 4.50683
38.0534 4.51485
38.5508 4.52286
39.0799 4.52286
39.609 4.52286
40.1381 4.52286
40.6672 4.52286
43.0004 4.76854
45.3336 4.76854
47.6668 4.76854
50.0 4.76854
0.0 1.09636
0.46747 1.09636
0.93494 1.40797
1.40241 1.71958
1.86988 2.03119
2.33735 2.3428
2.80482 2.65441
3.27229 2.96602
3.79392 2.96602
4.31556 2.97017
4.83719 2.97432
5.35882 2.97847
5.88046 2.98263
6.40209 2.98678
6.92373 2.99093
7.41736 2.99093
7.911 3.03426
8.40464 3.07758
8.89828 3.12091
9.39191 3.16423
9.88555 3.20756
10.3792 3.25088
10.8728 3.29421
11.3665 3.33753
11.8601 3.38086
12.3537 3.42419
12.8474 3.46751
13.341 3.51084
13.8347 3.55416
14.3283 3.59749
14.8219 3.64081
15.3156 3.68414
15.8092 3.72746
16.3028 3.77079
16.7965 3.81412
17.2901 3.85744
17.7838 3.90077
18.2774 3.94409
18.771 3.98742
19.2647 4.03074
19.7583 4.07407
20.2519 4.11739
20.7456 4.16072
21.2392 4.20405
21.7329 4.24737
22.2265 4.2907
22.7201 4.33402
23.2214 4.33402
23.7226 4.34073
24.2239 4.34744
24.7251 4.35415
25.2263 4.36086
25.7276 4.36757
26.2288 4.37428
26.7301 4.38099
27.2313 4.3877
27.7326 4.39441
28.2338 4.40112
28.7351 4.40783
29.2363 4.41454
29.7375 4.42125
30.2388 4.42796
30.74 4.43466
31.2413 4.44137
31.7425 4.44808
32.2438 4.45479
32.745 4.4615
33.2463 4.46821
33.7434 4.46821
34.2405 4.46821
34.7377 4.46821
35.2348 4.46821
35.7319 4.46821
36.2291 4.46821
36.7262 4.46821
37.2233 4.46821
37.7205 4.46821
38.2176 4.46821
38.7148 4.46821
39.2119 4.46821
39.709 4.46821
40.2062 4.46821
40.7033 4.46821
41.2004 4.46821
41.6976 4.46821
42.1947 4.46821
44.7965 4.6548
47.3982 4.6548
50.0 4.6548
0.0 1.26212
0.51444 1.26212
1.02888 1.47308
1.54332 1.68405
2.05776 1.89501
2.5722 2.10597
3.08664 2.31694
3.60108 2.5279
4.10952 2.5279
4.61796 2.59282
5.1264 2.65775
5.63484 2.72267
6.14328 2.78759
6.65172 2.85251
7.16016 2.91743
7.66859 2.98235
8.17703 3.04728
8.68547 3.1122
9.17756 3.1122
9.66964 3.11775
10.1617 3.12331
10.6538 3.12886
11.1459 3.13441
11.638 3.13997
12.1301 3.14552
12.6222 3.15107
13.1142 3.15663
13.6063 3.16218
14.0984 3.16773
14.6247 3.16773
15.1509 3.23852
15.6772 3.3093
16.2035 3.38008
16.7297 3.45086
17.256 3.52164
17.7823 3.59242
18.3085 3.6632
18.8348 3.73398
19.3372 3.73398
19.8396 3.73398
20.342 3.73398
20.8444 3.73398
21.3468 3.73398
21.8492 3.73398
22.3516 3.73398
22.854 3.73398
23.3564 3.73398
23.8588 3.73398
24.3612 3.73398
24.8636 3.73398
25.366 3.73398
25.8684 3.73398
26.3708 3.73398
28.9962 4.34163
31.6217 4.34163
34.2472 4.34163
36.8726 4.34163
39.4981 4.34163
42.1236 4.34163
44.7491 4.34163
47.3745 4.34163
50.0 4.34163
0.0 1.2679
0.480139 1.2679
0.960278 1.46531
1.44042 1.66273
1.92056 1.86015
2.40069 2.05756
2.88083 2.25498
3.36097 2.4524
3.84111 2.64981
4.32125 2.84723
4.81638 2.84723
5.31151 2.88169
5.80664 2.91616
6.30177 2.95062
6.7969 2.98508
7.29203 3.01954
7.78715 3.054
8.28228 3.08847
8.77741 3.12293
9.27254 3.15739
9.76767 3.19185
10.2628 3.22632
10.7579 3.26078
11.2531 3.29524
11.7482 3.3297
12.2433 3.36416
12.7384 3.39863
13.2336 3.43309
13.7166 3.43309
14.1996 3.46646
14.6826 3.49983
15.1657 3.53321
15.6487 3.56658
16.1317 3.59995
16.6147 3.63332
17.0977 3.66669
17.5807 3.70007
18.0638 3.73344
18.5468 3.76681
19.0298 3.80018
19.5128 3.83355
19.9958 3.86693
20.4757 3.86693
20.9556 3.8648
21.4355 3.86267
21.9153 3.86054
22.3952 3.85842
22.8751 3.85629
23.355 3.85416
23.8348 3.85204
24.3147 3.84991
24.7746 3.84991
25.2345 3.84991
25.6944 3.84991
26.1543 3.84991
28.5389 4.32428
30.9234 4.32428
33.308 4.32428
35.6926 4.32428
38.0771 4.32428
40.4617 4.32428
42.8463 4.32428
45.2309 4.32428
47.6154 4.32428
50.0 4.32428
0.0 1.07292
0.462411 1.07292
0.924822 1.38702
1.38723 1.70112
1.84964 2.01521
2.31205 2.32931
2.77447 2.64341
3.26927 2.64341
3.76407 2.66031
4.25887 2.67722
4.75367 2.69412
5.24847 2.71103
5.74327 2.72793
6.23807 2.74484
6.73287 2.76174
7.22768 2.77865
7.72248 2.79555
8.21728 2.81246
8.71061 2.81246
9.20394 2.86941
9.69728 2.92635
10.1906 2.9833
10.6839 3.04025
11.1773 3.09719
11.6706 3.15414
12.1639 3.21108
12.6573 3.26803
13.1546 3.26803
13.6519 3.31046
14.1491 3.35289
14.6464 3.39531
15.1437 3.43774
15.641 3.48017
16.1383 3.52259
16.6356 3.56502
17.1329 3.60745
17.6302 3.64987
18.1275 3.6923
18.6248 3.73473
19.1221 3.77715
19.6193 3.81958
20.1166 3.86201
20.6139 3.90444
21.1112 3.94686
21.6085 3.98929
22.0991 3.98929
22.5897 3.98929
23.0803 3.98929
23.5709 3.98929
24.0614 3.98929
24.552 3.98929
25.0426 3.98929
25.5332 3.98929
26.0238 3.98929
26.5144 3.98929
27.005 3.98929
27.4956 3.98929
27.9861 3.98929
28.4767 3.98929
28.9673 3.98929
29.4579 3.98929
29.9485 3.98929
32.4549 4.45782
34.9614 4.45782
37.4678 4.45782
39.9742 4.45782
42.4807 4.45782
44.9871 4.45782
47.4936 4.45782
50.0 4.45782
0.0 1.31913
0.524806 1.31913
1.04961 1.51921
1.57442 1.7193
2.09922 1.91939
2.62403 2.11947
3.14883 2.31956
3.67364 2.51964
4.17077 2.51964
4.66789 2.57953
5.16502 2.63942
5.66214 2.69931
6.15927 2.7592
6.65639 2.81908
7.15352 2.87897
7.65064 2.93886
8.14777 2.99875
8.6449 3.05863
9.14202 3.11852
9.63915 3.17841
10.1552 3.17841
10.6712 3.18377
11.1872 3.18914
11.7032 3.1945
12.2192 3.19987
12.7353 3.20523
13.2513 3.21059
13.7673 3.21596
14.2833 3.22132
14.7993 3.22669
15.3154 3.23205
15.8314 3.23741
16.328 3.23741
16.8246 3.32724
17.3212 3.41706
17.8178 3.50688
18.3144 3.59671
18.811 3.68653
19.3093 3.68653
19.8076 3.68653
20.306 3.68653
20.8043 3.68653
21.3027 3.68653
21.801 3.68653
22.2993 3.68653
22.7977 3.68653
23.296 3.68653
23.7943 3.68653
24.2927 3.68653
24.791 3.68653
25.2894 3.68653
25.7877 3.68653
26.286 3.68653
28.9209 4.41814
31.5558 4.41814
34.1907 4.41814
36.8256 4.41814
39.4605 4.41814
42.0953 4.41814
44.7302 4.41814
47.3651 4.41814
50.0 4.41814
0.0 1.15447
0.5253 1.15447
1.0506 1.44703
1.5759 1.73959
2.1012 2.03215
2.6265 2.32471
3.1518 2.61727
3.67924 2.61727
4.20669 2.68351
4.73413 2.74975
5.26158 2.816
5.78903 2.88224
6.31647 2.94848
6.84392 3.01473
7.37136 3.08097
7.89881 3.14721
8.38745 3.14721
8.8761 3.14175
9.36475 3.13628
9.85339 3.13082
10.342 3.12536
10.8307 3.11989
11.3193 3.11443
11.808 3.10897
12.2966 3.1035
12.7853 3.09804
13.2739 3.09258
13.7626 3.08711
14.2731 3.08711
14.7837 3.22868
15.2943 3.37024
15.8049 3.5118
16.3155 3.65336
16.826 3.79493
17.3366 3.93649
17.8472 4.07805
18.3481 4.07805
18.8491 4.07805
19.35 4.07805
19.851 4.07805
20.3519 4.07805
20.8529 4.07805
21.3538 4.07805
21.8548 4.07805
22.3557 4.07805
22.8566 4.07805
23.3576 4.07805
23.8585 4.07805
24.3595 4.07805
24.8604 4.07805
25.3614 4.07805
25.8623 4.07805
26.3632 4.07805
26.8642 4.07805
27.3651 4.07805
27.8661 4.07805
28.367 4.07805
28.868 4.07805
29.3689 4.07805
29.8699 4.07805
30.3708 4.07805
32.8244 4.54023
35.2781 4.54023
37.7317 4.54023
40.1854 4.54023
42.639 4.54023
45.0927 4.54023
47.5463 4.54023
50.0 4.54023
0.0 1.31309
0.490804 1.31309
0.981608 1.58148
1.47241 1.84986
1.96322 2.11824
2.45402 2.38663
2.94483 2.65501
3.43563 2.92339
3.9445 2.92339
4.45336 2.95257
4.96223 2.98174
5.4711 3.01091
5.97996 3.04008
6.48883 3.06925
6.9977 3.09842
7.50656 3.1276
8.01543 3.15677
8.5243 3.18594
9.03316 3.21511
9.54203 3.24428
10.0509 3.27346
10.5598 3.30263
11.0686 3.3318
11.5775 3.36097
12.0864 3.39014
12.5952 3.41931
13.0981 3.41931
13.601 3.46161
14.1039 3.50391
14.6067 3.54621
15.1096 3.58851
15.6125 3.63081
16.1153 3.67311
16.6182 3.71542
17.1211 3.75772
17.624 3.80002
18.1268 3.84232
18.6297 3.88462
19.1326 3.92692
19.6355 3.96922
20.1383 4.01152
20.6412 4.05382
21.1441 4.09612
21.647 4.13842
22.1498 4.18072
22.6527 4.22302
23.1565 4.22302
23.6602 4.23364
24.164 4.24426
24.6677 4.25488
25.1715 4.2655
25.6753 4.27612
26.179 4.28674
26.6828 4.29736
27.1865 4.30798
27.6903 4.3186
28.1941 4.32922
28.6978 4.33984
29.2016 4.35046
29.7053 4.36108
30.2091 4.3717
30.7128 4.38232
31.2166 4.39294
31.7204 4.40356
32.2241 4.41418
32.7279 4.4248
33.2234 4.4248
33.719 4.4248
34.2145 4.4248
34.7101 4.4248
35.2056 4.4248
35.7012 4.4248
36.1968 4.4248
36.6923 4.4248
37.1879 4.4248
37.6834 4.4248
38.179 4.4248
38.6745 4.4248
39.1701 4.4248
39.6656 4.4248
40.1612 4.4248
40.6567 4.4248
42.9926 4.77587
45.3284 4.77587
47.6642 4.77587
50.0 4.77587
0.0 1.1005
0.480015 1.1005
0.960031 1.34411
1.44005 1.58771
1.92006 1.83132
2.40008 2.07492
2.88009 2.31852
3.36011 2.56213
3.84012 2.80573
4.34115 2.80573
4.84217 2.81679
5.3432 2.82784
5.84422 2.8389
6.34524 2.84996
6.84627 2.86101
7.34729 2.87207
7.84832 2.88312
8.34934 2.89418
8.8666 2.89418
9.38387 2.94151
9.90113 2.98884
10.4184 3.03617
10.9357 3.08351
11.4529 3.13084
11.9702 3.17817
12.4875 3.2255
13.0047 3.27283
13.522 3.32016
14.0392 3.3675
14.5379 3.3675
15.0365 3.41787
15.5352 3.46824
16.0338 3.51861
16.5325 3.56899
17.0311 3.61936
17.5298 3.66973
18.0284 3.7201
18.5271 3.77048
19.0257 3.82085
19.5244 3.87122
20.023 3.92159
20.5217 3.97197
21.0203 4.02234
21.5138 4.02234
22.0073 4.02234
22.5008 4.02234
22.9943 4.02234
23.4878 4.02234
23.9813 4.02234
24.4748 4.02234
24.9683 4.02234
25.4618 4.02234
25.9553 4.02234
26.4488 4.02234
26.9423 4.02234
27.4358 4.02234
27.9293 4.02234
28.4228 4.02234
28.9163 4.02234
29.4098 4.02234
29.9033 4.02234
32.4154 4.52717
34.9275 4.52717
37.4396 4.52717
39.9517 4.52717
42.4637 4.52717
44.9758 4.52717
47.4879 4.52717
50.0 4.52717
0.0 1.25329
0.515878 1.25329
1.03176 1.50116
1.54763 1.74903
2.06351 1.99689
2.57939 2.24476
3.09527 2.49262
3.59684 2.49262
4.09842 2.54823
4.6 2.60383
5.10158 2.65944
5.60316 2.71504
6.10474 2.77065
6.60632 2.82626
7.1079 2.88186
7.60947 2.93747
8.11105 2.99307
8.61263 3.04868
9.11421 3.10428
9.61579 3.15989
10.1174 3.21549
10.5951 3.21549
11.0729 3.22802
11.5507 3.24054
12.0285 3.25306
12.5063 3.26559
12.984 3.27811
13.4618 3.29063
13.9396 3.30316
14.4604 3.30316
14.9812 3.35747
15.5021 3.41177
16.0229 3.46608
16.5437 3.52039
17.0645 3.57469
17.5854 3.629
18.1062 3.68331
18.627 3.73761
19.1478 3.79192
19.6649 3.79192
20.1819 3.79192
20.6989 3.79192
21.216 3.79192
21.733 3.79192
22.2501 3.79192
22.7671 3.79192
23.2841 3.79192
23.8012 3.79192
24.3182 3.79192
24.8352 3.79192
25.3523 3.79192
25.8693 3.79192
26.3863 3.79192
29.0101 4.36221
31.6338 4.36221
34.2576 4.36221
36.8813 4.36221
39.505 4.36221
42.1288 4.36221
44.7525 4.36221
47.3763 4.36221
50.0 4.36221
0.0 1.16024
0.5075 1.16024
1.015 1.50568
1.5225 1.85112
2.03 2.19656
2.5375 2.542
3.045 2.88744
3.54906 2.88744
4.05311 2.93415
4.55717 2.98086
5.06122 3.02757
5.56528 3.07428
6.06933 3.12099
6.57339 3.16769
7.07744 3.2144
7.5815 3.26111
8.08555 3.30782
8.58961 3.35453
9.09367 3.40124
9.59772 3.44795
10.0837 3.44795
10.5698 3.43216
11.0558 3.41637
11.5418 3.40058
12.0279 3.38479
12.5139 3.369
12.9999 3.35321
13.4859 3.33742
13.972 3.32163
14.458 3.30584
14.9349 3.30584
15.4119 3.30935
15.8888 3.31286
16.3657 3.31637
16.8427 3.31988
17.3196 3.32339
17.8523 3.32339
18.385 3.32339
18.9177 3.32339
19.4504 3.32339
21.9962 4.62347
24.542 4.62347
27.0878 4.62347
29.6336 4.62347
32.1794 4.62347
34.7252 4.62347
37.271 4.62347
39.8168 4.62347
42.3626 4.62347
44.9084 4.62347
47.4542 4.62347
50.0 4.62347
0.0 1.19001
0.479219 1.19001
0.958437 1.48591
1.43766 1.78181
1.91687 2.07772
2.39609 2.37362
2.87531 2.66952
3.35453 2.96543
3.84863 2.96543
4.34274 2.9967
4.83684 3.02797
5.33095 3.05925
5.82505 3.09052
6.31916 3.1218
6.81326 3.15307
7.30737 3.18435
7.80147 3.21562
8.29558 3.24689
8.78968 3.27817
9.28379 3.30944
9.77789 3.34072
10.272 3.37199
10.7661 3.40327
11.2602 3.43454
11.7543 3.46581
12.2484 3.49709
12.7398 3.49709
13.2311 3.52709
13.7225 3.55708
14.2138 3.58708
14.7052 3.61708
15.1966 3.64708
15.6879 3.67708
16.1793 3.70707
16.6706 3.73707
17.162 3.76707
17.6533 3.79707
18.1447 3.82707
18.636 3.85706
19.1274 3.88706
19.6188 3.91706
20.1101 3.94706
20.6015 3.97706
21.0928 4.00705
21.5842 4.03705
22.0755 4.06705
22.5669 4.09705
23.0582 4.12705
23.5496 4.15704
24.0453 4.15704
24.5409 4.17505
25.0366 4.19305
25.5323 4.21106
26.0279 4.22906
26.5236 4.24707
27.0193 4.26507
27.5149 4.28308
28.0106 4.30108
28.5063 4.31909
29.0019 4.33709
29.4976 4.35509
29.9933 4.3731
30.4889 4.3911
30.9846 4.40911
31.4802 4.42711
31.9759 4.44512
32.4716 4.46312
32.9585 4.46312
33.4454 4.46312
33.9324 4.46312
34.4193 4.46312
34.9062 4.46312
35.3932 4.46312
35.8801 4.46312
36.367 4.46312
36.8539 4.46312
37.3409 4.46312
37.8278 4.46312
38.3147 4.46312
38.8017 4.46312
39.2886 4.46312
39.7755 4.46312
40.2624 4.46312
40.7494 4.46312
43.062 4.72136
45.3747 4.72136
47.6873 4.72136
50.0 4.72136
0.0 1.19954
0.484259 1.19954
0.968518 1.45519
1.45278 1.71084
1.93704 1.96649
2.42129 2.22214
2.90555 2.47779
3.38981 2.73344
3.87407 2.98909
4.36161 2.98909
4.84916 3.03214
5.3367 3.0752
5.82424 3.11826
6.31179 3.16131
6.79933 3.20437
7.28687 3.24743
7.77442 3.29049
8.26196 3.33354
8.7495 3.3766
9.23705 3.41966
9.72459 3.46272
10.2319 3.46272
10.7393 3.48959
11.2466 3.51646
11.754 3.54333
12.2613 3.57021
12.7687 3.59708
13.276 3.62395
13.7833 3.65082
14.2907 3.6777
14.798 3.70457
15.3054 3.73144
15.8127 3.75832
16.3201 3.78519
16.8274 3.81206
17.3347 3.83893
17.8421 3.86581
18.3494 3.89268
18.8568 3.91955
19.3641 3.94643
19.8715 3.9733
20.3788 4.00017
20.8861 4.02704
21.3935 4.05392
21.9008 4.08079
22.4082 4.10766
22.9155 4.13453
23.4229 4.16141
23.93 4.16141
24.4371 4.17706
24.9442 4.19271
25.4513 4.20837
25.9584 4.22402
26.4655 4.23967
26.9726 4.25533
27.4797 4.27098
27.9868 4.28663
28.4939 4.30229
29.001 4.31794
29.5081 4.33359
30.0152 4.34925
30.5223 4.3649
31.0294 4.38055
31.5365 4.39621
32.0304 4.39621
32.5244 4.39621
33.0184 4.39621
33.5123 4.39621
34.0063 4.39621
34.5003 4.39621
34.9942 4.39621
35.4882 4.39621
35.9822 4.39621
36.4761 4.39621
36.9701 4.39621
37.4641 4.39621
37.958 4.39621
38.452 4.39621
38.946 4.39621
39.4399 4.39621
39.9339 4.39621
40.4279 4.39621
40.9218 4.39621
43.1914 4.66584
45.4609 4.66584
47.7305 4.66584
50.0 4.66584
0.0 1.17405
0.533169 1.17405
1.06634 1.45312
1.59951 1.73218
2.13268 2.01125
2.66585 2.29031
3.19902 2.56937
3.73218 2.84844
4.21425 2.84844
4.69631 2.84957
5.17837 2.85071
5.66043 2.85185
6.1425 2.85298
6.62456 2.85412
7.10662 2.85525
7.58868 2.85639
8.07075 2.85753
8.56955 2.85753
9.06835 2.91207
9.56715 2.96662
10.066 3.02117
10.5648 3.07572
11.0636 3.13027
11.5624 3.18482
12.0612 3.23936
12.56 3.29391
13.0588 3.34846
13.5576 3.40301
14.047 3.40301
14.5365 3.448
15.026 3.493
15.5155 3.53799
16.0049 3.58298
16.4944 3.62798
16.9839 3.67297
17.4734 3.71797
17.9628 3.76296
18.4523 3.80795
18.9418 3.85295
19.4313 3.89794
19.9208 3.94293
20.4102 3.98793
20.8997 4.03292
21.3892 4.07792
21.8802 4.07792
22.3713 4.07792
22.8624 4.07792
23.3534 4.07792
23.8445 4.07792
24.3355 4.07792
24.8266 4.07792
25.3176 4.07792
25.8087 4.07792
26.2997 4.07792
26.7908 4.07792
27.2819 4.07792
27.7729 4.07792
28.264 4.07792
28.755 4.07792
29.2461 4.07792
29.7371 4.07792
32.27 4.46204
34.8028 4.46204
37.3357 4.46204
39.8686 4.46204
42.4014 4.46204
44.9343 4.46204
47.4671 4.46204
50.0 4.46204
0.0 1.26607
0.475369 1.26607
0.950739 1.46418
1.42611 1.66229
1.90148 1.8604
2.37685 2.05851
2.85222 2.25662
3.32759 2.45473
3.84307 2.45473
4.35856 2.56374
4.87405 2.67276
5.38954 2.78177
5.90503 2.89079
6.42052 2.99981
6.93601 3.10882
7.4515 3.21784
7.95081 3.21784
8.45012 3.22676
8.94943 3.23568
9.44874 3.24461
9.94806 3.25353
10.4474 3.26245
10.9467 3.27138
11.446 3.2803
11.9453 3.28922
12.4446 3.29815
12.9439 3.30707
13.4432 3.31599
13.9425 3.32492
14.4419 3.33384
14.9265 3.33384
15.4111 3.36945
15.8957 3.40506
16.3804 3.44066
16.865 3.47627
17.3496 3.51188
17.8343 3.54749
18.3189 3.5831
18.8035 3.61871
19.2882 3.65432
19.7728 3.68993
20.2772 3.68993
20.7817 3.68993
21.2861 3.68993
21.7906 3.68993
22.295 3.68993
22.7995 3.68993
23.3039 3.68993
23.8084 3.68993
24.3128 3.68993
24.8173 3.68993
25.3217 3.68993
25.8262 3.68993
26.3306 3.68993
28.9606 4.35007
31.5905 4.35007
34.2204 4.35007
36.8503 4.35007
39.4803 4.35007
42.1102 4.35007
44.7401 4.35007
47.3701 4.35007
50.0 4.35007
0.0 1.19291
0.507454 1.19291
1.01491 1.49103
1.52236 1.78916
2.02982 2.08729
2.53727 2.38542
3.04472 2.68355
3.55218 2.98168
4.05017 2.98168
4.54815 3.00644
5.04614 3.0312
5.54413 3.05597
6.04212 3.08073
6.54011 3.10549
7.0381 3.13026
7.53608 3.15502
8.03407 3.17979
8.53206 3.20455
9.03005 3.22931
9.52804 3.25408
10.026 3.27884
10.524 3.3036
11.022 3.32837
11.52 3.35313
12.018 3.37789
12.516 3.40266
13.0271 3.40266
13.5383 3.45124
14.0495 3.49983
14.5607 3.54842
15.0718 3.597
15.583 3.64559
16.0942 3.69417
16.6054 3.74276
17.1165 3.79135
17.6277 3.83993
18.1389 3.88852
18.6501 3.93711
19.1612 3.98569
19.6724 4.03428
20.1836 4.08287
20.6948 4.13145
21.2059 4.18004
21.7171 4.22863
22.2108 4.22863
22.7046 4.24243
23.1983 4.25623
23.6921 4.27004
24.1858 4.28384
24.6795 4.29764
25.1733 4.31145
25.667 4.32525
26.1608 4.33905
26.6545 4.35286
27.1482 4.36666
27.642 4.38046
28.1357 4.39427
28.6295 4.40807
29.1232 4.42187
29.6169 4.43568
30.1107 4.44948
30.6045 4.44948
31.0983 4.44948
31.5921 4.44948
32.0859 4.44948
32.5797 4.44948
33.0735 4.44948
33.5673 4.44948
34.0611 4.44948
34.5549 4.44948
35.0487 4.44948
35.5425 4.44948
36.0363 4.44948
36.5301 4.44948
37.0238 4.44948
37.5176 4.44948
38.0114 4.44948
38.5052 4.44948
38.999 4.44948
39.4928 4.44948
39.9866 4.44948
40.4804 4.44948
40.9742 4.44948
43.2307 4.66036
45.4871 4.66036
47.7436 4.66036
50.0 4.66036
0.0 1.21213
0.500095 1.21213
1.00019 1.51271
1.50029 1.8133
2.00038 2.11389
2.50048 2.41448
3.00057 2.71507
3.50067 3.01566
4.01251 3.01566
4.52435 3.04056
5.03619 3.06547
5.54804 3.09038
6.05988 3.11528
6.57172 3.14019
7.08356 3.16509
7.59541 3.19
8.10725 3.21491
8.61909 3.23981
9.13093 3.26472
9.64278 3.28963
10.1546 3.31453
10.6665 3.33944
11.1783 3.36434
11.6901 3.38925
12.202 3.41416
12.7138 3.43906
13.213 3.43906
13.7122 3.48722
14.2113 3.53538
14.7105 3.58354
15.2096 3.63169
15.7088 3.67985
16.208 3.72801
16.7071 3.77616
17.2063 3.82432
17.7055 3.87248
18.2046 3.92064
18.7038 3.96879
19.2029 4.01695
19.7021 4.06511
20.2013 4.11327
20.7004 4.16142
21.1996 4.20958
21.6975 4.20958
22.1954 4.22198
22.6933 4.23438
23.1912 4.24678
23.6891 4.25918
24.187 4.27158
24.6849 4.28397
25.1828 4.29637
25.6807 4.30877
26.1786 4.32117
26.6765 4.33357
27.1744 4.34597
27.6723 4.35837
28.1702 4.37077
28.6681 4.38317
29.166 4.39557
29.6639 4.40796
30.1749 4.40796
30.6858 4.40796
31.1968 4.40796
31.7078 4.40796
32.2188 4.40796
32.7298 4.40796
33.2408 4.40796
33.7518 4.40796
34.2628 4.40796
34.7738 4.40796
35.2848 4.40796
35.7957 4.40796
36.3067 4.40796
36.8177 4.40796
37.3287 4.40796
37.8397 4.40796
38.3507 4.40796
38.8617 4.40796
39.3727 4.40796
39.8837 4.40796
40.3947 4.40796
40.9057 4.40796
43.1792 4.61578
45.4528 4.61578
47.7264 4.61578
50.0 4.61578
0.0 1.31464
0.507316 1.31464
1.01463 1.58896
1.52195 1.86327
2.02927 2.13759
2.53658 2.4119
3.0439 2.68622
3.55121 2.96053
4.04453 2.96053
4.53785 2.92177
5.03116 2.88301
5.52448 2.84425
6.0178 2.80549
6.51111 2.76673
6.99424 2.76673
7.47736 2.79757
7.96049 2.82841
8.44361 2.85924
8.92674 2.89008
9.40986 2.92091
9.89299 2.95175
10.3761 2.98258
10.8592 3.01342
11.3424 3.04426
11.8466 3.04426
12.3508 3.0449
12.855 3.04555
13.3592 3.0462
13.8634 3.04684
14.3231 3.04684
14.7827 3.04684
15.2424 3.04684
15.7021 3.04684
16.1618 3.04684
16.6214 3.04684
19.189 4.55732
21.7566 4.55732
24.3242 4.55732
26.8918 4.55732
29.4593 4.55732
32.0269 4.55732
34.5945 4.55732
37.1621 4.55732
39.7297 4.55732
42.2973 4.55732
44.8648 4.55732
47.4324 4.55732
50.0 4.55732
0.0 1.17019
0.527373 1.17019
1.05475 1.45801
1.58212 1.74584
2.10949 2.03366
2.63687 2.32148
3.16424 2.60931
3.69161 2.89713
4.17519 2.89713
4.65877 2.88244
5.14234 2.86774
5.62592 2.85305
6.10949 2.83836
6.59307 2.82366
7.07665 2.80897
7.59285 2.80897
8.10906 2.85462
8.62526 2.90027
9.14147 2.94592
9.65767 2.99157
10.1739 3.03722
10.6901 3.08287
11.2063 3.12852
11.7225 3.17417
12.2387 3.21982
12.7549 3.26547
13.2711 3.31113
13.7873 3.35678
14.3035 3.40243
14.7949 3.40243
15.2863 3.45309
15.7777 3.50374
16.2691 3.5544
16.7605 3.60506
17.252 3.65572
17.7434 3.70638
18.2348 3.75704
18.7262 3.8077
19.2176 3.85835
19.709 3.90901
20.2004 3.95967
20.6918 4.01033
21.1832 4.06099
21.6746 4.11165
22.166 4.1623
22.6809 4.1623
23.1957 4.1623
23.7106 4.1623
24.2255 4.1623
24.7403 4.1623
25.2552 4.1623
25.7701 4.1623
26.2849 4.1623
26.7998 4.1623
27.3146 4.1623
27.8295 4.1623
28.3444 4.1623
28.8592 4.1623
29.3741 4.1623
29.889 4.1623
32.4028 4.49075
34.9167 4.49075
37.4306 4.49075
39.9445 4.49075
42.4584 4.49075
44.9722 4.49075
47.4861 4.49075
50.0 4.49075
0.0 1.24725
0.53131 1.24725
1.06262 1.47765
1.59393 1.70806
2.12524 1.93846
2.65655 2.16887
3.18786 2.39928
3.67597 2.39928
4.16408 2.47937
4.65219 2.55946
5.1403 2.63955
5.62841 2.71964
6.11652 2.79973
6.60463 2.87983
7.09274 2.95992
7.58086 3.04001
8.06897 3.1201
8.55708 3.20019
9.04456 3.20019
9.53205 3.21304
10.0195 3.2259
10.507 3.23875
10.9945 3.2516
11.482 3.26445
11.9695 3.2773
12.457 3.29016
12.9445 3.30301
13.4319 3.31586
13.9194 3.32871
14.3758 3.32871
14.8321 3.52879
15.2885 3.72887
15.7877 3.72887
16.287 3.72887
16.7862 3.72887
17.2855 3.72887
17.7847 3.72887
18.284 3.72887
18.7833 3.72887
19.2825 3.72887
19.7818 3.72887
20.281 3.72887
20.7803 3.72887
21.2795 3.72887
21.7788 3.72887
22.2781 3.72887
22.7773 3.72887
23.2766 3.72887
23.7758 3.72887
24.2751 3.72887
24.7744 3.72887
25.2736 3.72887
25.7729 3.72887
26.2721 3.72887
28.9086 4.37392
31.545 4.37392
34.1814 4.37392
36.8178 4.37392
39.4543 4.37392
42.0907 4.37392
44.7271 4.37392
47.3636 4.37392
50.0 4.37392
0.0 1.22116
0.510424 1.22116
1.02085 1.47402
1.53127 1.72688
2.0417 1.97974
2.55212 2.2326
3.06254 2.48545
3.57297 2.73831
4.07556 2.73831
4.57814 2.82313
5.08073 2.90795
5.58332 2.99278
6.08591 3.0776
6.5885 3.16242
7.09108 3.24724
7.59367 3.33206
8.09626 3.41688
8.59885 3.50171
9.08219 3.50171
9.56553 3.49074
10.0489 3.47978
10.5322 3.46882
11.0155 3.45786
11.4989 3.44689
11.9822 3.43593
12.4656 3.42497
12.9489 3.41401
13.4322 3.40304
13.9156 3.39208
14.3989 3.38112
14.8823 3.37016
15.3656 3.35919
15.9113 3.35919
16.4571 3.32349
17.0028 3.28778
17.4641 3.28778
17.9254 3.28778
18.3868 3.28778
18.8481 3.28778
19.3094 3.28778
19.7707 3.28778
22.2898 4.63694
24.8089 4.63694
27.3281 4.63694
29.8472 4.63694
32.3663 4.63694
34.8854 4.63694
37.4045 4.63694
39.9236 4.63694
42.4427 4.63694
44.9618 4.63694
47.4809 4.63694
50.0 4.63694
0.0 1.33426
0.530709 1.33426
1.06142 1.60528
1.59213 1.87631
2.12283 2.14733
2.65354 2.41835
3.18425 2.68938
3.71496 2.9604
4.26084 2.9604
4.80671 2.86598
5.35259 2.77155
5.87097 2.77155
6.38936 2.79851
6.90774 2.82547
7.42612 2.85243
7.9445 2.87939
8.46289 2.90636
8.98127 2.93332
9.49965 2.96028
10.018 2.98724
10.5364 3.01421
10.9998 3.01421
11.4631 3.0381
11.9265 3.062
12.3899 3.0859
12.8532 3.10979
13.332 3.10979
13.8108 3.10979
14.2895 3.10979
14.7683 3.10979
15.2471 3.10979
15.7258 3.10979
16.2046 3.10979
16.6834 3.10979
19.2462 4.51491
21.809 4.51491
24.3718 4.51491
26.9347 4.51491
29.4975 4.51491
32.0603 4.51491
34.6231 4.51491
37.1859 4.51491
39.7487 4.51491
42.3116 4.51491
44.8744 4.51491
47.4372 4.51491
50.0 4.51491
0.0 1.31829
0.528513 1.31829
1.05703 1.51261
1.58554 1.70693
2.11405 1.90125
2.64257 2.09556
3.17108 2.28988
3.69959 2.4842
4.22043 2.4842
4.74126 2.56277
5.2621 2.64134
5.78293 2.71991
6.30377 2.79848
6.8246 2.87706
7.34543 2.95563
7.86627 3.0342
8.3871 3.11277
8.90794 3.19134
9.42877 3.26991
9.94637 3.26991
10.464 3.27801
10.9816 3.28612
11.4992 3.29422
12.0168 3.30232
12.5344 3.31042
13.052 3.31852
13.5696 3.32662
14.0872 3.33473
14.6048 3.34283
15.1224 3.35093
15.64 3.35903
16.0884 3.35903
16.5367 3.55702
16.9851 3.75501
17.4765 3.75501
17.9679 3.75501
18.4592 3.75501
18.9506 3.75501
19.4419 3.75501
19.9333 3.75501
20.4247 3.75501
20.916 3.75501
21.4074 3.75501
21.8987 3.75501
22.3901 3.75501
22.8814 3.75501
23.3728 3.75501
23.8642 3.75501
24.3555 3.75501
24.8469 3.75501
25.3382 3.75501
25.8296 3.75501
26.321 3.75501
28.952 4.32423
31.583 4.32423
34.214 4.32423
36.845 4.32423
39.476 4.32423
42.107 4.32423
44.738 4.32423
47.369 4.32423
50.0 4.32423
0.0 1.24187
0.485361 1.24187
0.970723 1.49207
1.45608 1.74228
1.94145 1.99248
2.42681 2.24268
2.91217 2.49288
3.39753 2.74308
3.89468 2.74308
4.39183 2.82439
4.88899 2.9057
5.38614 2.987
5.88329 3.06831
6.38045 3.14962
6.8776 3.23092
7.37475 3.31223
7.8719 3.39354
8.38135 3.39354
8.8908 3.39097
9.40025 3.3884
9.9097 3.38584
10.4192 3.38327
10.9286 3.38071
11.438 3.37814
11.9475 3.37557
12.4569 3.37301
12.9664 3.37044
13.4758 3.36788
13.9853 3.36531
14.4947 3.36274
15.0042 3.36018
15.5136 3.35761
16.0231 3.35505
16.5325 3.35248
17.042 3.34991
17.5514 3.34735
18.0609 3.34478
18.5407 3.34478
19.0205 3.31694
19.3842 3.31694
19.7479 3.31694
22.2689 4.74711
24.7899 4.74711
27.3109 4.74711
29.8319 4.74711
32.353 4.74711
34.874 4.74711
37.395 4.74711
39.916 4.74711
42.437 4.74711
44.958 4.74711
47.479 4.74711
50.0 4.74711
0.0 1.34396
0.530214 1.34396
1.06043 1.62813
1.59064 1.9123
2.12086 2.19648
2.65107 2.48065
3.18128 2.76482
3.68254 2.76482
4.1838 2.81626
4.68505 2.86769
5.18631 2.91913
5.68757 2.97057
6.18883 3.02201
6.69008 3.07344
7.19134 3.12488
7.6926 3.17632
8.19385 3.22775
8.69511 3.27919
9.19637 3.33063
9.69763 3.38207
10.1989 3.4335
10.7192 3.4335
11.2395 3.43014
11.7598 3.42678
12.2801 3.42341
12.8004 3.42005
13.3207 3.41668
13.8411 3.41332
14.3614 3.40996
14.8817 3.40659
15.402 3.40323
15.9223 3.39987
16.4426 3.3965
16.9852 3.3965
17.5277 3.30632
18.0479 3.30632
18.5682 3.30632
19.0884 3.30632
19.6086 3.30632
22.1413 4.70061
24.6739 4.70061
27.2065 4.70061
29.7391 4.70061
32.2717 4.70061
34.8043 4.70061
37.3369 4.70061
39.8695 4.70061
42.4022 4.70061
44.9348 4.70061
47.4674 4.70061
50.0 4.70061
0.0 1.3064
0.497905 1.3064
0.995809 1.52133
1.49371 1.73626
1.99162 1.9512
2.48952 2.16613
2.98743 2.38107
3.48533 2.596
3.98324 2.81093
4.48114 3.02587
4.98681 3.02587
5.49249 3.05302
5.99816 3.08017
6.50383 3.10732
7.0095 3.13447
7.51518 3.16162
8.02085 3.18878
8.52652 3.21593
9.03219 3.24308
9.53787 3.27023
10.0435 3.29738
10.5492 3.32453
11.0549 3.35168
11.5606 3.37884
12.0662 3.40599
12.5719 3.43314
13.0776 3.46029
13.5764 3.46029
14.0752 3.48385
14.574 3.50741
15.0729 3.53096
15.5717 3.55452
16.0705 3.57808
16.5693 3.60164
17.0681 3.6252
17.567 3.64876
18.0658 3.67231
18.5646 3.69587
19.0634 3.71943
19.5622 3.74299
20.0611 3.76655
20.5599 3.7901
21.0587 3.81366
21.5575 3.83722
22.0563 3.86078
22.5552 3.88434
23.054 3.9079
23.5528 3.93145
24.0516 3.95501
24.5504 3.97857
25.0493 4.00213
25.5481 4.02569
26.0469 4.04925
26.5457 4.0728
27.0445 4.09636
27.5434 4.11992
28.0422 4.14348
28.541 4.16704
29.0398 4.19059
29.5387 4.21415
30.0123 4.21415
30.4859 4.23948
30.9595 4.26482
31.4332 4.29015
31.9068 4.31548
32.3804 4.34081
32.8541 4.36614
33.3437 4.36614
33.8333 4.36614
34.323 4.36614
34.8126 4.36614
35.3022 4.36614
35.7919 4.36614
36.2815 4.36614
36.7711 4.36614
37.2608 4.36614
37.7504 4.36614
38.2401 4.36614
38.7297 4.36614
39.2193 4.36614
39.709 4.36614
40.1986 4.36614
40.6882 4.36614
43.0162 4.59156
45.3441 4.59156
47.6721 4.59156
50.0 4.59156
0.0 1.34843
0.51882 1.34843
1.03764 1.58668
1.55646 1.82493
2.07528 2.06317
2.5941 2.30142
3.11292 2.53966
3.63174 2.77791
4.12589 2.77791
4.62004 2.84408
5.11419 2.91025
5.60834 2.97643
6.10249 3.0426
6.59664 3.10878
7.0908 3.17495
7.58495 3.24112
8.0791 3.3073
8.57325 3.37347
9.0674 3.43964
9.56155 3.50582
10.0488 3.50582
10.536 3.48584
11.0233 3.46587
11.5105 3.44589
11.9977 3.42592
12.485 3.40594
12.9722 3.38597
13.4594 3.36599
13.9706 3.36599
14.4818 3.35157
14.993 3.33715
15.5043 3.32273
16.0155 3.3083
16.5267 3.29388
17.0558 3.29388
17.585 3.29388
18.1142 3.29388
18.6434 3.29388
19.1726 3.29388
19.7018 3.29388
22.2267 4.71604
24.7515 4.71604
27.2764 4.71604
29.8012 4.71604
32.3261 4.71604
34.8509 4.71604
37.3758 4.71604
39.9006 4.71604
42.4255 4.71604
44.9503 4.71604
47.4752 4.71604
50.0 4.71604
0.0 1.37753
0.507899 1.37753
1.0158 1.60898
1.5237 1.84043
2.0316 2.07188
2.53949 2.30334
3.04739 2.53479
3.55529 2.76624
4.06319 2.99769
4.57571 2.99769
5.08824 3.03703
5.60076 3.07637
6.11328 3.11572
6.6258 3.15506
7.13833 3.1944
7.65085 3.23374
8.16337 3.27308
8.67589 3.31242
9.18842 3.35177
9.70094 3.39111
10.2135 3.43045
10.726 3.46979
11.2385 3.50913
11.744 3.50913
12.2495 3.53379
12.755 3.55844
13.2605 3.58309
13.766 3.60774
14.2715 3.63239
14.777 3.65705
15.2825 3.6817
15.788 3.70635
16.2936 3.731
16.7991 3.75566
17.3046 3.78031
17.8101 3.80496
18.3156 3.82961
18.8211 3.85427
19.3266 3.87892
19.8321 3.90357
20.3376 3.92822
20.8431 3.95287
21.3486 3.97753
21.8541 4.00218
22.3596 4.02683
22.8651 4.05148
23.3706 4.07614
23.8761 4.10079
24.3816 4.12544
24.8871 4.15009
25.3926 4.17474
25.8981 4.1994
26.3863 4.1994
26.8745 4.22143
27.3626 4.24347
27.8508 4.26551
28.3389 4.28754
28.8271 4.30958
29.3234 4.30958
29.8196 4.30958
30.3159 4.30958
30.8122 4.30958
31.3084 4.30958
31.8047 4.30958
32.301 4.30958
32.7972 4.30958
33.2935 4.30958
33.7897 4.30958
34.286 4.30958
34.7823 4.30958
35.2785 4.30958
35.7748 4.30958
36.2711 4.30958
36.7673 4.30958
37.2636 4.30958
37.7599 4.30958
38.2561 4.30958
38.7524 4.30958
39.2487 4.30958
39.7449 4.30958
40.2412 4.30958
40.7374 4.30958
43.0531 4.61352
45.3687 4.61352
47.6844 4.61352
50.0 4.61352
0.0 1.30824
0.481837 1.30824
0.963674 1.58758
1.44551 1.86691
1.92735 2.14624
2.40918 2.42558
2.89102 2.70491
3.37286 2.98424
3.85887 2.98424
4.34487 3.02043
4.83088 3.05661
5.31689 3.09279
5.80289 3.12897
6.2889 3.16516
6.78472 3.16516
7.28054 3.17656
7.77636 3.18797
8.27218 3.19938
8.768 3.21079
9.26382 3.2222
9.75963 3.23361
10.2555 3.24502
10.7513 3.25642
11.2471 3.26783
11.7429 3.27924
12.2387 3.29065
12.7345 3.30206
13.2304 3.31347
13.7262 3.32487
14.222 3.33628
14.7178 3.34769
15.2136 3.3591
15.7095 3.37051
16.1797 3.37051
16.65 3.2697
17.1113 3.2697
17.5727 3.2697
18.034 3.2697
20.4929 4.54233
22.9519 4.54233
25.4108 4.54233
27.8697 4.54233
30.3286 4.54233
32.7875 4.54233
35.2465 4.54233
37.7054 4.54233
40.1643 4.54233
42.6232 4.54233
45.0822 4.54233
47.5411 4.54233
50.0 4.54233
0.0 1.39817
0.508055 1.39817
1.01611 1.63406
1.52416 1.86996
2.03222 2.10585
2.54027 2.34175
3.04833 2.57765
3.55638 2.81354
4.05273 2.81354
4.54908 2.88429
5.04543 2.95504
5.54177 3.02579
6.03812 3.09654
6.53447 3.16729
7.03082 3.23804
7.52716 3.30879
8.02351 3.37954
8.51986 3.45029
9.01621 3.52104
9.51255 3.59179
10.0268 3.59179
10.5411 3.57857
11.0553 3.56536
11.5696 3.55215
12.0838 3.53893
12.598 3.52572
13.1123 3.51251
13.6265 3.49929
14.1408 3.48608
14.655 3.47287
15.1693 3.45965
15.6835 3.44644
16.1978 3.43323
16.7471 3.43323
17.2963 3.3774
17.8456 3.32156
18.3949 3.26573
18.8624 3.26573
19.3299 3.26573
19.7974 3.26573
22.3143 4.68149
24.8312 4.68149
27.3481 4.68149
29.8649 4.68149
32.3818 4.68149
34.8987 4.68149
37.4156 4.68149
39.9325 4.68149
42.4494 4.68149
44.9662 4.68149
47.4831 4.68149
50.0 4.68149
0.0 1.43119
0.218044 1.43119
0.758338 1.30397
1.29863 1.61295
1.83893 1.92192
2.37922 2.2309
2.91952 2.53988
3.45981 2.84886
3.95828 2.84886
4.45675 2.87412
4.95523 2.89939
5.4537 2.92466
5.95217 2.94992
6.45064 2.97519
6.94911 3.00046
7.44759 3.02573
7.94606 3.05099
8.44453 3.07626
8.943 3.10153
9.44147 3.12679
9.93995 3.15206
10.4384 3.17733
10.9369 3.20259
11.4354 3.22786
11.9338 3.25313
12.4323 3.2784
12.9308 3.30366
13.4292 3.32893
13.9277 3.3542
14.4262 3.37946
14.9247 3.40473
15.4231 3.43
15.9216 3.45527
16.4201 3.48053
16.9186 3.5058
17.417 3.53107
17.9155 3.55633
18.414 3.5816
18.9124 3.60687
19.4109 3.63214
19.9067 3.63214
20.4026 3.69077
20.8984 3.74941
21.3942 3.80804
21.8901 3.86668
22.3859 3.92531
22.8817 3.98395
23.3775 4.04258
23.8734 4.10122
24.3692 4.15985
24.865 4.21849
25.3608 4.27712
25.8567 4.33576
26.3525 4.39439
26.8483 4.45303
27.3444 4.45303
27.8404 4.45303
28.3365 4.45303
28.8326 4.45303
29.3286 4.45303
29.8247 4.45303
30.3208 4.45303
30.8168 4.45303
31.3129 4.45303
31.8089 4.45303
32.305 4.45303
32.8011 4.45303
33.2971 4.45303
33.7932 4.45303
34.2892 4.45303
34.7853 4.45303
35.2814 4.45303
35.7774 4.45303
36.2735 4.45303
36.7695 4.45303
37.2656 4.45303
37.7617 4.45303
38.2577 4.45303
38.7538 4.45303
39.2498 4.45303
39.7459 4.45303
40.242 4.45303
40.738 4.45303
41.2341 4.45303
43.4256 4.63223
45.617 4.63223
47.8085 4.63223
50.0 4.63223
0.0 1.54713
0.481896 1.54713
0.963792 1.7432
1.44569 1.93926
1.92758 2.13532
2.40948 2.33139
2.89138 2.52745
3.37327 2.72351
3.85517 2.91958
4.3519 2.91958
4.84863 2.98992
5.34537 3.06025
5.8421 3.13059
6.33883 3.20093
6.83556 3.27127
7.3323 3.34161
7.82903 3.41194
8.32576 3.48228
8.8225 3.55262
9.31923 3.62296
9.81984 3.62296
10.3205 3.61603
10.8211 3.60909
11.3217 3.60216
11.8223 3.59523
12.3229 3.5883
12.8235 3.58137
13.3241 3.57443
13.8247 3.5675
14.3254 3.56057
14.826 3.55364
15.3546 3.55364
15.8833 3.50865
16.4119 3.46367
16.9405 3.41868
17.4692 3.37369
17.9978 3.32871
18.4901 3.32871
18.9823 3.32871
19.4745 3.32871
22.0183 4.64785
24.5621 4.64785
27.1059 4.64785
29.6497 4.64785
32.1935 4.64785
34.7373 4.64785
37.2811 4.64785
39.8248 4.64785
42.3686 4.64785
44.9124 4.64785
47.4562 4.64785
50.0 4.64785
0.0 1.54747
0.508048 1.54747
1.0161 1.74924
1.52414 1.951
2.03219 2.15276
2.54024 2.35453
3.04829 2.55629
3.55633 2.75806
4.06438 2.95982
4.58767 2.95982
5.11097 3.05085
5.63426 3.14187
6.15756 3.2329
6.68085 3.32393
7.20414 3.41495
7.72744 3.50598
8.25073 3.597
8.7663 3.597
9.28188 3.55541
9.78447 3.55541
10.2871 3.53832
10.7897 3.52124
11.2923 3.50415
11.7948 3.48707
12.2974 3.46998
12.8 3.4529
13.3026 3.43581
13.8052 3.41873
14.3078 3.40164
14.8104 3.38456
15.313 3.36747
15.8156 3.35039
16.316 3.35039
16.8164 3.35039
17.3168 3.35039
17.8171 3.35039
18.3175 3.35039
18.8179 3.35039
19.3183 3.35039
21.8751 4.68138
24.4319 4.68138
26.9887 4.68138
29.5455 4.68138
32.1023 4.68138
34.6592 4.68138
37.216 4.68138
39.7728 4.68138
42.3296 4.68138
44.8864 4.68138
47.4432 4.68138
50.0 4.68138
0.0 1.49217
0.528028 1.49217
1.05606 1.74324
1.58408 1.9943
2.11211 2.24536
2.64014 2.49642
3.16817 2.74749
3.6962 2.99855
4.18029 2.99855
4.66438 3.04944
5.14847 3.10033
5.63257 3.15121
6.11666 3.2021
6.60075 3.25299
7.08484 3.30388
7.56894 3.35476
8.05303 3.40565
8.53712 3.45654
9.02121 3.50742
9.50531 3.55831
9.9894 3.6092
10.426 3.6092
10.8627 3.4828
11.348 3.4828
11.8333 3.46027
12.3187 3.43773
12.804 3.41519
13.2894 3.39265
13.7747 3.37011
14.26 3.34757
14.7454 3.32503
15.2307 3.30249
15.7161 3.27995
16.2243 3.27995
16.7326 3.27995
17.2409 3.27995
17.7492 3.27995
18.2575 3.27995
18.7657 3.27995
19.274 3.27995
21.8345 4.69135
24.395 4.69135
26.9555 4.69135
29.516 4.69135
32.0765 4.69135
34.637 4.69135
37.1975 4.69135
39.758 4.69135
42.3185 4.69135
44.879 4.69135
47.4395 4.69135
50.0 4.69135
0.0 1.05698
0.519788 1.05698
1.03958 1.32404
1.55937 1.59109
2.07915 1.85814
2.59894 2.12519
3.11873 2.39224
3.63852 2.65929
4.15831 2.92634
4.66257 2.92634
5.16683 2.94208
5.67108 2.95783
6.17534 2.97357
6.6796 2.98931
7.18386 3.00505
7.68812 3.02079
8.19238 3.03653
8.69664 3.05227
9.2009 3.06801
9.70516 3.08375
10.2094 3.0995
10.7137 3.11524
11.2179 3.13098
11.7222 3.14672
12.2265 3.16246
12.7307 3.1782
13.235 3.19394
13.7392 3.20968
14.2435 3.22543
14.7477 3.24117
15.252 3.25691
15.7479 3.25691
16.2439 3.31471
16.7398 3.37251
17.2357 3.43031
17.7316 3.48811
18.2276 3.54592
18.7235 3.60372
19.2194 3.66152
19.7154 3.71932
20.2113 3.77712
20.7072 3.83492
21.2031 3.89272
21.6991 3.95053
22.195 4.00833
22.6909 4.06613
23.1869 4.12393
23.6828 4.18173
24.1671 4.18173
24.6514 4.04915
25.1357 3.91656
25.62 3.78398
26.1042 3.6514
26.4928 3.6514
26.8814 3.6514
29.4501 4.4227
32.0188 4.4227
34.5876 4.4227
37.1563 4.4227
39.725 4.4227
42.2938 4.4227
44.8625 4.4227
47.4313 4.4227
50.0 4.4227
0.0 1.45448
0.523135 1.45448
1.04627 1.67757
1.5694 1.90066
2.09254 2.12374
2.61567 2.34683
3.13881 2.56992
3.66194 2.79301
4.18508 3.0161
4.68021 3.0161
5.17535 3.0432
5.67048 3.07031
6.16562 3.09742
6.66075 3.12452
7.15588 3.15163
7.65102 3.17874
8.14615 3.20584
8.64129 3.23295
9.13642 3.26005
9.63155 3.28716
10.1267 3.31427
10.6218 3.34137
11.117 3.36848
11.6121 3.39559
12.1072 3.42269
12.6024 3.4498
13.0975 3.47691
13.5926 3.50401
14.1009 3.50401
14.6092 3.53579
15.1175 3.56757
15.6258 3.59935
16.1341 3.63114
16.6424 3.66292
17.1506 3.6947
17.6589 3.72648
18.1672 3.75826
18.6755 3.79004
19.1838 3.82182
19.6921 3.8536
20.2004 3.88538
20.7087 3.91716
21.217 3.94895
21.7252 3.98073
22.2335 4.01251
22.7418 4.04429
23.2501 4.07607
23.7584 4.10785
24.2667 4.13963
24.775 4.17141
25.2833 4.20319
25.8256 4.20319
26.368 4.2614
26.9103 4.3196
27.4527 4.3778
27.995 4.436
28.488 4.436
28.981 4.436
29.474 4.436
29.967 4.436
30.46 4.436
30.953 4.436
31.446 4.436
31.9391 4.436
32.4321 4.436
32.9251 4.436
33.4181 4.436
33.9111 4.436
34.4041 4.436
34.8971 4.436
35.3901 4.436
35.8831 4.436
36.3761 4.436
36.8691 4.436
37.3621 4.436
37.8551 4.436
38.3481 4.436
38.8411 4.436
39.3341 4.436
39.8271 4.436
40.3201 4.436
40.8131 4.436
43.1099 4.59898
45.4066 4.59898
47.7033 4.59898
50.0 4.59898
0.0 1.17755
0.51375 1.17755
1.0275 1.57832
1.54125 1.97909
2.055 2.37987
2.56875 2.78064
3.0825 3.18141
3.5811 3.18141
4.0797 3.09773
4.5783 3.01405
5.0769 2.93038
5.5755 2.8467
6.0741 2.76302
6.5727 2.67934
7.02993 2.67934
7.48716 2.88763
7.94439 3.09591
8.4331 3.09591
8.92181 3.12274
9.41052 3.14957
9.89924 3.1764
10.388 3.20323
10.8767 3.23005
11.3654 3.25688
11.8541 3.28371
12.3428 3.31054
12.8315 3.33737
13.3181 3.33737
13.8046 3.33737
14.2911 3.33737
14.7777 3.33737
15.2642 3.33737
15.7508 3.33737
16.2373 3.33737
16.7238 3.33737
17.2104 3.33737
19.7327 4.60226
22.2549 4.60226
24.7772 4.60226
27.2995 4.60226
29.8218 4.60226
32.344 4.60226
34.8663 4.60226
37.3886 4.60226
39.9109 4.60226
42.4332 4.60226
44.9554 4.60226
47.4777 4.60226
50.0 4.60226
0.0 1.45067
0.48779 1.45067
0.97558 1.67648
1.46337 1.9023
1.95116 2.12811
2.43895 2.35393
2.92674 2.57974
3.41453 2.80556
3.90232 3.03137
4.41041 3.03137
4.9185 3.0566
5.42658 3.08182
5.93467 3.10705
6.44276 3.13228
6.95085 3.1575
7.45894 3.18273
7.96703 3.20795
8.47512 3.23318
8.9832 3.2584
9.49129 3.28363
9.99938 3.30886
10.5075 3.33408
11.0156 3.35931
11.5236 3.38453
12.0317 3.40976
12.5398 3.43498
13.0479 3.46021
13.556 3.48543
14.0641 3.51066
14.5722 3.53589
15.0803 3.56111
15.5746 3.56111
16.0688 3.5955
16.5631 3.62989
17.0574 3.66428
17.5517 3.69866
18.046 3.73305
18.5403 3.76744
19.0346 3.80183
19.5288 3.83622
20.0231 3.8706
20.5174 3.90499
21.0117 3.93938
21.506 3.97377
22.0003 4.00816
22.4946 4.04254
22.9888 4.07693
23.4831 4.11132
23.9774 4.14571
24.4717 4.1801
24.966 4.21449
25.4423 4.21449
25.9186 4.27542
26.3949 4.33635
26.8712 4.39728
27.3474 4.45821
27.8447 4.45821
28.3419 4.45821
28.8391 4.45821
29.3363 4.45821
29.8335 4.45821
30.3307 4.45821
30.8279 4.45821
31.3251 4.45821
31.8223 4.45821
32.3195 4.45821
32.8167 4.45821
33.3139 4.45821
33.8111 4.45821
34.3083 4.45821
34.8056 4.45821
35.3028 4.45821
35.8 4.45821
36.2972 4.45821
36.7944 4.45821
37.2916 4.45821
37.7888 4.45821
38.286 4.45821
38.7832 4.45821
39.2804 4.45821
39.7776 4.45821
40.2748 4.45821
40.772 4.45821
43.079 4.54489
45.386 4.54489
47.693 4.54489
50.0 4.54489
0.0 1.13115
0.514178 1.13115
1.02836 1.4798
1.54253 1.82845
2.05671 2.17711
2.57089 2.52576
3.08507 2.87441
3.58364 2.87441
4.08221 2.88612
4.58078 2.89782
5.07935 2.90952
5.57792 2.92122
6.07649 2.93292
6.57506 2.94462
7.07363 2.95633
7.597 2.95633
8.12038 3.0317
8.64375 3.10708
9.16712 3.18246
9.6905 3.25783
10.2139 3.33321
10.7382 3.33321
11.2626 3.31673
11.7869 3.30026
12.3112 3.28378
12.8356 3.26731
13.3599 3.25084
13.8843 3.23436
14.3823 3.23436
14.8804 3.23436
15.3784 3.23436
15.8765 3.23436
16.3745 3.23436
16.8726 3.23436
17.3706 3.23436
17.8687 3.23436
20.3403 4.61003
22.812 4.61003
25.2836 4.61003
27.7552 4.61003
30.2269 4.61003
32.6985 4.61003
35.1702 4.61003
37.6418 4.61003
40.1134 4.61003
42.5851 4.61003
45.0567 4.61003
47.5284 4.61003
50.0 4.61003
0.0 1.20864
0.505002 1.20864
1.01 1.53714
1.51501 1.86565
2.02001 2.19415
2.52501 2.52266
3.03001 2.85116
3.53502 3.17967
4.0137 3.17967
4.49237 3.04275
4.97105 2.90583
5.44973 2.76891
5.92841 2.63199
6.42158 2.63199
6.91474 2.72708
7.4079 2.82216
7.90107 2.91725
8.39423 3.01234
8.8874 3.10743
9.40928 3.10743
9.93116 3.12778
10.453 3.14813
10.9749 3.16848
11.4968 3.18883
12.0187 3.20918
12.5406 3.22954
13.0625 3.24989
13.5844 3.27024
14.1063 3.27024
14.6283 3.27024
15.1503 3.27024
15.6722 3.27024
16.1942 3.27024
16.7162 3.27024
17.2382 3.27024
19.7583 4.63409
22.2784 4.63409
24.7986 4.63409
27.3187 4.63409
29.8389 4.63409
32.359 4.63409
34.8792 4.63409
37.3993 4.63409
39.9194 4.63409
42.4396 4.63409
44.9597 4.63409
47.4799 4.63409
50.0 4.63409
0.0 1.3773
0.521095 1.3773
1.04219 1.6189
1.56328 1.8605
2.08438 2.1021
2.60547 2.3437
3.12657 2.5853
3.64766 2.8269
4.16876 3.0685
4.66597 3.0685
5.16319 3.09675
5.6604 3.12501
6.15762 3.15326
6.65483 3.18151
7.15205 3.20976
7.64926 3.23801
8.14647 3.26626
8.64369 3.29451
9.1409 3.32276
9.63812 3.35101
10.1353 3.37926
10.6325 3.40751
11.1298 3.43577
11.627 3.46402
12.1242 3.49227
12.6214 3.52052
13.1186 3.54877
13.6158 3.57702
14.113 3.60527
14.6073 3.60527
15.1016 3.63253
15.5959 3.65979
16.0902 3.68704
16.5844 3.7143
17.0787 3.74156
17.573 3.76881
18.0673 3.79607
18.5615 3.82333
19.0558 3.85059
19.5501 3.87784
20.0444 3.9051
20.5386 3.93236
21.0329 3.95961
21.5272 3.98687
22.0215 4.01413
22.5158 4.04139
23.01 4.06864
23.5043 4.0959
23.9986 4.12316
24.4929 4.15041
24.9871 4.17767
25.4825 4.17767
25.9779 4.25707
26.4732 4.33647
26.9686 4.41586
27.464 4.49526
27.9602 4.49526
28.4564 4.49526
28.9526 4.49526
29.4488 4.49526
29.945 4.49526
30.4412 4.49526
30.9374 4.49526
31.4336 4.49526
31.9298 4.49526
32.426 4.49526
32.9222 4.49526
33.4184 4.49526
33.9146 4.49526
34.4108 4.49526
34.907 4.49526
35.4032 4.49526
35.8994 4.49526
36.3956 4.49526
36.8918 4.49526
37.388 4.49526
37.8842 4.49526
38.3804 4.49526
38.8766 4.49526
39.3728 4.49526
39.869 4.49526
40.3652 4.49526
40.8614 4.49526
43.146 4.52142
45.4307 4.52142
47.7153 4.52142
50.0 4.52142
0.0 1.41658
0.471291 1.41658
0.942582 1.64773
1.41387 1.87888
1.88516 2.11003
2.35645 2.34118
2.82775 2.57233
3.29904 2.80349
3.77033 3.03464
4.28053 3.03464
4.79073 3.06477
5.30093 3.09491
5.81113 3.12505
6.32133 3.15519
6.83153 3.18532
7.34173 3.21546
7.85194 3.2456
8.36214 3.27574
8.87234 3.30587
9.38254 3.33601
9.89274 3.36615
10.4029 3.39629
10.9131 3.42643
11.4233 3.45656
11.9335 3.4867
12.4437 3.51684
12.9539 3.54698
13.4641 3.57711
13.9743 3.60725
14.4845 3.63739
14.9947 3.66753
15.505 3.69767
15.7458 3.69767
16.2808 3.43676
16.8158 3.35628
17.3507 3.2758
17.8857 3.19533
18.4058 3.19533
18.9259 3.19533
21.5154 4.90751
24.1049 4.90751
26.6944 4.90751
29.2839 4.90751
31.8734 4.90751
34.4629 4.90751
37.0525 4.90751
39.642 4.90751
42.2315 4.90751
44.821 4.90751
47.4105 4.90751
50.0 4.90751
0.0 1.14575
0.541932 1.14575
1.08386 1.55919
1.6258 1.97263
2.16773 2.38607
2.70966 2.79951
3.25596 2.79951
3.80225 2.87717
4.34855 2.95483
4.86675 2.95483
5.38495 3.00014
5.90315 3.04545
6.42135 3.09075
6.93955 3.13606
7.45775 3.18136
7.97595 3.22667
8.49415 3.27198
9.01235 3.31728
9.53055 3.36259
10.0321 3.36259
10.5336 3.35282
11.0351 3.34306
11.5366 3.3333
12.0381 3.32353
12.5397 3.31377
13.0412 3.304
13.5427 3.29424
14.0442 3.28447
14.5143 3.28447
14.9844 3.28447
15.4546 3.28447
15.9247 3.28447
16.3948 3.28447
16.8649 3.28447
17.335 3.28447
17.8052 3.28447
20.2817 4.58369
22.7582 4.58369
25.2347 4.58369
27.7113 4.58369
30.1878 4.58369
32.6643 4.58369
35.1408 4.58369
37.6174 4.58369
40.0939 4.58369
42.5704 4.58369
45.0469 4.58369
47.5235 4.58369
50.0 4.58369
0.0 1.09093
0.481075 1.09093
0.96215 1.32449
1.44323 1.55804
1.9243 1.79159
2.40538 2.02514
2.88645 2.2587
3.36753 2.49225
3.8486 2.7258
4.32968 2.95936
4.82824 2.95936
5.32681 2.9793
5.82537 2.99924
6.32394 3.01919
6.82251 3.03913
7.32107 3.05908
7.81964 3.07902
8.3182 3.09897
8.81677 3.11891
9.31533 3.13885
9.8139 3.1588
10.3125 3.17874
10.811 3.19869
11.3096 3.21863
11.8082 3.23858
12.3176 3.23858
12.8271 3.28449
13.3366 3.3304
13.8461 3.37632
14.3556 3.42223
14.8651 3.46815
15.3745 3.51406
15.884 3.55997
16.3935 3.60589
16.903 3.6518
17.4125 3.69772
17.922 3.74363
18.4314 3.78954
18.9409 3.83546
19.4504 3.88137
19.9599 3.92729
20.4694 3.9732
20.9788 4.01911
21.4883 4.06503
21.9978 4.11094
22.5073 4.15685
23.0168 4.20277
23.5263 4.24868
24.0456 4.24868
24.5649 3.94653
25.0843 3.64438
25.5367 3.64438
25.9891 3.64438
26.4415 3.64438
26.8939 3.64438
29.4612 4.43986
32.0286 4.43986
34.5959 4.43986
37.1633 4.43986
39.7306 4.43986
42.298 4.43986
44.8653 4.43986
47.4327 4.43986
50.0 4.43986
0.0 1.15614
0.494089 1.15614
0.988179 1.53679
1.48227 1.91745
1.97636 2.2981
2.47045 2.67875
2.96454 3.0594
3.47471 3.0594
3.98489 2.98933
4.49507 2.91927
5.00525 2.8492
5.51542 2.77913
6.0256 2.70906
6.52793 2.70906
7.03025 2.76796
7.53258 2.82686
8.0349 2.88575
8.53723 2.94465
9.03955 3.00354
9.54188 3.06244
10.0442 3.12134
10.5465 3.18023
11.0494 3.18023
11.5524 3.20253
12.0553 3.22484
12.5582 3.24714
13.0611 3.26944
13.5641 3.29174
14.067 3.31404
14.5699 3.33634
15.0728 3.35864
15.5758 3.38094
16.0818 3.38094
16.5878 3.38094
17.0939 3.38094
19.6251 4.56488
22.1564 4.56488
24.6876 4.56488
27.2188 4.56488
29.7501 4.56488
32.2813 4.56488
34.8126 4.56488
37.3438 4.56488
39.875 4.56488
42.4063 4.56488
44.9375 4.56488
47.4688 4.56488
50.0 4.56488
0.0 1.13705
0.499068 1.13705
0.998137 1.44801
1.49721 1.75897
1.99627 2.06993
2.49534 2.38089
2.99441 2.69184
3.45067 2.69184
3.90693 2.80062
4.36319 2.9094
4.81945 3.01818
5.31276 3.01818
5.80608 3.05566
6.2994 3.09314
6.79272 3.13062
7.28603 3.1681
7.77935 3.20559
8.27267 3.24307
8.76599 3.28055
9.2593 3.31803
9.75262 3.35552
10.2376 3.35552
10.7226 3.35064
11.2076 3.34577
11.6926 3.3409
12.1776 3.33602
12.6626 3.33115
13.1476 3.32627
13.6326 3.3214
14.1176 3.31653
14.5942 3.31653
15.0708 3.31653
15.5473 3.31653
16.0239 3.31653
16.5005 3.31653
16.9771 3.31653
17.4536 3.31653
17.9302 3.31653
20.3971 4.62385
22.864 4.62385
25.3309 4.62385
27.7978 4.62385
30.2647 4.62385
32.7317 4.62385
35.1986 4.62385
37.6655 4.62385
40.1324 4.62385
42.5993 4.62385
45.0662 4.62385
47.5331 4.62385
50.0 4.62385
0.0 1.3871
0.475786 1.3871
0.951571 1.58904
1.42736 1.79099
1.90314 1.99294
2.37893 2.19488
2.85471 2.39683
3.3305 2.59877
3.80629 2.80072
4.28207 3.00267
4.79058 3.00267
5.2991 3.03364
5.80761 3.06461
6.31613 3.09558
6.82464 3.12655
7.33315 3.15752
7.84167 3.18849
8.35018 3.21946
8.85869 3.25043
9.36721 3.2814
9.87572 3.31237
10.3842 3.34334
10.8927 3.37431
11.4013 3.40528
11.9098 3.43625
12.4183 3.46722
12.9268 3.49819
13.4353 3.52916
13.9438 3.56013
14.4389 3.56013
14.934 3.58474
15.429 3.60936
15.9241 3.63397
16.4191 3.65858
16.9142 3.6832
17.4093 3.70781
17.9043 3.73242
18.3994 3.75704
18.8944 3.78165
19.3895 3.80626
19.8846 3.83088
20.3796 3.85549
20.8747 3.8801
21.3697 3.90472
21.8648 3.92933
22.3599 3.95394
22.8549 3.97856
23.35 4.00317
23.8451 4.02779
24.3401 4.0524
24.8352 4.07701
25.3302 4.10163
25.8253 4.12624
26.3204 4.15085
26.8144 4.15085
27.3084 4.17764
27.8025 4.20443
28.2965 4.23123
28.7905 4.25802
29.2846 4.28481
29.7786 4.3116
30.2727 4.33839
30.7667 4.36518
31.2607 4.39197
31.7548 4.41876
32.2488 4.44555
32.7428 4.47234
33.2369 4.49913
33.7309 4.52593
34.2392 4.52593
34.7475 4.52593
35.2558 4.52593
35.7641 4.52593
36.2725 4.52593
36.7808 4.52593
37.2891 4.52593
37.7974 4.52593
38.3057 4.52593
38.814 4.52593
39.3223 4.52593
39.8306 4.52593
40.3389 4.52593
40.8472 4.52593
43.1354 4.54585
45.4236 4.54585
47.7118 4.54585
50.0 4.54585
0.0 1.40852
0.508645 1.40852
1.01729 1.63359
1.52593 1.85865
2.03458 2.08372
2.54322 2.30878
3.05187 2.53384
3.56051 2.75891
4.06916 2.98397
4.58557 2.98397
5.10198 3.04766
5.61839 3.11134
6.13481 3.17502
6.65122 3.23871
7.16763 3.30239
7.68404 3.36607
8.20045 3.42976
8.71687 3.49344
9.23328 3.55712
9.73509 3.55712
10.2369 3.57849
10.7387 3.59987
11.2405 3.62124
11.7424 3.64261
12.2442 3.66398
12.746 3.68536
13.2478 3.70673
13.7496 3.7281
14.2514 3.74947
14.7532 3.77085
15.2551 3.79222
15.7569 3.81359
16.2587 3.83496
16.7605 3.85633
17.2623 3.87771
17.7641 3.89908
18.2659 3.92045
18.7678 3.94182
19.2696 3.9632
19.7714 3.98457
20.2732 4.00594
20.775 4.02731
21.2768 4.04869
21.7787 4.07006
22.2805 4.09143
22.7823 4.1128
23.2841 4.13418
23.7859 4.15555
24.2877 4.17692
24.7895 4.19829
25.2805 4.19829
25.7715 4.21704
26.2625 4.23579
26.7534 4.25453
27.2444 4.27328
27.7354 4.29203
28.2263 4.31078
28.7173 4.32952
29.2083 4.34827
29.6992 4.36702
30.1902 4.38577
30.6812 4.40451
31.1722 4.42326
31.6631 4.44201
32.1541 4.46076
32.6451 4.4795
33.136 4.49825
33.627 4.517
34.1426 4.517
34.6583 4.517
35.1739 4.517
35.6895 4.517
36.2052 4.517
36.7208 4.517
37.2364 4.517
37.7521 4.517
38.2677 4.517
38.7833 4.517
39.2989 4.517
39.8146 4.517
40.3302 4.517
40.8458 4.517
43.1344 4.67152
45.4229 4.67152
47.7115 4.67152
50.0 4.67152
0.0 1.18787
0.503248 1.18787
1.0065 1.44023
1.50974 1.69259
2.01299 1.94495
2.51624 2.19731
3.01949 2.44967
3.51337 2.44967
4.00726 2.51227
4.50114 2.57487
4.99503 2.63747
5.48891 2.70007
5.9828 2.76267
6.47668 2.82527
6.97057 2.88787
7.46445 2.95047
7.95834 3.01307
8.45222 3.07567
8.94611 3.13827
9.43999 3.20087
9.93824 3.20087
10.4365 3.22647
10.9347 3.25206
11.433 3.27766
11.9312 3.30325
12.4294 3.32885
12.9277 3.35444
13.4259 3.38004
13.9242 3.40563
14.4224 3.43122
14.9207 3.45682
15.4189 3.48241
15.9171 3.50801
16.4154 3.5336
16.9136 3.5592
17.4119 3.58479
17.9101 3.61039
18.4084 3.63598
18.9066 3.66157
19.4048 3.68717
19.9173 3.68717
20.4298 3.67731
20.9423 3.66745
21.4548 3.65759
21.9672 3.64774
22.4797 3.63788
22.9922 3.62802
23.5047 3.61816
24.0171 3.6083
24.5296 3.59844
25.0842 3.59844
25.6388 3.59844
26.1934 3.59844
28.574 4.36887
30.9547 4.36887
33.3354 4.36887
35.716 4.36887
38.0967 4.36887
40.4773 4.36887
42.858 4.36887
45.2387 4.36887
47.6193 4.36887
50.0 4.36887
0.0 1.17088
0.486505 1.17088
0.97301 1.53397
1.45952 1.89705
1.94602 2.26014
2.43253 2.62322
2.85646 2.62322
3.2804 2.83892
3.70434 3.05461
4.18774 3.05461
4.67115 3.07212
5.15455 3.08962
5.63795 3.10713
6.12135 3.12463
6.60475 3.14214
7.08815 3.15964
7.57155 3.17715
8.05495 3.19465
8.53835 3.21216
9.02175 3.22966
9.50515 3.24717
9.98855 3.26467
10.4719 3.28218
10.9553 3.29968
11.439 3.29968
11.9226 3.30667
12.4063 3.31366
12.8899 3.32064
13.3736 3.32763
13.8572 3.33462
14.3408 3.3416
14.8245 3.34859
15.3081 3.35558
15.8053 3.35558
16.3025 3.35558
16.7996 3.35558
17.2968 3.35558
17.794 3.35558
20.2714 4.60776
22.7488 4.60776
25.2261 4.60776
27.7035 4.60776
30.1809 4.60776
32.6583 4.60776
35.1357 4.60776
37.6131 4.60776
40.0905 4.60776
42.5678 4.60776
45.0452 4.60776
47.5226 4.60776
50.0 4.60776
0.0 1.37611
0.510971 1.37611
1.02194 1.56984
1.53291 1.76358
2.04388 1.95732
2.55485 2.15105
3.06583 2.34479
3.5768 2.53853
4.08777 2.73226
4.59874 2.926
5.10205 2.926
5.60536 3.01783
6.10867 3.10965
6.61197 3.20148
7.11528 3.29331
7.61859 3.38514
8.1219 3.47697
8.62521 3.5688
9.12813 3.5688
9.63105 3.58489
10.134 3.60098
10.6369 3.61708
11.1398 3.63317
11.6427 3.64927
12.1456 3.66536
12.6486 3.68146
13.1515 3.69755
13.6544 3.71364
14.1573 3.72974
14.6602 3.74583
15.1632 3.76193
15.6661 3.77802
16.169 3.79412
16.6719 3.81021
17.1748 3.8263
17.6778 3.8424
18.1807 3.85849
18.6836 3.87459
19.1865 3.89068
19.6894 3.90678
20.1924 3.92287
20.6953 3.93896
21.1982 3.95506
21.7011 3.97115
22.204 3.98725
22.7069 4.00334
23.2099 4.01944
23.7128 4.03553
24.2157 4.05162
24.7186 4.06772
25.2215 4.08381
25.7245 4.09991
26.2274 4.116
26.7303 4.1321
27.2332 4.14819
27.7361 4.16428
28.2285 4.16428
28.7208 4.18221
29.2132 4.20014
29.7055 4.21806
30.1979 4.23599
30.6902 4.25391
31.1826 4.27184
31.6749 4.28977
32.1673 4.30769
32.6596 4.32562
33.152 4.34354
33.6443 4.36147
34.1367 4.37939
34.629 4.39732
35.1213 4.41525
35.6137 4.43317
36.106 4.4511
36.5984 4.46902
37.0907 4.48695
37.5831 4.50488
38.0754 4.5228
38.5678 4.54073
39.0601 4.55865
39.5094 4.55865
39.9586 4.55865
40.4079 4.55865
40.8571 4.55865
43.1428 4.64809
45.4286 4.64809
47.7143 4.64809
50.0 4.64809
0.0 1.41502
0.484546 1.41502
0.969093 1.60535
1.45364 1.79568
1.93819 1.98601
2.42273 2.17634
2.90728 2.36667
3.39182 2.557
3.87637 2.74733
4.36092 2.93766
4.8808 2.93766
5.40069 3.00053
5.92057 3.0634
6.44046 3.12627
6.96035 3.18914
7.48023 3.252
8.00012 3.31487
8.52 3.37774
9.03989 3.44061
9.55978 3.50348
10.0797 3.56634
10.583 3.56634
11.0863 3.58366
11.5897 3.60098
12.093 3.6183
12.5963 3.63562
13.0997 3.65293
13.603 3.67025
14.1063 3.68757
14.6097 3.70489
15.113 3.72221
15.6163 3.73952
16.1196 3.75684
16.623 3.77416
17.1263 3.79148
17.6296 3.8088
18.133 3.82611
18.6363 3.84343
19.1396 3.86075
19.643 3.87807
20.1463 3.89539
20.6496 3.9127
21.153 3.93002
21.6563 3.94734
22.1596 3.96466
22.663 3.98198
23.1663 3.99929
23.6696 4.01661
24.173 4.03393
24.6763 4.05125
25.1796 4.06857
25.683 4.08589
26.1863 4.1032
26.6896 4.12052
27.193 4.13784
27.6963 4.15516
28.1996 4.17248
28.7044 4.17248
29.2093 4.19269
29.7141 4.21291
30.2189 4.23313
30.7237 4.25335
31.2285 4.27356
31.7333 4.29378
32.2382 4.314
32.743 4.33421
33.2478 4.35443
33.7526 4.37465
34.2574 4.39487
34.7623 4.41508
35.2671 4.4353
35.7719 4.45552
36.2767 4.47574
36.7815 4.49595
37.2863 4.51617
37.7912 4.53639
38.3018 4.53639
38.8124 4.53639
39.3231 4.53639
39.8337 4.53639
40.3443 4.53639
40.855 4.53639
43.1412 4.64339
45.4275 4.64339
47.7137 4.64339
50.0 4.64339
0.0 1.12003
0.525405 1.12003
1.05081 1.39497
1.57621 1.66991
2.10162 1.94485
2.62702 2.21979
3.15243 2.49473
3.67783 2.76967
4.20324 3.04461
4.71561 3.04461
5.22799 3.04101
5.74036 3.03742
6.25274 3.03382
6.76511 3.03023
7.27748 3.02663
7.78986 3.02304
8.30223 3.01944
8.81461 3.01585
9.32698 3.01226
9.83936 3.00866
10.3517 3.00507
10.8641 3.00147
11.3765 2.99788
11.8637 2.99788
12.3509 3.04694
12.8381 3.09601
13.3252 3.14507
13.8124 3.19414
14.2996 3.2432
14.7868 3.29227
15.274 3.34133
15.7612 3.3904
16.2484 3.43946
16.7356 3.48853
17.2228 3.53759
17.71 3.58666
18.1972 3.63572
18.6844 3.68479
19.153 3.68479
19.6217 3.76491
20.0903 3.84503
20.559 3.92516
21.0276 4.00528
21.4963 4.08541
21.9649 4.16553
22.4765 4.16553
22.9882 4.16553
23.4998 4.16553
24.0114 4.16553
24.523 4.16553
25.0346 4.16553
25.5463 4.16553
26.0579 4.16553
26.5695 4.16553
27.0811 4.16553
27.5928 4.16553
28.1044 4.16553
28.616 4.16553
29.1276 4.16553
29.6392 4.16553
30.1509 4.16553
32.632 4.37531
35.1131 4.37531
37.5943 4.37531
40.0754 4.37531
42.5566 4.37531
45.0377 4.37531
47.5189 4.37531
50.0 4.37531
0.0 1.39352
0.505361 1.39352
1.01072 1.58871
1.51608 1.7839
2.02144 1.97909
2.5268 2.17427
3.03216 2.36946
3.53753 2.56465
4.04289 2.75984
4.54825 2.95502
5.04554 2.95502
5.54282 3.00023
6.04011 3.04543
6.5374 3.09064
7.03469 3.13585
7.53198 3.18105
8.02926 3.22626
8.52655 3.27146
9.02384 3.31667
9.52113 3.36188
10.0184 3.40708
10.5157 3.45229
11.013 3.49749
11.5103 3.5427
12.0076 3.5879
12.5146 3.5879
13.0216 3.60389
13.5287 3.61987
14.0357 3.63585
14.5427 3.65183
15.0498 3.66781
15.5568 3.68379
16.0638 3.69977
16.5709 3.71576
17.0779 3.73174
17.585 3.74772
18.092 3.7637
18.599 3.77968
19.1061 3.79566
19.6131 3.81165
20.1201 3.82763
20.6272 3.84361
21.1342 3.85959
21.6412 3.87557
22.1483 3.89155
22.6553 3.90753
23.1623 3.92352
23.6694 3.9395
24.1764 3.95548
24.6834 3.97146
25.1905 3.98744
25.6975 4.00342
26.2045 4.0194
26.7116 4.03539
27.2186 4.05137
27.7256 4.06735
28.2327 4.08333
28.7249 4.08333
29.2171 4.10671
29.7093 4.13009
30.2015 4.15348
30.6936 4.17686
31.1858 4.20024
31.678 4.22362
32.1702 4.247
32.6624 4.27039
33.1546 4.29377
33.6468 4.31715
34.139 4.34053
34.6312 4.36391
35.1234 4.3873
35.6156 4.41068
36.1078 4.43406
36.6 4.45744
37.0921 4.48082
37.5673 4.48082
38.0425 4.48082
38.5177 4.48082
38.9929 4.48082
39.4681 4.48082
39.9433 4.48082
40.4185 4.48082
40.8936 4.48082
43.1702 4.59856
45.4468 4.59856
47.7234 4.59856
50.0 4.59856
0.0 1.17694
0.471033 1.17694
0.942067 1.40184
1.4131 1.62675
1.88413 1.85165
2.35517 2.07656
2.8262 2.30146
3.29723 2.52636
3.80636 2.52636
4.3155 2.58703
4.82463 2.64769
5.33376 2.70835
5.84289 2.76901
6.35202 2.82968
6.86115 2.89034
7.37028 2.951
7.87941 3.01166
8.38854 3.07233
8.89767 3.13299
9.4068 3.19365
9.91089 3.19365
10.415 3.22481
10.9191 3.25597
11.4232 3.28713
11.9272 3.31828
12.4313 3.34944
12.9354 3.3806
13.4395 3.41176
13.9436 3.44291
14.4477 3.47407
14.9518 3.50523
15.4559 3.53639
15.9599 3.56754
16.464 3.5987
16.9681 3.62986
17.4722 3.66102
17.9763 3.69217
18.4711 3.69217
18.966 3.68859
19.4608 3.685
19.9556 3.68141
20.4505 3.67783
20.9453 3.67424
21.4401 3.67066
21.935 3.66707
22.4298 3.66348
22.9246 3.6599
23.4195 3.65631
23.9143 3.65272
24.4092 3.64914
24.904 3.64555
25.5231 3.64555
26.1423 3.64555
28.528 4.36288
30.9138 4.36288
33.2996 4.36288
35.6854 4.36288
38.0711 4.36288
40.4569 4.36288
42.8427 4.36288
45.2285 4.36288
47.6142 4.36288
50.0 4.36288
0.0 1.38813
0.490515 1.38813
0.98103 1.56427
1.47154 1.74042
1.96206 1.91657
2.45257 2.09271
2.94309 2.26886
3.4336 2.445
3.92412 2.62115
4.41463 2.7973
4.90515 2.97344
5.39994 2.97344
5.89473 3.0148
6.38952 3.05616
6.88431 3.09753
7.3791 3.13889
7.87389 3.18025
8.36868 3.22161
8.86347 3.26297
9.35826 3.30433
9.85305 3.34569
10.3478 3.38705
10.8426 3.42841
11.3374 3.46977
11.8322 3.51113
12.327 3.55249
12.8218 3.59385
13.3192 3.59385
13.8167 3.61139
14.3142 3.62894
14.8116 3.64648
15.3091 3.66403
15.8065 3.68158
16.304 3.69912
16.8015 3.71667
17.2989 3.73421
17.7964 3.75176
18.2938 3.7693
18.7913 3.78685
19.2888 3.8044
19.7862 3.82194
20.2837 3.83949
20.7811 3.85703
21.2786 3.87458
21.7761 3.89212
22.2735 3.90967
22.771 3.92721
23.2684 3.94476
23.7659 3.96231
24.2634 3.97985
24.7608 3.9974
25.2583 4.01494
25.7557 4.03249
26.2532 4.05003
26.7507 4.06758
27.2481 4.08512
27.7456 4.10267
28.2426 4.10267
28.7397 4.1287
29.2367 4.15474
29.7337 4.18077
30.2308 4.2068
30.7278 4.23283
31.2249 4.25887
31.7219 4.2849
32.219 4.31093
32.716 4.33696
33.213 4.363
33.7101 4.38903
34.2071 4.41506
34.7042 4.44109
35.2012 4.46713
35.6982 4.49316
36.1953 4.51919
36.7085 4.51919
37.2216 4.51919
37.7348 4.51919
38.248 4.51919
38.7611 4.51919
39.2743 4.51919
39.7875 4.51919
40.3006 4.51919
40.8138 4.51919
43.1104 4.52424
45.4069 4.52424
47.7035 4.52424
50.0 4.52424
0.0 1.44382
0.227924 1.44382
0.705428 1.32643
1.18293 1.63308
1.66043 1.93972
2.13794 2.24637
2.61544 2.55302
3.09295 2.85966
3.59939 2.85966
4.10583 2.89053
4.61227 2.92139
5.11872 2.95225
5.62516 2.98312
6.1316 3.01398
6.63804 3.04485
7.14449 3.07571
7.65093 3.10657
8.15737 3.13744
8.66382 3.1683
9.17026 3.19916
9.6767 3.23003
10.1831 3.26089
10.6896 3.29175
11.196 3.32262
11.7025 3.35348
12.2089 3.38434
12.7154 3.41521
13.2218 3.44607
13.7282 3.47693
14.2347 3.5078
14.7411 3.53866
15.2476 3.56952
15.754 3.60039
16.2605 3.63125
16.7669 3.66211
17.2733 3.69298
17.7798 3.72384
18.2866 3.72384
18.7933 3.77007
19.3001 3.81629
19.8069 3.86251
20.3137 3.90874
20.8204 3.95496
21.3272 4.00119
21.834 4.04741
22.3408 4.09364
22.8475 4.13986
23.3543 4.18609
23.8611 4.23231
24.3679 4.27854
24.8746 4.32476
25.3814 4.37099
25.8882 4.41721
26.395 4.46344
26.9017 4.50966
27.3949 4.50966
27.8881 4.50966
28.3812 4.50966
28.8744 4.50966
29.3676 4.50966
29.8607 4.50966
30.3539 4.50966
30.8471 4.50966
31.3402 4.50966
31.8334 4.50966
32.3266 4.50966
32.8197 4.50966
33.3129 4.50966
33.806 4.50966
34.2992 4.50966
34.7924 4.50966
35.2855 4.50966
35.7787 4.50966
36.2719 4.50966
36.765 4.50966
37.2582 4.50966
37.7514 4.50966
38.2445 4.50966
38.7377 4.50966
39.2309 4.50966
39.724 4.50966
40.2172 4.50966
40.7104 4.50966
41.2035 4.50966
43.4026 4.5853
45.6018 4.5853
47.8009 4.5853
50.0 4.5853
0.0 1.18458
0.489956 1.18458
0.979913 1.41935
1.46987 1.65412
1.95983 1.88889
2.44978 2.12366
2.93974 2.35843
3.42969 2.5932
3.9395 2.5932
4.4493 2.66127
4.9591 2.72935
5.4689 2.79742
5.9787 2.86549
6.4885 2.93356
6.9983 3.00163
7.50811 3.0697
8.01791 3.13777
8.52539 3.13777
9.03287 3.13242
9.54035 3.12706
10.0478 3.1217
10.5553 3.11635
11.0628 3.11099
11.5703 3.10563
12.0778 3.10028
12.5852 3.09492
13.0927 3.08956
13.6002 3.08421
14.1176 3.08421
14.6349 3.16059
15.1523 3.23697
15.6696 3.31334
16.187 3.38972
16.7043 3.4661
17.2217 3.54248
17.739 3.61886
18.2564 3.69524
18.7738 3.77162
19.2911 3.848
19.8085 3.92438
20.3258 4.00075
20.8432 4.07713
21.3414 4.07713
21.8397 4.07713
22.3379 4.07713
22.8362 4.07713
23.3345 4.07713
23.8327 4.07713
24.331 4.07713
24.8292 4.07713
25.3275 4.07713
25.8257 4.07713
26.324 4.07713
26.8222 4.07713
27.3205 4.07713
27.8187 4.07713
28.317 4.07713
28.8152 4.07713
29.3135 4.07713
29.8118 4.07713
30.31 4.07713
32.7713 4.54297
35.2325 4.54297
37.6938 4.54297
40.155 4.54297
42.6163 4.54297
45.0775 4.54297
47.5388 4.54297
50.0 4.54297
0.0 1.2355
0.516328 1.2355
1.03266 1.50641
1.54899 1.77731
2.06531 2.04821
2.58164 2.31911
3.09797 2.59002
3.61739 2.59002
4.13681 2.6504
4.65623 2.71078
5.17565 2.77116
5.69507 2.83155
6.21449 2.89193
6.73391 2.95231
7.25333 3.01269
7.77275 3.07308
8.29217 3.13346
8.81159 3.19384
9.33101 3.25422
9.86086 3.25422
10.3907 3.21096
10.9206 3.16769
11.4504 3.12443
11.9803 3.08116
12.5101 3.0379
13.04 2.99463
13.5203 2.99463
14.0006 3.09038
14.4809 3.18613
14.9613 3.28188
15.4416 3.37763
15.9219 3.47338
16.4022 3.56913
16.8825 3.66488
17.3628 3.76063
17.8432 3.85638
18.3235 3.95213
18.8038 4.04788
19.3019 4.04788
19.8001 4.04788
20.2982 4.04788
20.7963 4.04788
21.2944 4.04788
21.7926 4.04788
22.2907 4.04788
22.7888 4.04788
23.287 4.04788
23.7851 4.04788
24.2832 4.04788
24.7813 4.04788
25.2795 4.04788
25.7776 4.04788
26.2757 4.04788
26.7738 4.04788
27.272 4.04788
27.7701 4.04788
28.2682 4.04788
28.7664 4.04788
29.2645 4.04788
29.7626 4.04788
30.2607 4.04788
32.7282 4.55022
35.1956 4.55022
37.663 4.55022
40.1304 4.55022
42.5978 4.55022
45.0652 4.55022
47.5326 4.55022
50.0 4.55022
0.0 1.39059
0.51025 1.39059
1.0205 1.60797
1.53075 1.82535
2.041 2.04273
2.55125 2.26011
3.0615 2.47749
3.57175 2.69487
4.082 2.91225
4.58146 2.91225
5.08091 2.961
5.58037 3.00976
6.07982 3.05852
6.57928 3.10727
7.07874 3.15603
7.57819 3.20479
8.07765 3.25354
8.5771 3.3023
9.07656 3.35106
9.57602 3.39982
10.0755 3.44857
10.5749 3.49733
11.0744 3.54609
11.5738 3.59484
12.0809 3.59484
12.588 3.57952
13.0951 3.56419
13.6022 3.54887
14.1093 3.53354
14.6164 3.51822
15.1235 3.50289
15.593 3.50289
16.0626 3.46303
16.5322 3.42316
17.0018 3.38329
17.4713 3.34343
17.9409 3.30356
18.4105 3.2637
18.9984 3.2637
19.5864 3.2637
22.1209 4.60124
24.6554 4.60124
27.1898 4.60124
29.7243 4.60124
32.2587 4.60124
34.7932 4.60124
37.3277 4.60124
39.8621 4.60124
42.3966 4.60124
44.9311 4.60124
47.4655 4.60124
50.0 4.60124
0.0 1.10325
0.509476 1.10325
1.01895 1.34176
1.52843 1.58026
2.0379 1.81876
2.54738 2.05726
3.05686 2.29577
3.56633 2.53427
4.07581 2.77277
4.58529 3.01128
5.0899 3.01128
5.5945 3.01081
6.09911 3.01034
6.60372 3.00988
7.10833 3.00941
7.61294 3.00895
8.11755 3.00848
8.62216 3.00802
9.12677 3.00755
9.63138 3.00709
10.136 3.00662
10.6406 3.00615
11.1452 3.00569
11.6498 3.00522
12.1544 3.00476
12.659 3.00429
13.165 3.00429
13.671 3.05122
14.177 3.09816
14.6829 3.14509
15.1889 3.19202
15.6949 3.23895
16.2009 3.28588
16.7069 3.33281
17.2128 3.37975
17.7188 3.42668
18.2248 3.47361
18.7308 3.52054
19.2368 3.56747
19.7427 3.6144
20.2487 3.66134
20.738 3.66134
21.2274 3.72623
21.7167 3.79113
22.206 3.85603
22.6953 3.92093
23.1846 3.98583
23.674 4.05073
24.1633 4.11563
24.6623 4.11563
25.1613 4.11563
25.6604 4.11563
26.1594 4.11563
26.6584 4.11563
27.1574 4.11563
27.6565 4.11563
28.1555 4.11563
28.6545 4.11563
29.1535 4.11563
29.6526 4.11563
30.1516 4.11563
32.6326 4.43487
35.1137 4.43487
37.5947 4.43487
40.0758 4.43487
42.5568 4.43487
45.0379 4.43487
47.5189 4.43487
50.0 4.43487
0.0 1.31942
0.486982 1.31942
0.973964 1.55288
1.46095 1.78634
1.94793 2.0198
2.43491 2.25326
2.92189 2.48671
3.40887 2.72017
3.89586 2.95363
4.40347 2.95363
4.91108 2.99949
5.41869 3.04535
5.92631 3.09121
6.43392 3.13707
6.94153 3.18293
7.44915 3.22879
7.95676 3.27465
8.46437 3.32051
8.97199 3.36637
9.4796 3.41223
9.98721 3.45809
10.4948 3.50395
11.0024 3.54981
11.5167 3.54981
12.031 3.55037
12.5452 3.55092
13.0595 3.55148
13.5737 3.55204
14.088 3.55259
14.6023 3.55315
15.1165 3.55371
15.6308 3.55427
16.1237 3.55427
16.6166 3.47731
17.1095 3.40036
17.6024 3.3234
18.0953 3.24644
18.5853 3.24644
19.0752 3.24644
19.5652 3.24644
22.1014 4.56642
24.6376 4.56642
27.1739 4.56642
29.7101 4.56642
32.2463 4.56642
34.7826 4.56642
37.3188 4.56642
39.8551 4.56642
42.3913 4.56642
44.9275 4.56642
47.4638 4.56642
50.0 4.56642
0.0 1.05021
0.492519 1.05021
0.985039 1.32639
1.47756 1.60257
1.97008 1.87876
2.4626 2.15494
2.95512 2.43113
3.44764 2.70731
3.94015 2.9835
4.45198 2.9835
4.9638 2.98717
5.47562 2.99085
5.98745 2.99453
6.49927 2.99821
7.01109 3.00188
7.52292 3.00556
8.03474 3.00924
8.54656 3.01292
9.05839 3.01659
9.57021 3.02027
10.082 3.02395
10.5939 3.02762
11.1057 3.0313
11.6175 3.03498
12.1293 3.03866
12.6214 3.03866
13.1134 3.09311
13.6054 3.14756
14.0974 3.20201
14.5895 3.25646
15.0815 3.31091
15.5735 3.36536
16.0655 3.41981
16.5576 3.47426
17.0496 3.5287
17.5416 3.58315
18.0336 3.6376
18.5257 3.69205
19.0177 3.7465
19.5239 3.7465
20.0301 3.7869
20.5363 3.8273
21.0426 3.86769
21.5488 3.90809
22.055 3.94849
22.5612 3.98889
23.0675 4.02928
23.5737 4.06968
24.0799 4.11008
24.5861 4.15047
25.0952 4.15047
25.6044 4.15047
26.1135 4.15047
26.6226 4.15047
27.1317 4.15047
27.6408 4.15047
28.15 4.15047
28.6591 4.15047
29.1682 4.15047
29.6773 4.15047
30.1864 4.15047
32.6631 4.37955
35.1398 4.37955
37.6165 4.37955
40.0932 4.37955
42.5699 4.37955
45.0466 4.37955
47.5233 4.37955
50.0 4.37955
0.0 1.30867
0.51882 1.30867
1.03764 1.59623
1.55646 1.88378
2.07528 2.17133
2.5941 2.45889
3.11292 2.74644
3.63174 3.034
4.14425 3.034
4.65676 3.07819
5.16927 3.12238
5.68178 3.16656
6.19428 3.21075
6.70679 3.25494
7.2193 3.29913
7.73181 3.34332
8.24432 3.38751
8.75683 3.43169
9.26934 3.47588
9.78185 3.52007
10.2944 3.56426
10.7862 3.56426
11.278 3.55963
11.7698 3.55501
12.2616 3.55038
12.7534 3.54576
13.2452 3.54114
13.737 3.53651
14.2288 3.53189
14.7207 3.52726
15.2125 3.52264
15.7043 3.51801
16.1961 3.51339
16.6879 3.50876
17.1797 3.50414
17.5649 3.50414
18.1108 3.20808
18.6567 3.20808
19.2027 3.20808
19.7486 3.20808
22.2695 4.57317
24.7905 4.57317
27.3114 4.57317
29.8324 4.57317
32.3533 4.57317
34.8743 4.57317
37.3952 4.57317
39.9162 4.57317
42.4371 4.57317
44.9581 4.57317
47.479 4.57317
50.0 4.57317
0.0 1.33256
0.472233 1.33256
0.944465 1.6112
1.4167 1.88984
1.88893 2.16848
2.36116 2.44712
2.8334 2.72576
3.30563 3.0044
3.79305 3.0044
4.28047 3.03801
4.76788 3.07163
5.2553 3.10524
5.74272 3.13885
6.23014 3.17246
6.71756 3.20607
7.20497 3.23968
7.69239 3.27329
8.17981 3.3069
8.66723 3.34052
9.15465 3.37413
9.64207 3.40774
10.1295 3.44135
10.6169 3.47496
11.1043 3.50857
11.6002 3.50857
12.0961 3.51227
12.592 3.51596
13.0878 3.51965
13.5837 3.52334
14.0796 3.52704
14.5755 3.53073
15.0714 3.53442
15.5672 3.53812
16.0631 3.54181
16.559 3.5455
17.0549 3.54919
17.5508 3.55289
18.0612 3.55289
18.5716 3.22471
19.1846 3.22471
19.7977 3.22471
22.3145 4.59737
24.8314 4.59737
27.3483 4.59737
29.8651 4.59737
32.382 4.59737
34.8988 4.59737
37.4157 4.59737
39.9326 4.59737
42.4494 4.59737
44.9663 4.59737
47.4831 4.59737
50.0 4.59737
0.0 1.14184
0.4764 1.14184
0.9528 1.44911
1.4292 1.75638
1.9056 2.06365
2.382 2.37092
2.8584 2.67819
3.3348 2.98546
3.81093 2.98546
4.28706 2.92051
4.76319 2.85556
5.23932 2.79061
5.7292 2.79061
6.21908 2.93518
6.70896 3.07974
7.19884 3.22431
7.67831 3.22431
8.15778 3.25173
8.63725 3.27914
9.11672 3.30656
9.59619 3.33398
10.0757 3.36139
10.5551 3.38881
11.0371 3.38881
11.519 3.38881
12.001 3.38881
12.483 3.38881
12.9649 3.38881
13.4469 3.38881
13.9288 3.38881
14.4108 3.38881
14.8927 3.38881
15.3747 3.38881
15.8566 3.38881
16.3386 3.38881
16.8206 3.38881
19.3728 4.44889
21.9251 4.44889
24.4774 4.44889
27.0296 4.44889
29.5819 4.44889
32.1341 4.44889
34.6864 4.44889
37.2387 4.44889
39.7909 4.44889
42.3432 4.44889
44.8955 4.44889
47.4477 4.44889
50.0 4.44889
0.0 1.13555
0.519813 1.13555
1.03963 1.4958
1.55944 1.85605
2.07925 2.2163
2.59906 2.57655
3.11888 2.9368
3.59769 2.9368
4.07649 2.88943
4.5553 2.84205
5.03411 2.79467
5.51292 2.7473
5.99173 2.69992
6.54827 2.69992
7.10481 3.27352
7.60913 3.27352
8.11346 3.29456
8.61778 3.3156
9.12211 3.33665
9.62643 3.35769
10.1308 3.37873
10.6351 3.39977
11.1394 3.42082
11.6437 3.44186
12.1608 3.44186
12.6779 3.44186
13.1949 3.44186
13.712 3.44186
14.2291 3.44186
14.7461 3.44186
15.2632 3.44186
15.7803 3.44186
16.2973 3.44186
16.8144 3.44186
19.3671 4.46645
21.9199 4.46645
24.4726 4.46645
27.0253 4.46645
29.5781 4.46645
32.1308 4.46645
34.6836 4.46645
37.2363 4.46645
39.789 4.46645
42.3418 4.46645
44.8945 4.46645
47.4473 4.46645
50.0 4.46645
0.0 1.13066
0.514898 1.13066
1.0298 1.39978
1.54469 1.6689
2.05959 1.93802
2.57449 2.20715
3.08939 2.47627
3.60428 2.74539
4.11918 3.01451
4.6085 3.01451
5.09782 3.02364
5.58713 3.03278
6.07645 3.04191
6.56577 3.05104
7.05509 3.06018
7.5444 3.06931
8.03372 3.07844
8.52304 3.08757
9.01235 3.09671
9.50167 3.10584
9.99099 3.11497
10.4803 3.12411
10.9696 3.13324
11.4589 3.14237
11.9483 3.1515
12.4376 3.16064
12.9269 3.16977
13.4162 3.1789
13.9055 3.18804
14.3948 3.19717
14.8842 3.2063
15.3735 3.21544
15.883 3.21544
16.3926 3.2859
16.9022 3.35637
17.4118 3.42683
17.9213 3.4973
18.4309 3.56776
18.9405 3.63823
19.45 3.70869
19.9596 3.77916
20.4692 3.84962
20.9788 3.92009
21.4883 3.99055
21.9979 4.06102
22.5075 4.13148
23.0171 4.20195
23.5266 4.27241
24.0436 4.27241
24.5607 3.95419
25.0777 3.63596
25.6479 3.63596
26.2182 3.63596
26.7884 3.63596
29.3675 4.45353
31.9465 4.45353
34.5256 4.45353
37.1047 4.45353
39.6837 4.45353
42.2628 4.45353
44.8419 4.45353
47.4209 4.45353
50.0 4.45353
0.0 1.10296
0.513533 1.10296
1.02707 1.36143
1.5406 1.6199
2.05413 1.87837
2.56767 2.13684
3.0812 2.39532
3.59473 2.65379
4.10827 2.91226
4.61849 2.91226
5.12872 2.92851
5.63894 2.94476
6.14917 2.961
6.6594 2.97725
7.16962 2.9935
7.67985 3.00975
8.19007 3.026
8.7003 3.04225
9.21053 3.05849
9.72075 3.07474
10.231 3.09099
10.7412 3.10724
11.2514 3.12349
11.7543 3.12349
12.2573 3.16523
12.7602 3.20696
13.2631 3.2487
13.766 3.29044
14.2689 3.33218
14.7718 3.37392
15.2747 3.41566
15.7776 3.4574
16.2805 3.49913
16.7835 3.54087
17.2864 3.58261
17.7893 3.62435
18.2922 3.66609
18.7951 3.70783
19.2849 3.70783
19.7746 3.74685
20.2644 3.78586
20.7541 3.82488
21.2439 3.8639
21.7336 3.90292
22.2234 3.94194
22.7131 3.98095
23.2029 4.01997
23.6927 4.05899
24.1824 4.09801
24.6722 4.13702
25.1909 4.13702
25.7097 4.13702
26.2285 4.13702
26.7472 4.13702
27.266 4.13702
27.7848 4.13702
28.3035 4.13702
28.8223 4.13702
29.3411 4.13702
29.8598 4.13702
30.3786 4.13702
32.8313 4.34767
35.284 4.34767
37.7366 4.34767
40.1893 4.34767
42.642 4.34767
45.0947 4.34767
47.5473 4.34767
50.0 4.34767
0.0 1.24049
0.469926 1.24049
0.939851 1.47433
1.40978 1.70816
1.8797 1.942
2.34963 2.17583
2.81955 2.40967
3.28948 2.6435
3.75941 2.87734
4.28407 2.87734
4.80873 2.88522
5.33339 2.8931
5.85805 2.90098
6.38271 2.90886
6.90737 2.91674
7.43203 2.92462
7.95669 2.9325
8.48135 2.94038
9.00601 2.94826
9.50967 2.94826
10.0133 2.98366
10.517 3.01905
11.0207 3.05444
11.5243 3.08983
12.028 3.12522
12.5316 3.16062
13.0353 3.19601
13.539 3.2314
14.0426 3.26679
14.5463 3.30219
15.0499 3.33758
15.5536 3.37297
16.0573 3.40836
16.5609 3.44375
17.0646 3.47915
17.5683 3.51454
18.0719 3.54993
18.5756 3.58532
19.0792 3.62071
19.5829 3.65611
20.0866 3.6915
20.5902 3.72689
21.0939 3.76228
21.5975 3.79767
22.1012 3.83307
22.6049 3.86846
23.1085 3.90385
23.6122 3.93924
24.1159 3.97464
24.6195 4.01003
25.1232 4.04542
25.6268 4.08081
26.1305 4.1162
26.6342 4.1516
27.1378 4.18699
27.6415 4.22238
28.1451 4.25777
28.6488 4.29316
29.138 4.29316
29.6272 4.31544
30.1164 4.33771
30.6057 4.35999
31.0949 4.38226
31.5841 4.40454
32.0733 4.42681
32.5625 4.44909
33.0517 4.47136
33.5409 4.49364
34.0301 4.51591
34.5194 4.53819
35.0086 4.56047
35.4978 4.58274
36.0082 4.58274
36.5187 4.58274
37.0291 4.58274
37.5396 4.58274
38.05 4.58274
38.5605 4.58274
39.0709 4.58274
39.5814 4.58274
40.0918 4.58274
40.6023 4.58274
41.1127 4.58274
41.6232 4.58274
44.4155 4.64623
47.2077 4.64623
50.0 4.64623
0.0 1.15194
0.47171 1.15194
0.943421 1.50272
1.41513 1.8535
1.88684 2.20428
2.35855 2.55506
2.83026 2.90584
3.29894 2.90584
3.76761 2.87137
4.23629 2.8369
4.70497 2.80243
5.17364 2.76797
5.64232 2.7335
6.13773 2.7335
6.63314 2.80994
7.12854 2.88639
7.62395 2.96284
8.11936 3.03929
8.61477 3.11573
9.11018 3.19218
9.60559 3.26863
10.0873 3.26863
10.569 3.29642
11.0507 3.32421
11.5324 3.35201
12.0142 3.3798
12.4959 3.40759
12.9776 3.43539
13.4477 3.43539
13.9178 3.43539
14.3879 3.43539
14.858 3.43539
15.3282 3.43539
15.7983 3.43539
16.2684 3.43539
16.7385 3.43539
19.2971 4.4434
21.8556 4.4434
24.4142 4.4434
26.9728 4.4434
29.5314 4.4434
32.09 4.4434
34.6485 4.4434
37.2071 4.4434
39.7657 4.4434
42.3243 4.4434
44.8828 4.4434
47.4414 4.4434
50.0 4.4434
0.0 1.30659
0.527283 1.30659
1.05457 1.51957
1.58185 1.73255
2.10913 1.94553
2.63641 2.15851
3.1637 2.37148
3.69098 2.58446
4.21826 2.79744
4.65641 2.79744
5.09456 2.8355
5.5327 2.87355
5.97085 2.9116
6.46615 2.9116
6.96145 2.94439
7.45675 2.97718
7.95205 3.00996
8.44735 3.04275
8.94266 3.07553
9.43796 3.10832
9.93326 3.1411
10.4286 3.17389
10.9239 3.20667
11.4192 3.23946
11.9145 3.27225
12.4098 3.30503
12.9051 3.33782
13.4004 3.3706
13.8957 3.40339
14.391 3.43617
14.8863 3.46896
15.3816 3.50174
15.8769 3.53453
16.3722 3.56731
16.8675 3.6001
17.3628 3.63289
17.8581 3.66567
18.3534 3.69846
18.8487 3.73124
19.344 3.76403
19.8393 3.79681
20.3346 3.8296
20.8299 3.86238
21.3252 3.89517
21.8205 3.92796
22.3158 3.96074
22.8111 3.99353
23.3064 4.02631
23.8017 4.0591
24.297 4.09188
24.7923 4.12467
25.2876 4.15745
25.7829 4.19024
26.2782 4.22303
26.7735 4.25581
27.2688 4.2886
27.7552 4.2886
28.2417 4.30886
28.7281 4.32913
29.2145 4.3494
29.7009 4.36967
30.1874 4.38993
30.6738 4.4102
31.1602 4.43047
31.6467 4.45074
32.1331 4.471
32.6195 4.49127
33.1059 4.51154
33.5924 4.53181
34.0788 4.55207
34.5836 4.55207
35.0885 4.55207
35.5933 4.55207
36.0982 4.55207
36.603 4.55207
37.1078 4.55207
37.6127 4.55207
38.1175 4.55207
38.6223 4.55207
39.1272 4.55207
39.632 4.55207
40.1369 4.55207
40.6417 4.55207
41.1465 4.55207
41.6514 4.55207
44.4342 4.59958
47.2171 4.59958
50.0 4.59958
0.0 1.09066
0.515055 1.09066
1.03011 1.36198
1.54516 1.63329
2.06022 1.90461
2.57527 2.17592
3.09033 2.44724
3.60538 2.71855
4.12044 2.98987
4.61698 2.98987
5.11352 2.99667
5.61007 3.00347
6.10661 3.01027
6.60315 3.01708
7.09969 3.02388
7.59623 3.03068
8.09277 3.03748
8.58932 3.04429
9.08586 3.05109
9.5824 3.05789
10.0789 3.06469
10.5755 3.0715
11.072 3.0783
11.5686 3.0851
12.0651 3.0919
12.5616 3.09871
13.0582 3.10551
13.5547 3.11231
14.0513 3.11911
14.5478 3.12592
15.0444 3.13272
15.5409 3.13952
16.0471 3.13952
16.5534 3.21838
17.0596 3.29724
17.5658 3.3761
18.0721 3.45497
18.5783 3.53383
19.0845 3.61269
19.5908 3.69155
20.097 3.77041
20.6032 3.84927
21.1094 3.92813
21.6157 4.00699
22.1219 4.08585
22.6281 4.16472
23.1344 4.24358
23.6406 4.32244
24.1026 4.32244
24.5646 4.02866
25.0267 3.73489
25.4688 3.73489
25.9109 3.73489
26.353 3.73489
26.7951 3.73489
29.3734 4.47612
31.9517 4.47612
34.5301 4.47612
37.1084 4.47612
39.6867 4.47612
42.265 4.47612
44.8434 4.47612
47.4217 4.47612
50.0 4.47612
0.0 1.25601
0.503918 1.25601
1.00784 1.49113
1.51175 1.72624
2.01567 1.96136
2.51959 2.19648
3.02351 2.43159
3.52743 2.66671
4.04651 2.66671
4.56558 2.72122
5.08466 2.77572
5.60374 2.83023
6.12281 2.88474
6.64189 2.93924
7.16097 2.99375
7.68005 3.04826
8.19912 3.10276
8.7182 3.15727
9.23728 3.21178
9.71826 3.21178
10.1992 3.18695
10.6802 3.16213
11.1612 3.13731
11.6422 3.11249
12.1232 3.08767
12.6042 3.06285
13.0851 3.03803
13.5661 3.0132
14.0471 2.98838
14.543 2.98838
15.0388 3.10768
15.5347 3.22697
16.0305 3.34626
16.5264 3.46555
17.0223 3.58484
17.5181 3.70414
18.014 3.82343
18.5098 3.94272
19.0057 4.06201
19.4949 4.06201
19.984 4.06201
20.4732 4.06201
20.9624 4.06201
21.4515 4.06201
21.9407 4.06201
22.4299 4.06201
22.919 4.06201
23.4082 4.06201
23.8974 4.06201
24.3866 4.06201
24.8757 4.06201
25.3649 4.06201
25.8541 4.06201
26.3432 4.06201
26.8324 4.06201
27.3216 4.06201
27.8107 4.06201
28.2999 4.06201
28.7891 4.06201
29.2783 4.06201
29.7674 4.06201
30.2566 4.06201
32.7245 4.59302
35.1924 4.59302
37.6604 4.59302
40.1283 4.59302
42.5962 4.59302
45.0641 4.59302
47.5321 4.59302
50.0 4.59302
0.0 1.27411
0.517426 1.27411
1.03485 1.50989
1.55228 1.74567
2.0697 1.98145
2.58713 2.21723
3.10456 2.45301
3.62198 2.68879
4.13493 2.68879
4.64787 2.74006
5.16082 2.79134
5.67376 2.84262
6.18671 2.8939
6.69966 2.94518
7.2126 2.99645
7.72555 3.04773
8.23849 3.09901
8.75144 3.15029
9.26438 3.20156
9.74213 3.20156
10.2199 3.18912
10.6976 3.17668
11.1754 3.16424
11.6531 3.1518
12.1309 3.13935
12.6086 3.12691
13.0864 3.11447
13.5641 3.10203
14.0419 3.08958
14.5546 3.08958
15.0673 3.15712
15.58 3.22465
16.0927 3.29218
16.6054 3.35971
17.1181 3.42724
17.6307 3.49477
18.1434 3.5623
18.6561 3.62984
19.1688 3.69737
19.6815 3.7649
20.1942 3.83243
20.7069 3.89996
21.2196 3.96749
21.7323 4.03502
22.2394 4.03502
22.7465 4.03502
23.2537 4.03502
23.7608 4.03502
24.2679 4.03502
24.775 4.03502
25.2821 4.03502
25.7893 4.03502
26.2964 4.03502
26.8035 4.03502
27.3106 4.03502
27.8177 4.03502
28.3249 4.03502
28.832 4.03502
29.3391 4.03502
29.8462 4.03502
30.3533 4.03502
32.8092 4.51371
35.265 4.51371
37.7208 4.51371
40.1767 4.51371
42.6325 4.51371
45.0883 4.51371
47.5442 4.51371
50.0 4.51371
0.0 1.28835
0.489967 1.28835
0.979935 1.55112
1.4699 1.81389
1.95987 2.07666
2.44984 2.33944
2.9398 2.60221
3.44669 2.60221
3.95357 2.64444
4.46045 2.68668
4.96733 2.72891
5.47422 2.77114
5.9811 2.81338
6.48798 2.85561
6.99486 2.89784
7.50174 2.94008
8.00863 2.98231
8.51551 3.02454
9.02239 3.06678
9.52927 3.10901
10.0051 3.10901
10.481 3.10706
10.9569 3.10512
11.4327 3.10318
11.9086 3.10123
12.3844 3.09929
12.8603 3.09734
13.3362 3.0954
13.812 3.09345
14.2879 3.09151
14.7873 3.09151
15.2867 3.27623
15.7861 3.46095
16.2856 3.64567
16.785 3.83038
17.2844 4.0151
17.7873 4.0151
18.2902 4.0151
18.7931 4.0151
19.2959 4.0151
19.7988 4.0151
20.3017 4.0151
20.8046 4.0151
21.3075 4.0151
21.8103 4.0151
22.3132 4.0151
22.8161 4.0151
23.319 4.0151
23.8219 4.0151
24.3247 4.0151
24.8276 4.0151
25.3305 4.0151
25.8334 4.0151
26.3363 4.0151
26.8392 4.0151
27.342 4.0151
27.8449 4.0151
28.3478 4.0151
28.8507 4.0151
29.3536 4.0151
29.8564 4.0151
30.3593 4.0151
32.8144 4.56401
35.2695 4.56401
37.7246 4.56401
40.1797 4.56401
42.6347 4.56401
45.0898 4.56401
47.5449 4.56401
50.0 4.56401
0.0 1.15177
0.547454 1.15177
1.09491 1.57504
1.64236 1.99832
2.18982 2.42159
2.73727 2.84486
3.20737 2.84486
3.67748 2.81141
4.14758 2.77795
4.61769 2.7445
5.08779 2.71105
5.57319 2.71105
6.05859 2.75033
6.54398 2.78962
7.02938 2.82891
7.51478 2.8682
8.00017 2.90749
8.48557 2.94677
8.97097 2.98606
9.45637 3.02535
9.94176 3.06464
10.4272 3.10393
10.9126 3.14322
11.398 3.1825
11.8833 3.22179
12.3819 3.22179
12.8805 3.26372
13.3791 3.30565
13.8777 3.34758
14.3763 3.3895
14.9192 3.3895
15.4621 3.3895
16.0051 3.3895
16.548 3.3895
17.091 3.3895
19.6224 4.50988
22.1539 4.50988
24.6854 4.50988
27.2168 4.50988
29.7483 4.50988
32.2798 4.50988
34.8112 4.50988
37.3427 4.50988
39.8741 4.50988
42.4056 4.50988
44.9371 4.50988
47.4685 4.50988
50.0 4.50988
0.0 1.17821
0.512341 1.17821
1.02468 1.42267
1.53702 1.66713
2.04936 1.91159
2.5617 2.15605
3.07404 2.40051
3.58639 2.64496
4.09873 2.88942
4.612 2.88942
5.12527 2.90573
5.63854 2.92203
6.15181 2.93833
6.66508 2.95463
7.17836 2.97093
7.69163 2.98724
8.2049 3.00354
8.71817 3.01984
9.23144 3.03614
9.74471 3.05244
10.258 3.06874
10.7713 3.08505
11.2788 3.08505
11.7864 3.12317
12.294 3.16129
12.8015 3.19941
13.3091 3.23754
13.8167 3.27566
14.3242 3.31378
14.8318 3.3519
15.3394 3.39002
15.8469 3.42815
16.3545 3.46627
16.8621 3.50439
17.3696 3.54251
17.8772 3.58064
18.3848 3.61876
18.8923 3.65688
19.4174 3.65688
19.9424 3.74114
20.4675 3.82541
20.9925 3.90967
21.5176 3.99393
22.0426 4.0782
22.5677 4.16246
23.0631 4.16246
23.5585 4.16246
24.0539 4.16246
24.5493 4.16246
25.0448 4.16246
25.5402 4.16246
26.0356 4.16246
26.531 4.16246
27.0264 4.16246
27.5218 4.16246
28.0172 4.16246
28.5126 4.16246
29.008 4.16246
29.5035 4.16246
29.9989 4.16246
30.4943 4.16246
32.9325 4.40809
35.3707 4.40809
37.8089 4.40809
40.2471 4.40809
42.6854 4.40809
45.1236 4.40809
47.5618 4.40809
50.0 4.40809
0.0 1.33729
0.496107 1.33729
0.992214 1.56087
1.48832 1.78444
1.98443 2.00801
2.48054 2.23158
2.97664 2.45515
3.47275 2.67872
3.95982 2.67872
4.44689 2.72061
4.93396 2.76249
5.42102 2.80438
5.90809 2.84626
6.39516 2.88814
6.88223 2.93003
7.3693 2.97191
7.85637 3.01379
8.34343 3.05568
8.8305 3.09756
9.3252 3.09756
9.81989 3.09411
10.3146 3.09066
10.8093 3.0872
11.304 3.08375
11.7987 3.0803
12.2934 3.07684
12.7881 3.07339
13.2828 3.06994
13.7775 3.06648
14.2722 3.06303
14.7669 3.05958
15.2615 3.05612
15.7321 3.05612
16.2026 3.19666
16.6732 3.33719
17.1437 3.47772
17.6142 3.61826
18.0848 3.75879
18.5553 3.89932
19.0258 4.03986
19.5219 4.03986
20.0179 4.03986
20.5139 4.03986
21.01 4.03986
21.506 4.03986
22.0021 4.03986
22.4981 4.03986
22.9941 4.03986
23.4902 4.03986
23.9862 4.03986
24.4822 4.03986
24.9783 4.03986
25.4743 4.03986
25.9703 4.03986
26.4664 4.03986
26.9624 4.03986
27.4584 4.03986
27.9545 4.03986
28.4505 4.03986
28.9465 4.03986
29.4426 4.03986
29.9386 4.03986
30.4347 4.03986
32.8803 4.5339
35.326 4.5339
37.7717 4.5339
40.2173 4.5339
42.663 4.5339
45.1087 4.5339
47.5543 4.5339
50.0 4.5339
0.0 1.31217
0.527134 1.31217
1.05427 1.57269
1.5814 1.83322
2.10854 2.09374
2.63567 2.35426
3.1628 2.61479
3.6777 2.61479
4.19259 2.68214
4.70749 2.74948
5.22238 2.81683
5.73728 2.88418
6.25217 2.95153
6.76707 3.01888
7.27182 3.01888
7.77658 3.01867
8.28133 3.01846
8.78609 3.01825
9.29084 3.01804
9.7956 3.01783
10.3004 3.01762
10.8051 3.01741
11.3099 3.0172
11.8146 3.01699
12.3194 3.01679
12.8126 3.01679
13.3059 3.10763
13.7991 3.19847
14.2924 3.28932
14.7857 3.38016
15.2789 3.471
15.7722 3.56185
16.2654 3.65269
16.7587 3.74354
17.2519 3.83438
17.7452 3.92522
18.2384 4.01607
18.7317 4.10691
19.2262 4.10691
19.7208 4.10691
20.2153 4.10691
20.7098 4.10691
21.2044 4.10691
21.6989 4.10691
22.1934 4.10691
22.688 4.10691
23.1825 4.10691
23.677 4.10691
24.1716 4.10691
24.6661 4.10691
25.1606 4.10691
25.6552 4.10691
26.1497 4.10691
26.6442 4.10691
27.1388 4.10691
27.6333 4.10691
28.1278 4.10691
28.6224 4.10691
29.1169 4.10691
29.6115 4.10691
30.106 4.10691
30.6005 4.10691
33.0255 4.54173
35.4504 4.54173
37.8753 4.54173
40.3003 4.54173
42.7252 4.54173
45.1501 4.54173
47.5751 4.54173
50.0 4.54173
0.0 1.1135
0.542065 1.1135
1.08413 1.55034
1.62619 1.98718
2.16826 2.42402
2.71032 2.86086
3.25223 2.86086
3.79415 2.78664
4.33606 2.71242
4.87797 2.63819
5.37082 2.63819
5.86367 2.69044
6.35652 2.7427
6.84937 2.79495
7.34222 2.8472
7.83507 2.89945
8.32792 2.9517
8.82077 3.00395
9.31361 3.0562
9.80646 3.10846
10.2993 3.16071
10.7922 3.21296
11.3002 3.21296
11.8083 3.23834
12.3164 3.26372
12.8244 3.2891
13.3325 3.31449
13.8406 3.33987
14.3486 3.36525
14.8567 3.39063
15.3648 3.41601
15.8728 3.4414
16.4539 3.4414
17.0349 3.4414
19.5707 4.47417
22.1065 4.47417
24.6423 4.47417
27.178 4.47417
29.7138 4.47417
32.2496 4.47417
34.7854 4.47417
37.3211 4.47417
39.8569 4.47417
42.3927 4.47417
44.9285 4.47417
47.4642 4.47417
50.0 4.47417
0.0 1.11584
0.527891 1.11584
1.05578 1.41265
1.58367 1.70947
2.11156 2.00628
2.63946 2.3031
3.16735 2.59991
3.69524 2.89673
4.20844 2.89673
4.72163 2.91145
5.23483 2.92617
5.74803 2.9409
6.26123 2.95562
6.77442 2.97034
7.28762 2.98506
7.80082 2.99979
8.31402 3.01451
8.82721 3.02923
9.34041 3.04396
9.85361 3.05868
10.3668 3.0734
10.88 3.08813
11.3932 3.10285
11.9064 3.11757
12.4196 3.13229
12.9155 3.13229
13.4115 3.21516
13.9074 3.29803
14.4034 3.3809
14.8993 3.46377
15.3953 3.54663
15.8912 3.6295
16.3871 3.71237
16.8831 3.79524
17.3612 3.79524
17.8394 3.84
18.3175 3.88475
18.7956 3.92951
19.2738 3.97427
19.7519 4.01902
20.2301 4.06378
20.7082 4.10854
21.1863 4.1533
21.6773 4.1533
22.1682 4.1533
22.6592 4.1533
23.1501 4.1533
23.641 4.1533
24.132 4.1533
24.6229 4.1533
25.1139 4.1533
25.6048 4.1533
26.0957 4.1533
26.5867 4.1533
27.0776 4.1533
27.5686 4.1533
28.0595 4.1533
28.5504 4.1533
29.0414 4.1533
29.5323 4.1533
30.0233 4.1533
30.5142 4.1533
32.9499 4.39666
35.3857 4.39666
37.8214 4.39666
40.2571 4.39666
42.6928 4.39666
45.1286 4.39666
47.5643 4.39666
50.0 4.39666
0.0 1.22471
0.501427 1.22471
1.00285 1.45837
1.50428 1.69202
2.00571 1.92568
2.50714 2.15934
3.00856 2.39299
3.50999 2.62665
4.01142 2.8603
4.52346 2.8603
5.0355 2.88214
5.54754 2.90397
6.05018 2.90397
6.55281 2.93169
7.05545 2.95942
7.55808 2.98714
8.06072 3.01486
8.56335 3.04258
9.06598 3.07031
9.56862 3.09803
10.0713 3.12575
10.5739 3.15347
11.0765 3.18119
11.5792 3.20892
12.0818 3.23664
12.5844 3.26436
13.0871 3.29208
13.5897 3.3198
14.0923 3.34753
14.595 3.37525
15.0976 3.40297
15.6002 3.43069
16.1029 3.45842
16.6055 3.48614
17.1081 3.51386
17.6108 3.54158
18.1134 3.5693
18.616 3.59703
19.1187 3.62475
19.6213 3.65247
20.1239 3.68019
20.6266 3.70792
21.1292 3.73564
21.6318 3.76336
22.1345 3.79108
22.6371 3.8188
23.1398 3.84653
23.6424 3.87425
24.145 3.90197
24.6477 3.92969
25.1503 3.95741
25.6529 3.98514
26.1556 4.01286
26.6582 4.04058
27.1608 4.0683
27.6635 4.09603
28.1661 4.12375
28.6687 4.15147
29.1714 4.17919
29.674 4.20691
30.1766 4.23464
30.6793 4.26236
31.198 4.26236
31.7167 4.29789
32.2354 4.33342
32.7542 4.36896
33.2729 4.40449
33.7916 4.44002
34.3104 4.47555
34.8291 4.51109
35.3478 4.54662
35.8665 4.58215
36.3853 4.61768
36.9093 4.61768
37.4334 4.61768
37.9574 4.61768
38.4815 4.61768
39.0055 4.61768
39.5296 4.61768
40.0536 4.61768
40.5777 4.61768
41.1017 4.61768
41.6258 4.61768
44.4172 4.62382
47.2086 4.62382
50.0 4.62382
0.0 1.38415
0.536104 1.38415
1.07221 1.67481
1.60831 1.96547
2.14441 2.25612
2.68052 2.54678
3.21662 2.83744
3.70456 2.83744
4.19251 2.86821
4.68045 2.89898
5.16839 2.92975
5.65633 2.96052
6.14427 2.99128
6.63221 3.02205
7.12015 3.05282
7.6081 3.08359
8.09604 3.11436
8.58398 3.14513
9.07192 3.1759
9.55986 3.20667
10.0478 3.23744
10.5357 3.26821
11.0237 3.29898
11.5116 3.32975
11.9996 3.36052
12.4684 3.36052
12.9372 3.39823
13.4059 3.43595
13.8747 3.47366
14.3435 3.51138
14.8293 3.51138
15.3194 3.25556
15.8096 3.25556
16.2997 3.25556
16.7899 3.25556
17.28 3.25556
17.7702 3.25556
18.2603 3.25556
18.7505 3.25556
19.2406 3.25556
19.7308 3.25556
22.2532 4.76723
24.7756 4.76723
27.2981 4.76723
29.8205 4.76723
32.3429 4.76723
34.8654 4.76723
37.3878 4.76723
39.9103 4.76723
42.4327 4.76723
44.9551 4.76723
47.4776 4.76723
50.0 4.76723
0.0 1.05705
0.52821 1.05705
1.05642 1.4956
1.58463 1.93416
2.11284 2.37271
2.64105 2.81126
3.19448 2.81126
3.7479 2.75535
4.30133 2.69944
4.85476 2.64352
5.33475 2.64352
5.81474 2.71494
6.29472 2.78636
6.77471 2.85778
7.2547 2.9292
7.73469 3.00062
8.21468 3.07203
8.69467 3.14345
9.17466 3.21487
9.67461 3.21487
10.1746 3.23196
10.6745 3.24906
11.1745 3.26615
11.6744 3.28324
12.1743 3.30034
12.6743 3.31743
13.1742 3.33452
13.6742 3.35161
14.1741 3.36871
14.6741 3.3858
15.174 3.40289
15.674 3.41999
16.1088 3.41999
16.5435 3.41999
16.9783 3.41999
19.5184 4.45605
22.0586 4.45605
24.5987 4.45605
27.1388 4.45605
29.679 4.45605
32.2191 4.45605
34.7592 4.45605
37.2993 4.45605
39.8395 4.45605
42.3796 4.45605
44.9197 4.45605
47.4599 4.45605
50.0 4.45605
0.0 1.12329
0.484643 1.12329
0.969286 1.38097
1.45393 1.63866
1.93857 1.89634
2.42322 2.15402
2.90786 2.4117
3.3925 2.66938
3.87715 2.92707
4.36826 2.92707
4.85938 2.94019
5.3505 2.95331
5.84161 2.96643
6.33273 2.97956
6.82385 2.99268
7.31497 3.0058
7.80608 3.01893
8.2972 3.03205
8.78832 3.04517
9.27944 3.0583
9.77055 3.07142
10.2617 3.08454
10.7528 3.09767
11.2439 3.11079
11.735 3.12391
12.2261 3.13703
12.7173 3.15016
13.2084 3.16328
13.7165 3.16328
14.2246 3.26415
14.7327 3.36502
15.2408 3.46589
15.7489 3.56676
16.257 3.66763
16.7651 3.7685
17.2333 3.7685
17.7014 3.86277
18.1696 3.95704
18.6378 4.05131
19.106 4.14558
19.5953 4.14558
20.0847 4.14558
20.574 4.14558
21.0634 4.14558
21.5527 4.14558
22.0421 4.14558
22.5315 4.14558
23.0208 4.14558
23.5102 4.14558
23.9995 4.14558
24.4889 4.14558
24.9782 4.14558
25.4676 4.14558
25.9569 4.14558
26.4463 4.14558
26.9357 4.14558
27.425 4.14558
27.9144 4.14558
28.4037 4.14558
28.8931 4.14558
29.3824 4.14558
29.8718 4.14558
30.3611 4.14558
32.816 4.40378
35.2709 4.40378
37.7257 4.40378
40.1806 4.40378
42.6354 4.40378
45.0903 4.40378
47.5451 4.40378
50.0 4.40378
0.0 1.10879
0.469351 1.10879
0.938702 1.38022
1.40805 1.65166
1.8774 1.92309
2.34676 2.19452
2.81611 2.46596
3.28546 2.73739
3.75481 3.00883
4.23936 3.00883
4.7239 3.01464
5.20845 3.02045
5.693 3.02626
6.17755 3.03207
6.66209 3.03788
7.14664 3.04369
7.63119 3.0495
8.11574 3.05531
8.60028 3.06112
9.08483 3.06693
9.56938 3.07274
10.0539 3.07855
10.5385 3.08436
11.023 3.09017
11.5076 3.09598
12.0137 3.09598
12.5197 3.13836
13.0258 3.18074
13.5319 3.22312
14.038 3.26549
14.544 3.30787
15.0501 3.35025
15.5562 3.39263
16.0623 3.435
16.5684 3.47738
17.0744 3.51976
17.5805 3.56214
18.0866 3.60452
18.5927 3.64689
19.0988 3.68927
19.6048 3.73165
20.1109 3.77403
20.617 3.8164
21.1231 3.85878
21.6292 3.90116
22.1352 3.94354
22.6413 3.98591
23.1474 4.02829
23.6535 4.07067
24.1596 4.11305
24.6656 4.15542
25.1717 4.1978
25.6606 4.1978
26.1496 3.72392
26.447 3.72392
29.064 4.45745
31.681 4.45745
34.298 4.45745
36.915 4.45745
39.532 4.45745
42.149 4.45745
44.766 4.45745
47.383 4.45745
50.0 4.45745
0.0 1.1454
0.503413 1.1454
1.00683 1.40234
1.51024 1.65928
2.01365 1.91622
2.51706 2.17316
3.02048 2.4301
3.52389 2.68703
4.0273 2.94397
4.53742 2.94397
5.04754 2.95702
5.55767 2.97008
6.06779 2.98313
6.57791 2.99618
7.08803 3.00923
7.59815 3.02229
8.10827 3.03534
8.61839 3.04839
9.12852 3.06145
9.63864 3.0745
10.1488 3.08755
10.6589 3.1006
11.169 3.11366
11.6791 3.12671
12.1892 3.13976
12.6994 3.15281
13.2048 3.15281
13.7102 3.23488
14.2157 3.31696
14.7211 3.39903
15.2265 3.4811
15.732 3.56317
16.2374 3.64524
16.7428 3.72732
17.2243 3.72732
17.7058 3.77296
18.1872 3.81861
18.6687 3.86425
19.1502 3.9099
19.6316 3.95555
20.1131 4.00119
20.5946 4.04684
21.076 4.09248
21.5575 4.13813
22.0712 4.13813
22.5849 4.13813
23.0987 4.13813
23.6124 4.13813
24.1261 4.13813
24.6399 4.13813
25.1536 4.13813
25.6673 4.13813
26.1811 4.13813
26.6948 4.13813
27.2085 4.13813
27.7223 4.13813
28.236 4.13813
28.7497 4.13813
29.2634 4.13813
29.7772 4.13813
30.2909 4.13813
32.7545 4.35069
35.2182 4.35069
37.6818 4.35069
40.1455 4.35069
42.6091 4.35069
45.0727 4.35069
47.5364 4.35069
50.0 4.35069
0.0 1.23525
0.492311 1.23525
0.984621 1.52871
1.47693 1.82216
1.96924 2.11561
2.46155 2.40906
2.95659 2.40906
3.45163 2.48383
3.94667 2.55861
4.44171 2.63338
4.93676 2.70816
5.4318 2.78293
5.92684 2.85771
6.42188 2.93248
6.91692 3.00726
7.41196 3.08203
7.907 3.15681
8.40204 3.23158
8.8748 3.23158
9.34756 3.25623
9.82031 3.28088
10.2931 3.30552
10.7658 3.33017
11.2386 3.35481
11.7113 3.37946
12.1841 3.40411
12.7172 3.40411
13.2503 3.27492
13.7834 3.14573
14.3164 3.01654
14.8495 2.88735
15.3189 2.88735
15.7883 2.88735
16.2578 2.88735
16.7272 2.88735
19.2866 4.42434
21.8461 4.42434
24.4055 4.42434
26.965 4.42434
29.5244 4.42434
32.0839 4.42434
34.6433 4.42434
37.2028 4.42434
39.7622 4.42434
42.3217 4.42434
44.8811 4.42434
47.4406 4.42434
50.0 4.42434
0.0 1.00232
0.512707 1.00232
1.02541 1.4455
1.53812 1.88868
2.05083 2.33186
2.56354 2.77504
3.07541 2.77504
3.58728 2.77645
4.09916 2.77786
4.61103 2.77926
5.1229 2.78067
5.63477 2.78208
6.13674 2.78208
6.63871 2.89803
7.14068 3.01397
7.64264 3.12991
8.14461 3.24586
8.64593 3.24586
9.14726 3.25416
9.64858 3.26247
10.1499 3.27077
10.6512 3.27907
11.1525 3.28738
11.6539 3.29568
12.1552 3.30399
12.6565 3.31229
13.1578 3.32059
13.6592 3.3289
14.1605 3.3372
14.6618 3.34551
15.1631 3.35381
15.6644 3.36212
16.1109 3.36212
16.5573 3.36212
17.0037 3.36212
19.5419 4.47913
22.0801 4.47913
24.6183 4.47913
27.1564 4.47913
29.6946 4.47913
32.2328 4.47913
34.771 4.47913
37.3091 4.47913
39.8473 4.47913
42.3855 4.47913
44.9237 4.47913
47.4618 4.47913
50.0 4.47913
0.0 1.09379
0.493935 1.09379
0.987869 1.39979
1.4818 1.70579
1.97574 2.01179
2.46967 2.3178
2.96361 2.6238
3.45754 2.9298
3.95402 2.9298
4.45049 2.94153
4.94697 2.95326
5.44344 2.96499
5.93992 2.97672
6.43639 2.98845
6.93287 3.00018
7.42934 3.01191
7.92582 3.02364
8.42229 3.03538
8.91877 3.04711
9.41524 3.05884
9.91172 3.07057
10.4082 3.0823
10.9078 3.0823
11.4074 3.12472
11.907 3.16715
12.4066 3.20957
12.9062 3.252
13.4058 3.29442
13.9054 3.33684
14.405 3.37927
14.9046 3.42169
15.4042 3.46412
15.9038 3.50654
16.4033 3.54896
16.9029 3.59139
17.4025 3.63381
17.9021 3.67624
18.4017 3.71866
18.9013 3.76108
19.4009 3.80351
19.9005 3.84593
20.4001 3.88836
20.8997 3.93078
21.3993 3.9732
21.8989 4.01563
22.3985 4.05805
22.8981 4.10048
23.4053 4.10048
23.9124 4.03885
24.4196 3.97723
24.9268 3.91561
25.4339 3.85398
25.9411 3.79236
26.2628 3.79236
26.5844 3.79236
29.1862 4.46603
31.7879 4.46603
34.3896 4.46603
36.9914 4.46603
39.5931 4.46603
42.1948 4.46603
44.7965 4.46603
47.3983 4.46603
50.0 4.46603
0.0 1.31906
0.503609 1.31906
1.00722 1.50852
1.51083 1.69798
2.01444 1.88744
2.51805 2.0769
3.02166 2.26636
3.52527 2.45582
4.02887 2.64527
4.53248 2.83473
5.03609 3.02419
5.54697 3.02419
6.05784 3.03276
6.56871 3.04132
7.07959 3.04988
7.59046 3.05844
8.10133 3.06701
8.61221 3.07557
9.12308 3.08413
9.63395 3.0927
10.1448 3.10126
10.6557 3.10982
11.1666 3.11839
11.6774 3.12695
12.1883 3.13551
12.6992 3.14408
13.2101 3.15264
13.7209 3.1612
14.2263 3.1612
14.7317 3.21204
15.237 3.26288
15.7424 3.31371
16.2477 3.36455
16.7531 3.41538
17.2584 3.46622
17.7638 3.51706
18.2692 3.56789
18.7745 3.61873
19.2799 3.66956
19.7852 3.7204
20.2633 3.7204
20.7414 3.76393
21.2195 3.80745
21.6976 3.85098
22.1757 3.89451
22.6538 3.93803
23.1319 3.98156
23.61 4.02509
24.0881 4.06861
24.6012 4.06861
25.1143 4.06861
25.6273 4.06861
26.1404 4.06861
26.6534 4.06861
27.1665 4.06861
27.6796 4.06861
28.1926 4.06861
28.7057 4.06861
29.2188 4.06861
29.7318 4.06861
30.2449 4.06861
32.7143 4.39572
35.1837 4.39572
37.653 4.39572
40.1224 4.39572
42.5918 4.39572
45.0612 4.39572
47.5306 4.39572
50.0 4.39572
0.0 1.18147
0.518357 1.18147
1.03671 1.46037
1.55507 1.73927
2.07343 2.01817
2.59178 2.29707
3.11014 2.57597
3.6285 2.85487
4.20845 2.85487
4.78841 2.88002
5.36837 2.90518
5.86441 2.90518
6.36044 2.93684
6.85648 2.96849
7.35252 3.00015
7.84856 3.03181
8.34459 3.06347
8.84063 3.09513
9.33667 3.12679
9.83271 3.15845
10.3287 3.19011
10.8248 3.22177
11.3208 3.25343
11.8169 3.28509
12.3129 3.31675
12.8089 3.34841
13.305 3.38007
13.801 3.41173
14.297 3.44339
14.7931 3.47504
15.2891 3.5067
15.7852 3.53836
16.2812 3.57002
16.7772 3.60168
17.2733 3.63334
17.7693 3.665
18.2653 3.69666
18.7614 3.72832
19.2574 3.75998
19.7535 3.79164
20.2495 3.8233
20.7455 3.85496
21.2416 3.88662
21.7376 3.91828
22.2337 3.94994
22.7297 3.98159
23.2257 4.01325
23.7218 4.04491
24.2178 4.07657
24.7138 4.10823
25.2099 4.13989
25.7059 4.17155
26.202 4.20321
26.698 4.23487
27.194 4.26653
27.6901 4.29819
28.2005 4.29819
28.711 4.36518
29.2215 4.43217
29.7319 4.49915
30.2424 4.56614
30.7472 4.56614
31.252 4.56614
31.7568 4.56614
32.2617 4.56614
32.7665 4.56614
33.2713 4.56614
33.7761 4.56614
34.2809 4.56614
34.7857 4.56614
35.2906 4.56614
35.7954 4.56614
36.3002 4.56614
36.805 4.56614
37.3098 4.56614
37.8147 4.56614
38.3195 4.56614
38.8243 4.56614
39.3291 4.56614
39.8339 4.56614
40.3387 4.56614
40.8436 4.56614
41.3484 4.56614
44.2323 4.62032
47.1161 4.62032
50.0 4.62032
0.0 1.2789
0.484098 1.2789
0.968196 1.49762
1.45229 1.71635
1.93639 1.93508
2.42049 2.15381
2.90459 2.37254
3.38868 2.59127
3.87278 2.81
4.35688 3.02873
4.85247 3.02873
5.34806 3.06248
5.84365 3.09624
6.33924 3.13
6.83483 3.16376
7.33042 3.19752
7.82601 3.23128
8.32161 3.26504
8.8172 3.29879
9.31279 3.33255
9.80838 3.36631
10.304 3.40007
10.7996 3.43383
11.2951 3.46759
11.7907 3.50135
12.2863 3.53511
12.7819 3.56886
13.2775 3.60262
13.7731 3.63638
14.2687 3.67014
14.7643 3.7039
15.2562 3.7039
15.7481 3.71629
16.24 3.72869
16.7319 3.74109
17.2238 3.75348
17.7157 3.76588
18.2076 3.77827
18.6996 3.79067
19.1915 3.80306
19.6834 3.81546
20.1753 3.82786
20.6672 3.84025
21.1591 3.85265
21.651 3.86504
22.1429 3.87744
22.6348 3.88983
23.1267 3.90223
23.6186 3.91463
24.1105 3.92702
24.6024 3.93942
25.0944 3.95181
25.5863 3.96421
26.0754 3.96421
26.5644 3.98882
27.0535 4.01344
27.5426 4.03805
28.0317 4.06267
28.5208 4.08728
29.0099 4.1119
29.499 4.13651
29.9881 4.16113
30.4772 4.18574
30.9663 4.21036
31.4554 4.23497
31.9444 4.25959
32.4335 4.2842
32.9226 4.30882
33.4117 4.33343
33.9008 4.35805
34.3899 4.38266
34.879 4.40728
35.3681 4.43189
35.8572 4.4565
36.3463 4.48112
36.8245 4.48112
37.3027 4.48112
37.7809 4.48112
38.2591 4.48112
38.7373 4.48112
39.2155 4.48112
39.6937 4.48112
40.1719 4.48112
40.6501 4.48112
41.1283 4.48112
43.3462 4.48569
45.5642 4.48569
47.7821 4.48569
50.0 4.48569
0.0 1.23713
0.505797 1.23713
1.01159 1.4403
1.51739 1.64346
2.02319 1.84663
2.52899 2.0498
3.03478 2.25297
3.54058 2.45613
4.04638 2.6593
4.55217 2.86247
5.05797 3.06563
5.5695 3.06563
6.08102 3.1001
6.59255 3.13457
7.10408 3.16903
7.6156 3.2035
8.12713 3.23796
8.63866 3.27243
9.15018 3.30689
9.66171 3.34136
10.1732 3.37582
10.6848 3.41029
11.1963 3.44475
11.7078 3.47922
12.2193 3.51368
12.7309 3.54815
13.2424 3.58262
13.7539 3.61708
14.2654 3.65155
14.777 3.68601
15.2687 3.68601
15.7604 3.70014
16.2522 3.71428
16.7439 3.72841
17.2356 3.74254
17.7273 3.75667
18.2191 3.77081
18.7108 3.78494
19.2025 3.79907
19.6942 3.8132
20.186 3.82733
20.6777 3.84147
21.1694 3.8556
21.6611 3.86973
22.1529 3.88386
22.6446 3.89799
23.1363 3.91213
23.628 3.92626
24.1198 3.94039
24.6115 3.95452
25.1032 3.96866
25.5949 3.98279
26.0867 3.99692
26.5784 4.01105
27.0701 4.02518
27.5618 4.03932
28.0655 4.03932
28.5691 4.06369
29.0728 4.08806
29.5764 4.11243
30.08 4.1368
30.5837 4.16117
31.0873 4.18554
31.591 4.20991
32.0946 4.23428
32.5982 4.25865
33.1019 4.28302
33.6055 4.30739
34.1092 4.33176
34.6128 4.35613
35.1164 4.3805
35.6201 4.40487
36.1237 4.42924
36.6274 4.45361
37.1176 4.45361
37.6078 4.45361
38.098 4.45361
38.5883 4.45361
39.0785 4.45361
39.5687 4.45361
40.0589 4.45361
40.5492 4.45361
41.0394 4.45361
43.2795 4.55018
45.5197 4.55018
47.7598 4.55018
50.0 4.55018
0.0 1.34741
0.495922 1.34741
0.991845 1.5528
1.48777 1.75819
1.98369 1.96359
2.47961 2.16898
2.97553 2.37437
3.47146 2.57977
3.9638 2.57977
4.45614 2.63837
4.94847 2.69697
5.44081 2.75557
5.93315 2.81417
6.42549 2.87278
6.91783 2.93138
7.41017 2.98998
7.90251 3.04858
8.37962 3.04858
8.85674 3.04964
9.33385 3.05071
9.81097 3.05177
10.2881 3.05283
10.7652 3.0539
11.2423 3.05496
11.7194 3.05602
12.1965 3.05709
12.6737 3.05815
13.1726 3.05815
13.6716 3.16112
14.1705 3.26409
14.6695 3.36706
15.1684 3.47003
15.6674 3.573
16.1664 3.67597
16.6653 3.77894
17.1643 3.88192
17.6632 3.98489
18.1589 3.98489
18.6545 3.98489
19.1502 3.98489
19.6458 3.98489
20.1415 3.98489
20.6371 3.98489
21.1328 3.98489
21.6285 3.98489
22.1241 3.98489
22.6198 3.98489
23.1154 3.98489
23.6111 3.98489
24.1067 3.98489
24.6024 3.98489
25.098 3.98489
25.5937 3.98489
26.0893 3.98489
26.585 3.98489
27.0806 3.98489
27.5763 3.98489
28.0719 3.98489
28.5676 3.98489
29.0633 3.98489
29.5589 3.98489
30.0546 3.98489
30.5502 3.98489
32.9814 4.50895
35.4127 4.50895
37.8439 4.50895
40.2751 4.50895
42.7063 4.50895
45.1376 4.50895
47.5688 4.50895
50.0 4.50895
0.0 1.49377
0.230078 1.49377
0.756331 1.33189
1.28258 1.6391
1.80884 1.94631
2.33509 2.25352
2.86134 2.56073
3.3876 2.86793
3.8816 2.86793
4.37561 2.91181
4.86962 2.95568
5.36363 2.99956
5.85764 3.04343
6.35164 3.08731
6.84565 3.13118
7.33966 3.17506
7.83367 3.21893
8.32768 3.2628
8.82168 3.30668
9.31569 3.35055
9.8097 3.39443
10.3037 3.4383
10.7977 3.48218
11.2917 3.52605
11.7857 3.56993
12.2797 3.6138
12.7737 3.65767
13.2678 3.70155
13.7618 3.74542
14.2558 3.7893
14.7506 3.7893
15.2454 3.81501
15.7402 3.84072
16.235 3.86642
16.7299 3.89213
17.2247 3.91784
17.7195 3.94355
18.2143 3.96926
18.7091 3.99497
19.204 4.02068
19.6988 4.04639
20.1936 4.07209
20.6884 4.0978
21.1832 4.12351
21.6781 4.14922
22.1729 4.17493
22.6677 4.20064
23.1625 4.22635
23.6573 4.25206
24.1521 4.27776
24.647 4.30347
25.1418 4.32918
25.6366 4.35489
26.1314 4.3806
26.6262 4.40631
27.1211 4.43202
27.6159 4.45773
28.115 4.45773
28.6141 4.45773
29.1132 4.45773
29.6123 4.45773
30.1115 4.45773
30.6106 4.45773
31.1097 4.45773
31.6088 4.45773
32.1079 4.45773
32.607 4.45773
33.1062 4.45773
33.6053 4.45773
34.1044 4.45773
34.6035 4.45773
35.1026 4.45773
35.6017 4.45773
36.1009 4.45773
36.6 4.45773
37.0991 4.45773
37.5982 4.45773
38.0973 4.45773
38.5964 4.45773
39.0956 4.45773
39.5947 4.45773
40.0938 4.45773
40.5929 4.45773
41.092 4.45773
43.319 4.54258
45.546 4.54258
47.773 4.54258
50.0 4.54258
0.0 1.04415
0.475272 1.04415
0.950544 1.28797
1.42582 1.53178
1.90109 1.77559
2.37636 2.01941
2.85163 2.26322
3.3269 2.50703
3.80218 2.75085
4.27745 2.99466
4.78339 2.99466
5.28934 3.00146
5.79528 3.00825
6.30123 3.01505
6.80717 3.02185
7.31312 3.02865
7.81906 3.03544
8.32501 3.04224
8.83095 3.04904
9.3369 3.05584
9.84285 3.06263
10.3488 3.06943
10.8547 3.07623
11.3607 3.08303
11.8666 3.08982
12.3726 3.09662
12.8785 3.10342
13.3845 3.11022
13.8904 3.11701
14.3964 3.12381
14.9023 3.13061
15.4082 3.13741
15.9142 3.14421
16.4065 3.14421
16.8988 3.21583
17.3912 3.28746
17.8835 3.35908
18.3758 3.43071
18.8681 3.50234
19.3604 3.57396
19.8528 3.64559
20.3451 3.71721
20.8374 3.78884
21.3297 3.86047
21.822 3.93209
22.3144 4.00372
22.8067 4.07534
23.299 4.14697
23.79 4.14697
24.2809 4.07697
24.7719 4.00696
25.2629 3.93696
25.7538 3.86695
26.2448 3.79695
26.5063 3.79695
29.1167 4.50509
31.7271 4.50509
34.3375 4.50509
36.948 4.50509
39.5584 4.50509
42.1688 4.50509
44.7792 4.50509
47.3896 4.50509
50.0 4.50509
0.0 1.38805
0.517702 1.38805
1.0354 1.585
1.55311 1.78195
2.07081 1.9789
2.58851 2.17585
3.10621 2.37279
3.62392 2.56974
4.12579 2.56974
4.62766 2.65134
5.12952 2.73294
5.63139 2.81454
6.13326 2.89614
6.63513 2.97774
7.137 3.05934
7.63887 3.14093
8.14074 3.22253
8.64261 3.30413
9.14392 3.30413
9.64524 3.3302
10.1466 3.35628
10.6479 3.38235
11.1492 3.40842
11.6505 3.4345
12.1487 3.4345
12.647 3.30195
13.1452 3.1694
13.6435 3.03685
14.1417 2.9043
14.6449 2.9043
15.1481 2.9043
15.6513 2.9043
16.1545 2.9043
16.6577 2.9043
19.2225 4.4151
21.7873 4.4151
24.3521 4.4151
26.9169 4.4151
29.4817 4.4151
32.0465 4.4151
34.6112 4.4151
37.176 4.4151
39.7408 4.4151
42.3056 4.4151
44.8704 4.4151
47.4352 4.4151
50.0 4.4151
0.0 1.04293
0.52542 1.04293
1.05084 1.32318
1.57626 1.60343
2.10168 1.88368
2.6271 2.16393
3.15252 2.44418
3.67794 2.72443
4.20336 3.00468
4.70788 3.00468
5.21239 3.01449
5.71691 3.0243
6.22143 3.03411
6.72594 3.04392
7.23046 3.05373
7.73498 3.06354
8.23949 3.07335
8.74401 3.08316
9.24852 3.09297
9.75304 3.10278
10.2576 3.11259
10.7621 3.1224
11.2666 3.13221
11.7711 3.14202
12.2756 3.15183
12.7801 3.16164
13.2847 3.17145
13.7892 3.18126
14.2937 3.19107
14.8078 3.19107
15.3219 3.2512
15.836 3.31134
16.3501 3.37147
16.8642 3.43161
17.3783 3.49174
17.8924 3.55187
18.4065 3.61201
18.9206 3.67214
19.4347 3.73228
19.9488 3.79241
20.4628 3.85255
20.9769 3.91268
21.491 3.97281
22.0051 4.03295
22.5192 4.09308
23.0187 4.09308
23.5182 4.04962
24.0176 4.00615
24.5171 3.96268
25.0166 3.91922
25.516 3.87575
26.0155 3.83229
26.4699 3.83229
29.0843 4.46649
31.6988 4.46649
34.3132 4.46649
36.9277 4.46649
39.5422 4.46649
42.1566 4.46649
44.7711 4.46649
47.3855 4.46649
50.0 4.46649
0.0 1.05504
0.511127 1.05504
1.02225 1.33092
1.53338 1.6068
2.04451 1.88268
2.55563 2.15856
3.06676 2.43444
3.57789 2.71032
4.08901 2.9862
4.58997 2.9862
5.09092 2.99497
5.59187 3.00374
6.09282 3.01252
6.59377 3.02129
7.09473 3.03006
7.59568 3.03884
8.09663 3.04761
8.59758 3.05638
9.09854 3.06516
9.59949 3.07393
10.1004 3.0827
10.6014 3.09148
11.1023 3.10025
11.6033 3.10902
12.1042 3.1178
12.6052 3.12657
13.1062 3.13534
13.6071 3.14412
14.1081 3.15289
14.609 3.16166
15.11 3.17044
15.6019 3.17044
16.0938 3.2353
16.5858 3.30017
17.0777 3.36504
17.5697 3.42991
18.0616 3.49478
18.5536 3.55964
19.0455 3.62451
19.5374 3.68938
20.0294 3.75425
20.5213 3.81912
21.0133 3.88398
21.5052 3.94885
21.9972 4.01372
22.4891 4.07859
23.0186 4.07859
23.5482 4.04821
24.0777 4.01784
24.6073 3.98746
25.1368 3.95708
25.6664 3.92671
26.1959 3.89633
26.468 3.89633
29.0827 4.41011
31.6973 4.41011
34.312 4.41011
36.9267 4.41011
39.5413 4.41011
42.156 4.41011
44.7707 4.41011
47.3853 4.41011
50.0 4.41011
0.0 1.15411
0.528776 1.15411
1.05755 1.49705
1.58633 1.83999
2.11511 2.18293
2.64388 2.52587
3.17266 2.86881
3.72682 2.86881
4.28099 2.76368
4.83516 2.65856
5.30448 2.65856
5.77379 2.78173
6.24311 2.90489
6.71243 3.02806
7.18175 3.15123
7.65107 3.27439
8.12038 3.39756
8.58327 3.39756
9.04616 3.33557
9.50904 3.27358
9.97193 3.21158
10.4661 3.21158
10.9602 3.21158
11.4543 3.21158
11.9485 3.21158
12.4426 3.21158
12.9367 3.21158
13.4309 3.21158
13.925 3.21158
14.4191 3.21158
14.9133 3.21158
15.4074 3.21158
15.9015 3.21158
16.3957 3.21158
16.8898 3.21158
19.4367 4.48687
21.9837 4.48687
24.5306 4.48687
27.0775 4.48687
29.6245 4.48687
32.1714 4.48687
34.7184 4.48687
37.2653 4.48687
39.8122 4.48687
42.3592 4.48687
44.9061 4.48687
47.4531 4.48687
50.0 4.48687
0.0 1.07305
0.471932 1.07305
0.943864 1.34688
1.4158 1.62071
1.88773 1.89454
2.35966 2.16838
2.83159 2.44221
3.30353 2.71604
3.77546 2.98987
4.26589 2.98987
4.75632 2.99669
5.24675 3.00351
5.73719 3.01032
6.22762 3.01714
6.71805 3.02396
7.20848 3.03078
7.69892 3.03759
8.18935 3.04441
8.67978 3.05123
9.17021 3.05805
9.66065 3.06486
10.1511 3.07168
10.6415 3.0785
11.1319 3.08532
11.6297 3.08532
12.1275 3.13559
12.6253 3.18587
13.1231 3.23614
13.6209 3.28641
14.1187 3.33669
14.6164 3.38696
15.1142 3.43724
15.612 3.48751
16.1098 3.53779
16.6076 3.58806
17.1054 3.63833
17.6031 3.68861
18.1009 3.73888
18.5987 3.78916
19.0965 3.83943
19.5943 3.88971
20.0921 3.93998
20.5899 3.99025
21.0876 4.04053
21.5854 4.0908
22.0707 4.0908
22.556 4.05772
23.0413 4.02465
23.5266 3.99157
24.0119 3.95849
24.4971 3.92541
24.9824 3.89234
25.4677 3.85926
25.953 3.82618
26.2208 3.82618
26.4886 3.82618
29.101 4.45655
31.7134 4.45655
34.3258 4.45655
36.9381 4.45655
39.5505 4.45655
42.1629 4.45655
44.7753 4.45655
47.3876 4.45655
50.0 4.45655
0.0 1.18897
0.466217 1.18897
0.932434 1.52402
1.39865 1.85908
1.86487 2.19413
2.33108 2.52918
2.7973 2.86424
3.27559 2.86424
3.75388 2.83015
4.23217 2.79607
4.71046 2.76199
5.18875 2.7279
5.66704 2.69382
6.13693 2.69382
6.60682 2.8184
7.07671 2.94298
7.5466 3.06755
8.01649 3.19213
8.48639 3.31671
8.95628 3.44129
9.50142 3.44129
10.0466 3.1888
10.538 3.1888
11.0295 3.1888
11.521 3.1888
12.0124 3.1888
12.5039 3.1888
12.9954 3.1888
13.4868 3.1888
13.9783 3.1888
14.4698 3.1888
14.9612 3.1888
15.4527 3.1888
15.9441 3.1888
16.4356 3.1888
16.9271 3.1888
19.4711 4.45045
22.0152 4.45045
24.5593 4.45045
27.1034 4.45045
29.6474 4.45045
32.1915 4.45045
34.7356 4.45045
37.2796 4.45045
39.8237 4.45045
42.3678 4.45045
44.9119 4.45045
47.4559 4.45045
50.0 4.45045
0.0 1.36685
0.514032 1.36685
1.02806 1.571
1.5421 1.77515
2.05613 1.9793
2.57016 2.18345
3.08419 2.3876
3.59823 2.59174
4.11226 2.79589
4.62629 3.00004
5.12005 3.00004
5.61381 3.02106
6.10757 3.04209
6.60133 3.06311
7.09509 3.08414
7.58885 3.10516
8.08261 3.12618
8.57637 3.14721
9.07013 3.16823
9.56389 3.18925
10.0577 3.21028
10.5514 3.2313
11.0452 3.25232
11.5389 3.27335
12.0327 3.29437
12.5265 3.31539
13.0231 3.31539
13.5198 3.34394
14.0164 3.37249
14.5131 3.40104
15.0097 3.42959
15.5064 3.45814
16.0031 3.48669
16.4997 3.51523
16.9964 3.54378
17.493 3.57233
17.9897 3.60088
18.4864 3.62943
18.9663 3.62943
19.4462 3.71449
19.9261 3.79956
20.406 3.88462
20.8859 3.96969
21.3757 3.96969
21.8655 3.96969
22.3553 3.96969
22.8451 3.96969
23.3349 3.96969
23.8248 3.96969
24.3146 3.96969
24.8044 3.96969
25.2942 3.96969
25.784 3.96969
26.2738 3.96969
26.7636 3.96969
27.2534 3.96969
27.7432 3.96969
28.233 3.96969
28.7228 3.96969
29.2127 3.96969
29.7025 3.96969
30.1923 3.96969
32.6682 4.48629
35.1442 4.48629
37.6202 4.48629
40.0961 4.48629
42.5721 4.48629
45.0481 4.48629
47.524 4.48629
50.0 4.48629
0.0 1.16109
0.532725 1.16109
1.06545 1.50395
1.59818 1.84682
2.1309 2.18968
2.66363 2.53254
3.19635 2.87541
3.70277 2.87541
4.20918 2.85169
4.7156 2.82797
5.22202 2.80426
5.72843 2.78054
6.23485 2.75683
6.70886 2.75683
7.18288 2.93022
7.65689 3.10362
8.1309 3.27702
8.60492 3.45041
9.06999 3.45041
9.53507 3.35791
10.0001 3.2654
10.4652 3.1729
10.9576 3.1729
11.45 3.1729
11.9425 3.1729
12.4349 3.1729
12.9273 3.1729
13.4197 3.1729
13.9121 3.1729
14.4045 3.1729
14.8969 3.1729
15.3894 3.1729
15.8818 3.1729
16.3742 3.1729
16.8666 3.1729
19.4153 4.50663
21.964 4.50663
24.5128 4.50663
27.0615 4.50663
29.6102 4.50663
32.1589 4.50663
34.7077 4.50663
37.2564 4.50663
39.8051 4.50663
42.3538 4.50663
44.9026 4.50663
47.4513 4.50663
50.0 4.50663
0.0 1.31745
0.505726 1.31745
1.01145 1.52015
1.51718 1.72286
2.0229 1.92557
2.52863 2.12827
3.03435 2.33098
3.54008 2.53369
4.0458 2.73639
4.55153 2.9391
5.04146 2.9391
5.53139 2.95914
6.02132 2.97918
6.51125 2.99922
7.00118 3.01926
7.49112 3.0393
7.98105 3.05934
8.47098 3.07938
8.96091 3.09942
9.45084 3.11946
9.94077 3.1395
10.4307 3.15954
10.9206 3.17958
11.4106 3.19963
11.9005 3.21967
12.3904 3.23971
12.8804 3.25975
13.3703 3.27979
13.8864 3.27979
14.4024 3.31092
14.9185 3.34204
15.4346 3.37317
15.9506 3.4043
16.4667 3.43543
16.9828 3.46656
17.4989 3.49769
18.0149 3.52882
18.531 3.55994
19.0471 3.59107
19.5631 3.6222
20.0792 3.65333
20.5801 3.65333
21.0809 3.71772
21.5818 3.78212
22.0826 3.84651
22.5835 3.9109
23.0844 3.97529
23.6007 3.97529
24.117 3.97529
24.6333 3.97529
25.1496 3.97529
25.6659 3.97529
26.1822 3.97529
26.6985 3.97529
27.2148 3.97529
27.7312 3.97529
28.2475 3.97529
28.7638 3.97529
29.2801 3.97529
29.7964 3.97529
30.3127 3.97529
32.7736 4.48458
35.2345 4.48458
37.6954 4.48458
40.1564 4.48458
42.6173 4.48458
45.0782 4.48458
47.5391 4.48458
50.0 4.48458
0.0 1.20411
0.507012 1.20411
1.01402 1.48069
1.52104 1.75728
2.02805 2.03387
2.53506 2.31046
3.04207 2.58705
3.54908 2.86363
4.08564 2.86363
4.6222 2.88233
5.15876 2.90103
5.69532 2.91974
6.23188 2.93844
6.76843 2.95714
7.26472 2.95714
7.76101 2.98878
8.2573 3.02042
8.75358 3.05206
9.24987 3.0837
9.74616 3.11534
10.2424 3.14698
10.7387 3.17862
11.235 3.21026
11.7313 3.2419
12.2276 3.27355
12.7239 3.30519
13.2202 3.33683
13.7165 3.36847
14.2127 3.40011
14.709 3.43175
15.2053 3.46339
15.7016 3.49503
16.1979 3.52667
16.6942 3.55831
17.1905 3.58995
17.6868 3.62159
18.183 3.65324
18.6793 3.68488
19.1756 3.71652
19.6719 3.74816
20.1682 3.7798
20.6645 3.81144
21.1608 3.84308
21.6571 3.87472
22.1534 3.90636
22.6496 3.938
23.1459 3.96964
23.6422 4.00129
24.1385 4.03293
24.6348 4.06457
25.1311 4.09621
25.6274 4.12785
26.1237 4.15949
26.6199 4.19113
27.1162 4.22277
27.6125 4.25441
28.1088 4.28605
28.6051 4.31769
29.106 4.31769
29.6069 4.33848
30.1078 4.35927
30.6087 4.38005
31.1096 4.40084
31.6105 4.42162
32.1114 4.44241
32.6123 4.46319
33.1132 4.48398
33.6219 4.48398
34.1306 4.48398
34.6393 4.48398
35.148 4.48398
35.6567 4.48398
36.1654 4.48398
36.6741 4.48398
37.1828 4.48398
37.6915 4.48398
38.2002 4.48398
38.7089 4.48398
39.2175 4.48398
39.7262 4.48398
40.2349 4.48398
40.7436 4.48398
41.2523 4.48398
44.1682 4.58965
47.0841 4.58965
50.0 4.58965
0.0 1.53423
0.505781 1.53423
1.01156 1.78106
1.51734 2.02788
2.02312 2.27471
2.5289 2.52154
3.03469 2.76836
3.54037 2.76836
4.04605 2.82741
4.55174 2.88647
5.05742 2.94552
5.56311 3.00458
6.06879 3.06363
6.57448 3.12268
7.08016 3.18174
7.58585 3.24079
8.09153 3.29984
8.59722 3.3589
9.1029 3.41795
9.60859 3.477
10.1143 3.53606
10.6224 3.53606
11.1304 3.55945
11.6385 3.58284
12.1466 3.60623
12.6547 3.62962
13.1628 3.65301
13.6709 3.6764
14.1365 3.6764
14.6021 3.64435
15.0676 3.6123
15.5332 3.58025
15.9988 3.5482
16.4644 3.51615
16.93 3.4841
17.3993 3.4841
17.8686 3.4841
18.3379 3.4841
18.8072 3.4841
19.2765 3.4841
19.7458 3.4841
22.2669 4.70464
24.7881 4.70464
27.3093 4.70464
29.8305 4.70464
32.3517 4.70464
34.8729 4.70464
37.3941 4.70464
39.9153 4.70464
42.4364 4.70464
44.9576 4.70464
47.4788 4.70464
50.0 4.70464
0.0 1.51931
0.539534 1.51931
1.07907 1.75521
1.6186 1.9911
2.15813 2.227
2.69767 2.4629
3.2372 2.6988
3.71896 2.6988
4.20073 2.7938
4.68249 2.8888
5.16425 2.9838
5.64601 3.0788
6.12777 3.1738
6.60954 3.2688
7.0913 3.3638
7.57306 3.4588
8.05482 3.5538
8.56499 3.5538
9.07516 3.56434
9.58532 3.57488
10.0955 3.58542
10.6057 3.59596
11.1158 3.60649
11.626 3.61703
12.1362 3.62757
12.6463 3.63811
13.1565 3.64865
13.6667 3.65919
14.1977 3.65919
14.7287 3.61331
15.2597 3.56743
15.7907 3.52155
16.3217 3.47567
16.8527 3.42979
17.3116 3.42979
17.7705 3.42979
18.2294 3.42979
18.6882 3.42979
19.1471 3.42979
19.606 3.42979
22.1388 4.68608
24.6717 4.68608
27.2045 4.68608
29.7373 4.68608
32.2702 4.68608
34.803 4.68608
37.3358 4.68608
39.8687 4.68608
42.4015 4.68608
44.9343 4.68608
47.4672 4.68608
50.0 4.68608
0.0 1.36213
0.487041 1.36213
0.974083 1.56341
1.46112 1.76468
1.94817 1.96595
2.43521 2.16723
2.92225 2.3685
3.40929 2.56977
3.88755 2.56977
4.36581 2.63574
4.84408 2.7017
5.32234 2.76766
5.8006 2.83362
6.27887 2.89958
6.75713 2.96554
7.2756 2.96554
7.79406 2.96709
8.31253 2.96864
8.831 2.97019
9.34947 2.97174
9.86794 2.97328
10.3864 2.97483
10.9049 2.97638
11.4233 2.97793
11.9418 2.97948
12.4476 2.97948
12.9533 3.0639
13.4591 3.14831
13.9649 3.23273
14.4706 3.31715
14.9764 3.40157
15.4822 3.48599
15.9879 3.5704
16.4937 3.65482
16.9994 3.73924
17.5052 3.82366
18.011 3.90808
18.5167 3.9925
19.0111 3.9925
19.5055 3.9925
19.9999 3.9925
20.4943 3.9925
20.9887 3.9925
21.4831 3.9925
21.9776 3.9925
22.472 3.9925
22.9664 3.9925
23.4608 3.9925
23.9552 3.9925
24.4496 3.9925
24.944 3.9925
25.4384 3.9925
25.9328 3.9925
26.4272 3.9925
26.9216 3.9925
27.416 3.9925
27.9104 3.9925
28.4048 3.9925
28.8992 3.9925
29.3936 3.9925
29.888 3.9925
30.3824 3.9925
32.8346 4.50737
35.2868 4.50737
37.739 4.50737
40.1912 4.50737
42.6434 4.50737
45.0956 4.50737
47.5478 4.50737
50.0 4.50737
0.0 1.14835
0.498092 1.14835
0.996185 1.49093
1.49428 1.8335
1.99237 2.17608
2.49046 2.51866
2.98855 2.86124
3.50636 2.86124
4.02417 2.89475
4.54197 2.92825
5.05978 2.96176
5.57758 2.99527
6.09539 3.02878
6.59055 3.02878
7.08571 3.07019
7.58087 3.11161
8.07604 3.15302
8.5712 3.19444
9.06636 3.23585
9.56152 3.27727
10.0567 3.31868
10.5518 3.36009
11.047 3.40151
11.5422 3.44292
12.0373 3.48434
12.5325 3.52575
13.0277 3.56717
13.5228 3.60858
14.018 3.64999
14.5131 3.69141
15.0083 3.73282
15.5035 3.77424
15.9986 3.81565
16.4938 3.85707
16.9889 3.89848
17.4841 3.93989
17.9793 3.98131
18.4744 4.02272
18.9696 4.06414
19.4648 4.10555
19.9599 4.14697
20.4551 4.18838
20.9502 4.22979
21.4454 4.27121
21.9406 4.31262
22.4347 4.31262
22.9289 4.31742
23.4231 4.32222
23.9173 4.32701
24.4115 4.33181
24.9056 4.33661
25.3998 4.3414
25.894 4.3462
26.3882 4.351
26.8823 4.35579
27.3765 4.36059
27.8707 4.36539
28.3649 4.37019
28.859 4.37498
29.3532 4.37978
29.8474 4.38458
30.3416 4.38937
30.8357 4.39417
31.3299 4.39897
31.8241 4.40376
32.3183 4.40856
32.8125 4.41336
33.3066 4.41815
33.8008 4.42295
34.295 4.42775
34.7892 4.43254
35.2833 4.43734
35.7775 4.44214
36.2859 4.44214
36.7942 4.44214
37.3026 4.44214
37.811 4.44214
38.3194 4.44214
38.8277 4.44214
39.3361 4.44214
39.8445 4.44214
40.3528 4.44214
40.8612 4.44214
41.3696 4.44214
44.2464 4.51477
47.1232 4.51477
50.0 4.51477
0.0 1.23977
0.51007 1.23977
1.02014 1.57501
1.53021 1.91025
2.04028 2.24549
2.55035 2.58073
3.06042 2.91597
3.55753 2.91597
4.05465 2.89365
4.55177 2.87134
5.04888 2.84902
5.546 2.8267
6.04312 2.80438
6.57484 2.80438
7.10657 3.01729
7.63829 3.2302
8.17002 3.4431
8.70526 3.4431
9.2405 3.39992
9.77574 3.35673
10.311 3.31354
10.8462 3.27035
11.3815 3.22716
11.9167 3.18398
12.4047 3.18398
12.8926 3.18398
13.3806 3.18398
13.8685 3.18398
14.3565 3.18398
14.8444 3.18398
15.3324 3.18398
15.8203 3.18398
16.3083 3.18398
16.7962 3.18398
19.3504 4.5008
21.9045 4.5008
24.4586 4.5008
27.0128 4.5008
29.5669 4.5008
32.121 4.5008
34.6752 4.5008
37.2293 4.5008
39.7835 4.5008
42.3376 4.5008
44.8917 4.5008
47.4459 4.5008
50.0 4.5008
0.0 1.28491
0.500239 1.28491
1.00048 1.49504
1.50072 1.70518
2.00096 1.91531
2.5012 2.12544
3.00144 2.33558
3.50167 2.54571
4.00191 2.75584
4.50215 2.96597
4.98846 2.96597
5.47476 2.99323
5.96106 3.02048
6.44737 3.04774
6.93367 3.07499
7.41997 3.10224
7.90628 3.1295
8.39258 3.15675
8.87888 3.18401
9.36519 3.21126
9.85149 3.23852
10.3378 3.26577
10.8385 3.26577
11.3393 3.28311
11.8401 3.30045
12.3408 3.31779
12.8416 3.33512
13.3423 3.35246
13.8431 3.3698
14.3438 3.38714
14.8446 3.40448
15.3454 3.42182
15.8461 3.43916
16.3469 3.4565
16.8476 3.47384
17.3484 3.49117
17.8491 3.50851
18.3499 3.52585
18.8507 3.54319
19.3514 3.56053
19.8522 3.57787
20.3529 3.59521
20.8537 3.61255
21.3759 3.61255
21.8982 3.68939
22.4205 3.76623
22.9427 3.84307
23.465 3.91991
23.9872 3.99675
24.5095 4.07359
25.0317 4.07359
25.5538 4.07359
26.076 4.07359
26.5981 4.07359
27.1203 4.07359
27.6424 4.07359
28.1646 4.07359
28.6867 4.07359
29.2089 4.07359
29.731 4.07359
30.2532 4.07359
32.7215 4.50476
35.1899 4.50476
37.6582 4.50476
40.1266 4.50476
42.5949 4.50476
45.0633 4.50476
47.5316 4.50476
50.0 4.50476
0.0 1.32041
0.513596 1.32041
1.02719 1.52935
1.54079 1.73828
2.05438 1.94722
2.56798 2.15615
3.08158 2.36509
3.59517 2.57403
4.10877 2.78296
4.62237 2.9919
5.13298 2.9919
5.6436 3.02953
6.15422 3.06715
6.66484 3.10478
7.17545 3.14241
7.68607 3.18003
8.19669 3.21766
8.70731 3.25528
9.21793 3.29291
9.72854 3.33054
10.2392 3.36816
10.7498 3.40579
11.2604 3.44342
11.771 3.48104
12.2816 3.51867
12.7923 3.55629
13.3029 3.59392
13.8135 3.63155
14.3241 3.66917
14.8347 3.7068
15.3355 3.7068
15.8363 3.71668
16.337 3.72656
16.8378 3.73643
17.3385 3.74631
17.8393 3.75619
18.3401 3.76607
18.8408 3.77595
19.3416 3.78583
19.8424 3.7957
20.3431 3.80558
20.8439 3.81546
21.3447 3.82534
21.8454 3.83522
22.3462 3.8451
22.847 3.85497
23.3477 3.86485
23.8485 3.87473
24.3493 3.88461
24.85 3.89449
25.3508 3.90436
25.8516 3.91424
26.3523 3.92412
26.8531 3.934
27.3539 3.94388
27.8546 3.95376
28.3799 3.95376
28.9051 4.01479
29.4304 4.07582
29.9556 4.13685
30.4809 4.19788
31.0061 4.25892
31.5314 4.31995
32.0566 4.38098
32.5435 4.38098
33.0303 4.38098
33.5172 4.38098
34.004 4.38098
34.4909 4.38098
34.9777 4.38098
35.4646 4.38098
35.9514 4.38098
36.4383 4.38098
36.9251 4.38098
37.412 4.38098
37.8988 4.38098
38.3857 4.38098
38.8725 4.38098
39.3594 4.38098
39.8462 4.38098
40.3331 4.38098
40.8199 4.38098
43.1149 4.53017
45.41 4.53017
47.705 4.53017
50.0 4.53017
0.0 1.19152
0.492045 1.19152
0.984089 1.39661
1.47613 1.6017
1.96818 1.80679
2.46022 2.01188
2.95227 2.21697
3.44431 2.42207
3.93636 2.62716
4.4284 2.83225
4.92045 3.03734
5.41727 3.03734
5.9141 3.05355
6.41093 3.06977
6.90775 3.08599
7.40458 3.10221
7.90141 3.11843
8.39823 3.13465
8.89506 3.15087
9.39189 3.16709
9.88871 3.18331
10.3855 3.19953
10.8824 3.21575
11.3792 3.23197
11.876 3.24819
12.3728 3.26441
12.8697 3.28063
13.3665 3.29685
13.8633 3.31307
14.3443 3.31307
14.8253 3.35784
15.3063 3.4026
15.7873 3.44737
16.2683 3.49214
16.7494 3.53691
17.2304 3.58168
17.7114 3.62645
18.1924 3.67122
18.6734 3.71598
19.1544 3.76075
19.6354 3.80552
20.1219 3.80552
20.6085 3.82803
21.095 3.85054
21.5816 3.87305
22.0682 3.89555
22.5547 3.91806
23.0413 3.94057
23.5278 3.96308
24.0144 3.98559
24.5009 4.0081
24.9875 4.0306
25.474 4.05311
25.9606 4.07562
26.4472 4.09813
26.9337 4.12064
27.4203 4.14315
27.9068 4.16565
28.3934 4.18816
28.9461 4.18816
29.4989 4.18816
30.0517 4.18816
30.6044 4.18816
33.0289 4.48058
35.4533 4.48058
37.8778 4.48058
40.3022 4.48058
42.7267 4.48058
45.1511 4.48058
47.5756 4.48058
50.0 4.48058
0.0 1.47716
0.375771 1.47716
0.912152 1.37048
1.44853 1.68549
1.98492 2.00051
2.5213 2.31552
3.05768 2.63053
3.59406 2.94555
4.08394 2.94555
4.57383 2.98211
5.06371 3.01868
5.55359 3.05525
6.04347 3.09182
6.53335 3.12839
7.02324 3.16496
7.51312 3.20153
8.003 3.2381
8.49288 3.27467
8.98277 3.31124
9.47265 3.3478
9.96253 3.38437
10.4524 3.42094
10.9423 3.45751
11.4322 3.49408
11.9221 3.53065
12.4119 3.56722
12.9018 3.60379
13.3917 3.64036
13.8816 3.67693
14.3715 3.71349
14.8614 3.75006
15.3512 3.78663
15.8575 3.78663
16.3637 3.81355
16.8699 3.84048
17.3761 3.8674
17.8824 3.89432
18.3886 3.92124
18.8948 3.94816
19.4011 3.97508
19.9073 4.00201
20.4135 4.02893
20.9197 4.05585
21.426 4.08277
21.9322 4.10969
22.4384 4.13661
22.9446 4.16354
23.4509 4.19046
23.9571 4.21738
24.4633 4.2443
24.9696 4.27122
25.4758 4.29814
25.982 4.32507
26.4882 4.35199
26.9945 4.37891
27.5007 4.40583
28.0069 4.43275
28.5131 4.45967
29.0194 4.4866
29.5264 4.4866
30.0335 4.4866
30.5405 4.4866
31.0476 4.4866
31.5547 4.4866
32.0617 4.4866
32.5688 4.4866
33.0758 4.4866
33.5829 4.4866
34.0899 4.4866
34.597 4.4866
35.104 4.4866
35.6111 4.4866
36.1182 4.4866
36.6252 4.4866
37.1323 4.4866
37.6393 4.4866
38.1464 4.4866
38.6534 4.4866
39.1605 4.4866
39.6675 4.4866
40.1746 4.4866
40.6817 4.4866
41.1887 4.4866
43.3915 4.59329
45.5944 4.59329
47.7972 4.59329
50.0 4.59329
0.0 1.1333
0.51579 1.1333
1.03158 1.35942
1.54737 1.58554
2.06316 1.81166
2.57895 2.03778
3.09474 2.2639
3.61053 2.49002
4.12632 2.71615
4.64211 2.94227
5.1368 2.94227
5.63149 2.9577
6.12618 2.97313
6.62087 2.98856
7.11556 3.004
7.61025 3.01943
8.10494 3.03486
8.59963 3.05029
9.09432 3.06572
9.58901 3.08116
10.0837 3.09659
10.5784 3.11202
11.0731 3.12745
11.5678 3.14289
12.0625 3.15832
12.5571 3.17375
13.0518 3.18918
13.5465 3.20461
14.0412 3.22005
14.5359 3.23548
15.0306 3.25091
15.5259 3.25091
16.0212 3.29995
16.5165 3.34899
17.0118 3.39803
17.5071 3.44707
18.0024 3.49611
18.4977 3.54515
18.993 3.5942
19.4883 3.64324
19.9836 3.69228
20.4789 3.74132
20.9637 3.74132
21.4484 3.78052
21.9332 3.81971
22.4179 3.85891
22.9027 3.89811
23.3874 3.93731
23.8722 3.97651
24.3569 4.01571
24.8417 4.0549
25.3264 4.0941
25.8112 4.1333
26.2959 4.1725
26.778 4.1725
27.26 4.1725
27.7421 4.1725
28.2242 4.1725
28.7063 4.1725
29.1883 4.1725
29.6704 4.1725
30.1525 4.1725
30.6345 4.1725
33.0552 4.47038
35.4759 4.47038
37.8966 4.47038
40.3173 4.47038
42.738 4.47038
45.1586 4.47038
47.5793 4.47038
50.0 4.47038
0.0 1.17936
0.500662 1.17936
1.00132 1.40036
1.50198 1.62135
2.00265 1.84235
2.50331 2.06334
3.00397 2.28433
3.50463 2.50533
4.00529 2.72632
4.50595 2.94732
5.01215 2.94732
5.51835 2.97927
6.02455 3.01122
6.53075 3.04316
7.03695 3.07511
7.54315 3.10706
8.04935 3.13901
8.55555 3.17096
9.06175 3.20291
9.56795 3.23486
10.0742 3.26681
10.5804 3.29876
11.0866 3.33071
11.5928 3.36265
12.0813 3.36265
12.5698 3.38435
13.0583 3.40605
13.5469 3.42775
14.0354 3.44945
14.5239 3.47115
15.0125 3.49285
15.501 3.51455
15.9895 3.53625
16.4781 3.55795
16.9666 3.57965
17.4551 3.60135
17.9437 3.62305
18.4322 3.64475
18.9207 3.66645
19.4092 3.68815
19.9118 3.68815
20.4144 3.73074
20.9169 3.77333
21.4195 3.81592
21.9221 3.85851
22.4246 3.9011
22.9272 3.94368
23.4297 3.98627
23.9323 4.02886
24.4349 4.07145
24.9374 4.11404
25.44 4.15663
25.9425 4.19922
26.4563 4.19922
26.9701 4.19922
27.4839 4.19922
27.9977 4.19922
28.5115 4.19922
29.0253 4.19922
29.5391 4.19922
30.0528 4.19922
30.5666 4.19922
32.9958 4.51035
35.425 4.51035
37.8541 4.51035
40.2833 4.51035
42.7125 4.51035
45.1417 4.51035
47.5708 4.51035
50.0 4.51035
0.0 1.13347
0.524281 1.13347
1.04856 1.3814
1.57284 1.62934
2.09712 1.87727
2.62141 2.1252
3.14569 2.37313
3.66997 2.62106
4.19425 2.86899
4.68127 2.86899
5.1683 2.89963
5.65532 2.93027
6.14235 2.96091
6.62937 2.99155
7.1164 3.02219
7.60342 3.05283
8.09045 3.08347
8.57747 3.11411
9.0645 3.14475
9.55152 3.17539
10.0385 3.20603
10.5256 3.23667
11.0126 3.26731
11.4996 3.29795
11.9866 3.32859
12.5107 3.32859
13.0347 3.37411
13.5587 3.41964
14.0828 3.46517
14.6068 3.5107
15.1308 3.55622
15.6549 3.60175
16.1789 3.64728
16.7029 3.69281
17.227 3.73834
17.7371 3.73834
18.2472 3.77143
18.7573 3.80452
19.2674 3.83761
19.7775 3.8707
20.2876 3.90379
20.7977 3.93688
21.3078 3.96997
21.8179 4.00306
22.328 4.03615
22.8381 4.06924
23.3482 4.10233
23.8583 4.13542
24.3684 4.16851
24.8785 4.2016
25.3886 4.23469
25.872 4.23469
26.3553 4.23469
26.8387 4.23469
27.322 4.23469
27.8054 4.23469
28.2887 4.23469
28.7721 4.23469
29.2554 4.23469
29.7387 4.23469
30.2221 4.23469
30.7054 4.23469
33.1173 4.40637
35.5291 4.40637
37.9409 4.40637
40.3527 4.40637
42.7645 4.40637
45.1764 4.40637
47.5882 4.40637
50.0 4.40637
0.0 1.07116
0.48037 1.07116
0.96074 1.33501
1.44111 1.59886
1.92148 1.86271
2.40185 2.12655
2.88222 2.3904
3.36259 2.65425
3.84296 2.9181
4.35485 2.9181
4.86675 2.92275
5.37864 2.9274
5.89054 2.93205
6.40243 2.93671
6.91433 2.94136
7.42622 2.94601
7.93812 2.95066
8.45001 2.95532
8.9619 2.95997
9.4738 2.96462
9.98569 2.96927
10.4976 2.97393
11.0095 2.97858
11.5032 2.97858
11.997 3.02959
12.4907 3.0806
12.9844 3.13161
13.4782 3.18262
13.9719 3.23363
14.4657 3.28464
14.9594 3.33565
15.4531 3.38666
15.9469 3.43767
16.4406 3.48868
16.9344 3.53969
17.4281 3.5907
17.9218 3.64171
18.4156 3.69272
18.9093 3.74373
19.4031 3.79474
19.8968 3.84575
20.3905 3.89676
20.8843 3.94777
21.378 3.99878
21.8718 4.04979
22.3655 4.1008
22.8593 4.15181
23.3236 4.15181
23.788 4.09307
24.2523 4.03432
24.7167 3.97558
25.1811 3.91684
25.6454 3.85809
26.1098 3.79935
26.3482 3.79935
28.9762 4.42065
31.6042 4.42065
34.2321 4.42065
36.8601 4.42065
39.4881 4.42065
42.1161 4.42065
44.744 4.42065
47.372 4.42065
50.0 4.42065
0.0 1.25977
0.48091 1.25977
0.961819 1.47769
1.44273 1.6956
1.92364 1.91351
2.40455 2.13143
2.88546 2.34934
3.36637 2.56726
3.84728 2.78517
4.32819 3.00309
4.82653 3.00309
5.32487 3.02526
5.82321 3.04743
6.32155 3.0696
6.81989 3.09177
7.31823 3.11394
7.81657 3.13611
8.31491 3.15828
8.81326 3.18046
9.3116 3.20263
9.80994 3.2248
10.3083 3.24697
10.8066 3.26914
11.305 3.29131
11.8033 3.31348
12.3016 3.33565
12.8 3.35783
13.2983 3.38
13.7967 3.40217
14.295 3.42434
14.7933 3.44651
15.2917 3.46868
15.79 3.49085
16.2884 3.51302
16.7867 3.5352
17.2851 3.55737
17.8009 3.55737
18.3167 3.58791
18.8326 3.61846
19.3484 3.649
19.8643 3.67955
20.3801 3.71009
20.8959 3.74064
21.4118 3.77118
21.9276 3.80173
22.4435 3.83227
22.9593 3.86282
23.4751 3.89336
23.991 3.92391
24.5068 3.95445
25.0227 3.985
25.5304 3.985
26.0382 4.02188
26.546 4.05876
27.0538 4.09564
27.5616 4.13252
28.0694 4.1694
28.5771 4.20628
29.0849 4.24317
29.5927 4.28005
30.1005 4.31693
30.6083 4.35381
31.116 4.39069
31.6238 4.42757
32.1316 4.46445
32.6212 4.46445
33.1109 4.46445
33.6005 4.46445
34.0901 4.46445
34.5797 4.46445
35.0694 4.46445
35.559 4.46445
36.0486 4.46445
36.5382 4.46445
37.0279 4.46445
37.5175 4.46445
38.0071 4.46445
38.4967 4.46445
38.9864 4.46445
39.476 4.46445
39.9656 4.46445
40.4553 4.46445
40.9449 4.46445
43.2087 4.52271
45.4724 4.52271
47.7362 4.52271
50.0 4.52271
0.0 1.12802
0.503797 1.12802
1.00759 1.36507
1.51139 1.60212
2.01519 1.83917
2.51899 2.07621
3.02278 2.31326
3.52658 2.55031
4.03038 2.78735
4.52511 2.78735
5.01985 2.82181
5.51458 2.85626
6.00931 2.89071
6.50405 2.92516
6.99878 2.95961
7.49351 2.99406
7.98825 3.02851
8.48298 3.06296
8.97771 3.09741
9.47245 3.13186
9.96718 3.16632
10.4619 3.20077
10.9566 3.23522
11.4514 3.26967
11.9461 3.30412
12.4408 3.33857
12.965 3.33857
13.4892 3.39152
14.0134 3.44447
14.5376 3.49742
15.0617 3.55037
15.5859 3.60332
16.1101 3.65627
16.6343 3.70922
17.1584 3.76217
17.6592 3.76217
18.1599 3.79391
18.6607 3.82565
19.1614 3.85738
19.6621 3.88912
20.1629 3.92086
20.6636 3.9526
21.1644 3.98434
21.6651 4.01608
22.1658 4.04781
22.6666 4.07955
23.1673 4.11129
23.6681 4.14303
24.1688 4.17477
24.6695 4.20651
25.1703 4.23824
25.671 4.26998
26.1718 4.30172
26.6812 4.30172
27.1907 4.30172
27.7001 4.30172
28.2096 4.30172
28.719 4.30172
29.2285 4.30172
29.7379 4.30172
30.2474 4.30172
30.7568 4.30172
33.1622 4.36955
35.5676 4.36955
37.973 4.36955
40.3784 4.36955
42.7838 4.36955
45.1892 4.36955
47.5946 4.36955
50.0 4.36955
0.0 1.33017
0.52601 1.33017
1.05202 1.51711
1.57803 1.70405
2.10404 1.89099
2.63005 2.07793
3.15606 2.26487
3.68207 2.45181
4.20808 2.63875
4.55957 2.63875
4.91106 2.98444
5.43321 2.98444
5.95537 2.98653
6.47753 2.98861
6.99968 2.99069
7.52184 2.99278
8.04399 2.99486
8.56615 2.99694
9.08831 2.99903
9.5944 2.99903
10.1005 3.05241
10.6066 3.10579
11.1127 3.15916
11.6188 3.21254
12.1249 3.26592
12.631 3.3193
13.1371 3.37268
13.6432 3.42606
14.1493 3.47944
14.6554 3.53282
15.1615 3.5862
15.6676 3.63958
16.1737 3.69296
16.6798 3.74634
17.1859 3.79972
17.692 3.8531
18.1981 3.90648
18.7042 3.95986
19.2123 3.95986
19.7203 3.95986
20.2284 3.95986
20.7365 3.95986
21.2446 3.95986
21.7526 3.95986
22.2607 3.95986
22.7688 3.95986
23.2768 3.95986
23.7849 3.95986
24.293 3.95986
24.8011 3.95986
25.3091 3.95986
25.8172 3.95986
26.3253 3.95986
26.8333 3.95986
27.3414 3.95986
27.8495 3.95986
28.3576 3.95986
28.8656 3.95986
29.3737 3.95986
29.8818 3.95986
30.3899 3.95986
32.8411 4.49239
35.2924 4.49239
37.7437 4.49239
40.1949 4.49239
42.6462 4.49239
45.0975 4.49239
47.5487 4.49239
50.0 4.49239
0.0 1.33204
0.475768 1.33204
0.951536 1.54279
1.4273 1.75354
1.90307 1.9643
2.37884 2.17505
2.85461 2.3858
3.33037 2.59656
3.86979 2.59656
4.4092 2.68008
4.94861 2.7636
5.48802 2.84712
6.02743 2.93064
6.56685 3.01416
7.0534 3.01416
7.53995 3.00952
8.0265 3.00488
8.51305 3.00023
8.9996 2.99559
9.48614 2.99095
9.97269 2.9863
10.4592 2.98166
10.9458 2.97702
11.4323 2.97237
11.9189 2.96773
12.4054 2.96309
12.9147 2.96309
13.4239 3.05907
13.9332 3.15506
14.4424 3.25104
14.9517 3.34702
15.4609 3.44301
15.9702 3.53899
16.4794 3.63497
16.9886 3.73096
17.4979 3.82694
18.0071 3.92293
18.5164 4.01891
19.0074 4.01891
19.4983 4.01891
19.9893 4.01891
20.4803 4.01891
20.9713 4.01891
21.4622 4.01891
21.9532 4.01891
22.4442 4.01891
22.9352 4.01891
23.4262 4.01891
23.9171 4.01891
24.4081 4.01891
24.8991 4.01891
25.3901 4.01891
25.881 4.01891
26.372 4.01891
26.863 4.01891
27.354 4.01891
27.8449 4.01891
28.3359 4.01891
28.8269 4.01891
29.3179 4.01891
29.8089 4.01891
30.2998 4.01891
32.7624 4.45901
35.2249 4.45901
37.6874 4.45901
40.1499 4.45901
42.6124 4.45901
45.075 4.45901
47.5375 4.45901
50.0 4.45901
0.0 1.16495
0.522313 1.16495
1.04463 1.41323
1.56694 1.66151
2.08925 1.90979
2.61156 2.15807
3.13388 2.40636
3.65619 2.65464
4.1785 2.90292
4.67203 2.90292
5.16556 2.91
5.65908 2.91709
6.15261 2.92418
6.64614 2.93126
7.13966 2.93835
7.63319 2.94543
8.12672 2.95252
8.62024 2.9596
9.11377 2.96669
9.6073 2.97378
10.1008 2.98086
10.5944 2.98795
11.0879 2.99503
11.5814 3.00212
12.0749 3.0092
12.5685 3.01629
13.0661 3.01629
13.5638 3.07288
14.0615 3.12947
14.5591 3.18606
15.0568 3.24266
15.5545 3.29925
16.0522 3.35584
16.5498 3.41243
17.0475 3.46902
17.5452 3.52561
18.0429 3.58221
18.5405 3.6388
19.0382 3.69539
19.5359 3.75198
20.0335 3.80857
20.5312 3.86516
21.0289 3.92175
21.5266 3.97835
22.0242 4.03494
22.5219 4.09153
23.0196 4.14812
23.5172 4.20471
24.0041 4.20471
24.491 4.11424
24.9779 4.02377
25.4648 3.9333
25.9517 3.84283
26.3615 3.84283
28.988 4.47564
31.6145 4.47564
34.241 4.47564
36.8675 4.47564
39.494 4.47564
42.1205 4.47564
44.747 4.47564
47.3735 4.47564
50.0 4.47564
0.0 1.25742
0.51622 1.25742
1.03244 1.59614
1.54866 1.93485
2.06488 2.27357
2.5811 2.61229
3.07019 2.61229
3.55928 2.69105
4.04837 2.76982
4.53746 2.84858
5.02655 2.92735
5.51564 3.00611
6.00473 3.08488
6.49382 3.16364
6.98291 3.24241
7.472 3.32118
7.96109 3.39994
8.45018 3.47871
8.93927 3.55747
9.43893 3.55747
9.93859 3.58454
10.4383 3.6116
10.9379 3.63867
11.4376 3.66574
11.9372 3.6928
12.4369 3.71987
12.9366 3.74694
13.4362 3.774
13.9619 3.774
14.4875 3.73357
15.0131 3.69313
15.5388 3.6527
16.0644 3.61226
16.59 3.57183
17.1157 3.53139
17.6413 3.49096
18.1531 3.49096
18.6649 3.49096
19.1768 3.49096
19.6886 3.49096
22.2145 4.87095
24.7405 4.87095
27.2664 4.87095
29.7924 4.87095
32.3183 4.87095
34.8443 4.87095
37.3702 4.87095
39.8962 4.87095
42.4221 4.87095
44.9481 4.87095
47.474 4.87095
50.0 4.87095
0.0 1.21209
0.497661 1.21209
0.995322 1.46355
1.49298 1.71501
1.99064 1.96647
2.4883 2.21793
2.98596 2.46938
3.48363 2.72084
3.98388 2.72084
4.48413 2.77021
4.98438 2.81957
5.48463 2.86894
5.98488 2.91831
6.48513 2.96767
6.98538 3.01704
7.48563 3.0664
7.98588 3.11577
8.48613 3.16513
8.98638 3.2145
9.48664 3.26386
9.98689 3.31323
10.4854 3.31323
10.9839 3.36299
11.4824 3.41274
11.9809 3.4625
12.4794 3.51225
12.9779 3.56201
13.4764 3.61177
13.9749 3.66152
14.4735 3.71128
14.9624 3.71128
15.4513 3.74736
15.9403 3.78344
16.4292 3.81952
16.9182 3.85559
17.4071 3.89167
17.8961 3.92775
18.385 3.96383
18.874 3.99991
19.3629 4.03599
19.8519 4.07207
20.3408 4.10815
20.8297 4.14423
21.3187 4.18031
21.8076 4.21639
22.2966 4.25247
22.7984 4.25247
23.3002 4.25247
23.802 4.25247
24.3038 4.25247
24.8056 4.25247
25.3074 4.25247
25.8092 4.25247
26.311 4.25247
26.8128 4.25247
27.3146 4.25247
27.8164 4.25247
28.3182 4.25247
28.82 4.25247
29.3218 4.25247
29.8236 4.25247
30.3254 4.25247
30.8272 4.25247
33.2238 4.38089
35.6204 4.38089
38.017 4.38089
40.4136 4.38089
42.8102 4.38089
45.2068 4.38089
47.6034 4.38089
50.0 4.38089
0.0 1.35293
0.523401 1.35293
1.0468 1.59141
1.5702 1.82988
2.09361 2.06836
2.61701 2.30684
3.14041 2.54532
3.61794 2.54532
4.09547 2.60434
4.573 2.66336
5.05054 2.72238
5.52807 2.7814
6.0056 2.84042
6.48313 2.89944
6.96066 2.95846
7.4382 3.01748
7.91573 3.0765
8.42701 3.0765
8.9383 3.06397
9.44958 3.05144
9.96086 3.03892
10.4721 3.02639
10.9834 3.01386
11.4947 3.00134
12.006 2.98881
12.5173 2.97628
13.0286 2.96376
13.5273 2.96376
14.026 3.12345
14.5247 3.28315
15.0233 3.44285
15.522 3.60254
16.0207 3.76224
16.5194 3.92194
17.0181 4.08163
17.5135 4.08163
18.0088 4.08163
18.5042 4.08163
18.9995 4.08163
19.4949 4.08163
19.9902 4.08163
20.4856 4.08163
20.9809 4.08163
21.4763 4.08163
21.9716 4.08163
22.467 4.08163
22.9623 4.08163
23.4577 4.08163
23.953 4.08163
24.4484 4.08163
24.9437 4.08163
25.4391 4.08163
25.9344 4.08163
26.4298 4.08163
26.9251 4.08163
27.4205 4.08163
27.9158 4.08163
28.4112 4.08163
28.9065 4.08163
29.4019 4.08163
29.8972 4.08163
30.3926 4.08163
32.8435 4.44238
35.2944 4.44238
37.7454 4.44238
40.1963 4.44238
42.6472 4.44238
45.0981 4.44238
47.5491 4.44238
50.0 4.44238
0.0 1.17222
0.527847 1.17222
1.05569 1.48541
1.58354 1.79861
2.11139 2.1118
2.63924 2.42499
3.16708 2.73818
3.65485 2.73818
4.14262 2.77649
4.63039 2.81479
5.11816 2.8531
5.60593 2.8914
6.0937 2.92971
6.58147 2.96801
7.06924 3.00632
7.55702 3.04462
8.04479 3.08293
8.53256 3.12123
9.02033 3.15954
9.5081 3.19784
9.99587 3.23615
10.4836 3.27445
10.9714 3.31275
11.4706 3.31275
11.9698 3.36884
12.469 3.42493
12.9681 3.48102
13.4673 3.53711
13.9665 3.5932
14.4657 3.64928
14.9649 3.70537
15.4796 3.70537
15.9943 3.75041
16.5091 3.79544
17.0238 3.84047
17.5386 3.88551
18.0533 3.93054
18.568 3.97558
19.0828 4.02061
19.5975 4.06564
20.1122 4.11068
20.627 4.15571
21.1417 4.20075
21.6564 4.24578
22.1712 4.29082
22.6824 4.29082
23.1936 4.29082
23.7048 4.29082
24.2161 4.29082
24.7273 4.29082
25.2385 4.29082
25.7498 4.29082
26.261 4.29082
26.7722 4.29082
27.2835 4.29082
27.7947 4.29082
28.3059 4.29082
28.8171 4.29082
29.3284 4.29082
29.8396 4.29082
30.3508 4.29082
30.8621 4.29082
33.2543 4.38896
35.6465 4.38896
38.0388 4.38896
40.431 4.38896
42.8233 4.38896
45.2155 4.38896
47.6078 4.38896
50.0 4.38896
0.0 1.21767
0.518785 1.21767
1.03757 1.46158
1.55635 1.70548
2.07514 1.94939
2.59392 2.19329
3.11271 2.4372
3.63149 2.6811
4.12744 2.6811
4.6234 2.7216
5.11935 2.7621
5.6153 2.80261
6.11125 2.84311
6.6072 2.88361
7.10316 2.92411
7.59911 2.96461
8.09506 3.00511
8.59101 3.04562
9.08696 3.08612
9.58291 3.12662
10.0789 3.16712
10.5748 3.20762
11.0708 3.24812
11.5667 3.28863
12.0627 3.32913
12.5586 3.36963
13.0705 3.36963
13.5824 3.38811
14.0944 3.40659
14.6063 3.42507
15.1182 3.44355
15.6301 3.46203
16.142 3.48051
16.6539 3.49899
17.1658 3.51747
17.6777 3.53596
18.1897 3.55444
18.7016 3.57292
19.2135 3.5914
19.7254 3.60988
20.2373 3.62836
20.7492 3.64684
21.2611 3.66532
21.773 3.6838
22.2964 3.6838
22.8197 3.74664
23.343 3.80947
23.8663 3.87231
24.3896 3.93514
24.9129 3.99798
25.4362 4.06081
25.9595 4.12365
26.4829 4.18648
27.0062 4.24931
27.4804 4.24931
27.9547 4.24931
28.4289 4.24931
28.9032 4.24931
29.3774 4.24931
29.8516 4.24931
30.3259 4.24931
30.8001 4.24931
33.2001 4.42135
35.6001 4.42135
38.0001 4.42135
40.4001 4.42135
42.8001 4.42135
45.2 4.42135
47.6 4.42135
50.0 4.42135
0.0 1.21928
0.528849 1.21928
1.0577 1.50108
1.58655 1.78289
2.11539 2.0647
2.64424 2.34651
3.17309 2.62832
3.70194 2.91012
4.20927 2.91012
4.7166 2.9216
5.22393 2.93308
5.73126 2.94456
6.23859 2.95604
6.74592 2.96752
7.25324 2.979
7.76057 2.99048
8.2679 3.00196
8.77523 3.01344
9.26835 3.01344
9.76147 3.05424
10.2546 3.09504
10.7477 3.13583
11.2408 3.17663
11.7339 3.21742
12.2271 3.25822
12.7202 3.29901
13.2133 3.33981
13.7064 3.3806
14.1995 3.4214
14.6927 3.4622
15.1858 3.50299
15.6789 3.54379
16.172 3.58458
16.6651 3.62538
17.1582 3.66617
17.6514 3.70697
18.1445 3.74776
18.6376 3.78856
19.1307 3.82936
19.6238 3.87015
20.117 3.91095
20.6101 3.95174
21.1032 3.99254
21.5963 4.03333
22.0894 4.07413
22.5825 4.11492
23.0757 4.15572
23.5688 4.19652
24.0619 4.23731
24.555 4.27811
25.0481 4.3189
25.5413 4.3597
26.0642 4.3597
26.5871 4.3715
27.11 4.3833
27.633 4.3951
28.1559 4.4069
28.6788 4.4187
29.2018 4.4305
29.7247 4.4423
30.2476 4.4541
30.7705 4.4659
31.2757 4.4659
31.7809 4.4659
32.2861 4.4659
32.7913 4.4659
33.2965 4.4659
33.8017 4.4659
34.3069 4.4659
34.8121 4.4659
35.3173 4.4659
35.8225 4.4659
36.3277 4.4659
36.8329 4.4659
37.3381 4.4659
37.8433 4.4659
38.3485 4.4659
38.8537 4.4659
39.3589 4.4659
39.8641 4.4659
40.3693 4.4659
40.8745 4.4659
41.3797 4.4659
44.2531 4.48747
47.1266 4.48747
50.0 4.48747
0.0 1.36732
0.528578 1.36732
1.05716 1.61294
1.58573 1.85856
2.11431 2.10418
2.64289 2.3498
3.17147 2.59542
3.685 2.59542
4.19854 2.65949
4.71208 2.72357
5.22561 2.78764
5.73915 2.85172
6.25268 2.91579
6.76622 2.97986
7.27976 3.04394
7.79329 3.10801
8.31193 3.10801
8.83057 3.09695
9.34921 3.08589
9.86785 3.07483
10.3865 3.06377
10.9051 3.05271
11.4238 3.04165
11.9424 3.03059
12.461 3.01953
12.9797 3.00847
13.4621 3.00847
13.9445 3.18364
14.4269 3.3588
14.9093 3.53396
15.3916 3.70912
15.874 3.88429
16.3564 4.05945
16.852 4.05945
17.3476 4.05945
17.8432 4.05945
18.3388 4.05945
18.8344 4.05945
19.3301 4.05945
19.8257 4.05945
20.3213 4.05945
20.8169 4.05945
21.3125 4.05945
21.8081 4.05945
22.3037 4.05945
22.7993 4.05945
23.2949 4.05945
23.7905 4.05945
24.2861 4.05945
24.7817 4.05945
25.2773 4.05945
25.7729 4.05945
26.2685 4.05945
26.7641 4.05945
27.2597 4.05945
27.7553 4.05945
28.2509 4.05945
28.7465 4.05945
29.2421 4.05945
29.7377 4.05945
30.2333 4.05945
32.7042 4.52749
35.175 4.52749
37.6458 4.52749
40.1167 4.52749
42.5875 4.52749
45.0583 4.52749
47.5292 4.52749
50.0 4.52749
0.0 1.26929
0.501707 1.26929
1.00341 1.50649
1.50512 1.74368
2.00683 1.98088
2.50853 2.21808
3.01024 2.45527
3.51195 2.69247
4.01366 2.92967
4.53191 2.92967
5.05016 2.93386
5.56841 2.93805
6.08666 2.94224
6.58898 2.94224
7.09129 2.97968
7.59361 3.01711
8.09592 3.05454
8.59824 3.09198
9.10055 3.12941
9.60287 3.16685
10.1052 3.20428
10.6075 3.24171
11.1098 3.27915
11.6121 3.31658
12.1144 3.35401
12.6168 3.39145
13.1191 3.42888
13.6214 3.46631
14.1237 3.50375
14.626 3.54118
15.1283 3.57862
15.6307 3.61605
16.133 3.65348
16.6353 3.69092
17.1376 3.72835
17.6399 3.76578
18.1422 3.80322
18.6446 3.84065
19.1469 3.87808
19.6492 3.91552
20.1515 3.95295
20.6538 3.99039
21.1561 4.02782
21.6584 4.06525
22.1608 4.10269
22.6631 4.14012
23.1654 4.17755
23.6677 4.21499
24.17 4.25242
24.6723 4.28985
25.1747 4.32729
25.6843 4.32729
26.194 4.33398
26.7036 4.34067
27.2133 4.34736
27.723 4.35405
28.2326 4.36074
28.7423 4.36743
29.2519 4.37412
29.7616 4.38081
30.2713 4.3875
30.7809 4.39419
31.2906 4.40088
31.8002 4.40757
32.3101 4.40757
32.8199 4.40757
33.3298 4.40757
33.8397 4.40757
34.3495 4.40757
34.8594 4.40757
35.3692 4.40757
35.8791 4.40757
36.389 4.40757
36.8988 4.40757
37.4087 4.40757
37.9185 4.40757
38.4284 4.40757
38.9382 4.40757
39.4481 4.40757
39.958 4.40757
40.4678 4.40757
40.9777 4.40757
41.4875 4.40757
44.325 4.49191
47.1625 4.49191
50.0 4.49191
0.0 1.53698
0.322811 1.53698
0.800004 1.31194
1.2772 1.55566
1.75439 1.79939
2.23158 2.04312
2.70878 2.28685
3.18597 2.53058
3.66316 2.77431
4.14035 3.01804
4.63389 3.01804
5.12743 3.04378
5.62097 3.06953
6.11451 3.09527
6.60805 3.12102
7.10158 3.14677
7.59512 3.17251
8.08866 3.19826
8.5822 3.224
9.07574 3.24975
9.56928 3.2755
10.0628 3.30124
10.5564 3.32699
11.0499 3.35273
11.5434 3.37848
12.037 3.40423
12.5305 3.42997
13.024 3.45572
13.5176 3.48146
14.0111 3.50721
14.5047 3.53296
14.9982 3.5587
15.4917 3.58445
15.9853 3.61019
16.4788 3.63594
16.9724 3.66169
17.4659 3.68743
17.9594 3.71318
18.453 3.73893
18.9465 3.76467
19.44 3.79042
19.9303 3.79042
20.4207 3.82547
20.911 3.86052
21.4013 3.89557
21.8916 3.93062
22.3819 3.96567
22.8722 4.00072
23.3625 4.03577
23.8528 4.07082
24.3431 4.10587
24.8334 4.14092
25.3237 4.17597
25.814 4.21102
26.3043 4.24607
26.7946 4.28112
27.2849 4.31617
27.7752 4.35123
28.2655 4.38628
28.7558 4.42133
29.2461 4.45638
29.7364 4.49143
30.2267 4.52648
30.717 4.56153
31.2115 4.56153
31.706 4.56153
32.2005 4.56153
32.695 4.56153
33.1895 4.56153
33.684 4.56153
34.1785 4.56153
34.673 4.56153
35.1675 4.56153
35.662 4.56153
36.1565 4.56153
36.6509 4.56153
37.1454 4.56153
37.6399 4.56153
38.1344 4.56153
38.6289 4.56153
39.1234 4.56153
39.6179 4.56153
40.1124 4.56153
40.6069 4.56153
41.1014 4.56153
43.326 4.69607
45.5507 4.69607
47.7753 4.69607
50.0 4.69607
0.0 1.2789
0.475627 1.2789
0.951254 1.48192
1.42688 1.68495
1.90251 1.88797
2.37814 2.09099
2.85376 2.29401
3.32939 2.49703
3.80502 2.70006
4.28064 2.90308
4.77307 2.90308
5.26549 2.92748
5.75791 2.95188
6.25034 2.97629
6.74276 3.00069
7.23518 3.02509
7.72761 3.0495
8.22003 3.0739
8.71245 3.0983
9.20488 3.12271
9.6973 3.14711
10.1897 3.17151
10.6821 3.19592
11.1746 3.22032
11.667 3.24472
12.1594 3.26913
12.6518 3.29353
13.1443 3.31793
13.6367 3.34234
14.1291 3.36674
14.6215 3.39114
15.114 3.41555
15.6064 3.43995
16.0988 3.46435
16.5912 3.48875
17.0836 3.51316
17.5761 3.53756
18.0685 3.56196
18.5609 3.58637
19.0619 3.58637
19.563 3.61428
20.064 3.64219
20.565 3.67011
21.066 3.69802
21.5671 3.72593
22.0681 3.75385
22.5691 3.78176
23.0701 3.80967
23.5712 3.83758
24.0722 3.8655
24.5732 3.89341
25.0742 3.92132
25.5752 3.94924
26.0763 3.97715
26.5789 3.97715
27.0815 4.0302
27.5841 4.08324
28.0867 4.13629
28.5893 4.18934
29.0919 4.24239
29.5945 4.29543
30.0971 4.34848
30.5952 4.34848
31.0933 4.34848
31.5914 4.34848
32.0894 4.34848
32.5875 4.34848
33.0856 4.34848
33.5837 4.34848
34.0818 4.34848
34.5799 4.34848
35.078 4.34848
35.5761 4.34848
36.0741 4.34848
36.5722 4.34848
37.0703 4.34848
37.5684 4.34848
38.0665 4.34848
38.5646 4.34848
39.0627 4.34848
39.5608 4.34848
40.0588 4.34848
40.5569 4.34848
41.055 4.34848
43.2913 4.54872
45.5275 4.54872
47.7638 4.54872
50.0 4.54872
0.0 1.32508
0.487004 1.32508
0.974007 1.50579
1.46101 1.6865
1.94801 1.86721
2.43502 2.04792
2.92202 2.22863
3.40902 2.40934
3.89603 2.59006
4.39789 2.59006
4.89975 2.63586
5.40161 2.68166
5.90347 2.72746
6.40533 2.77326
6.90719 2.81905
7.40905 2.86485
7.91091 2.91065
8.41277 2.95645
8.91463 3.00225
9.41649 3.04805
9.91835 3.09385
10.4202 3.13965
10.9221 3.18545
11.4239 3.23125
11.9258 3.27705
12.4277 3.32285
12.924 3.32285
13.4203 3.34552
13.9166 3.36819
14.4129 3.39086
14.9093 3.41353
15.4056 3.43619
15.9019 3.45886
16.3982 3.48153
16.8945 3.5042
17.3908 3.52687
17.8872 3.54954
18.3835 3.5722
18.8798 3.59487
19.3761 3.61754
19.8724 3.64021
20.3688 3.66288
20.8651 3.68554
21.345 3.68554
21.825 3.73235
22.3049 3.77915
22.7848 3.82595
23.2648 3.87275
23.7447 3.91955
24.2247 3.96635
24.7046 4.01315
25.1845 4.05995
25.6645 4.10675
26.1444 4.15355
26.6244 4.20035
27.138 4.20035
27.6517 4.20035
28.1654 4.20035
28.6791 4.20035
29.1927 4.20035
29.7064 4.20035
30.2201 4.20035
30.7338 4.20035
33.1421 4.4349
35.5503 4.4349
37.9586 4.4349
40.3669 4.4349
42.7752 4.4349
45.1834 4.4349
47.5917 4.4349
50.0 4.4349
0.0 1.25045
0.529242 1.25045
1.05848 1.61417
1.58773 1.97789
2.11697 2.34162
2.64621 2.70534
3.15257 2.70534
3.65893 2.7813
4.16528 2.85726
4.67164 2.93322
5.178 3.00918
5.68436 3.08514
6.19072 3.16109
6.69708 3.23705
7.20344 3.31301
7.70979 3.38897
8.21615 3.46493
8.72251 3.54089
9.223 3.54089
9.72349 3.57063
10.224 3.60036
10.7245 3.6301
11.225 3.65984
11.7254 3.68958
12.2259 3.71931
12.7264 3.74905
13.2269 3.77879
13.7274 3.80852
14.1879 3.80852
14.6484 3.77578
15.1089 3.74304
15.5694 3.71031
16.0299 3.67757
16.4904 3.64483
16.9715 3.64483
17.4527 3.64483
17.9338 3.64483
18.415 3.64483
18.8962 3.64483
19.3773 3.64483
19.8585 3.64483
22.3703 4.91525
24.8821 4.91525
27.3939 4.91525
29.9056 4.91525
32.4174 4.91525
34.9292 4.91525
37.441 4.91525
39.9528 4.91525
42.4646 4.91525
44.9764 4.91525
47.4882 4.91525
50.0 4.91525
0.0 1.31025
0.517287 1.31025
1.03457 1.5204
1.55186 1.73056
2.06915 1.94071
2.58644 2.15087
3.10372 2.36102
3.62101 2.57118
4.12978 2.57118
4.63854 2.62187
5.14731 2.67257
5.65607 2.72327
6.16484 2.77396
6.6736 2.82466
7.18237 2.87535
7.69113 2.92605
8.1999 2.97675
8.70867 3.02744
9.21743 3.07814
9.7262 3.12883
10.235 3.17953
10.7437 3.23023
11.2525 3.28092
11.7613 3.33162
12.2457 3.33162
12.7302 3.3622
13.2146 3.39279
13.6991 3.42338
14.1836 3.45396
14.668 3.48455
15.1525 3.51513
15.6369 3.54572
16.1214 3.57631
16.6058 3.60689
17.0903 3.63748
17.5748 3.66807
18.0634 3.66807
18.552 3.69854
19.0406 3.72902
19.5292 3.7595
20.0178 3.78997
20.5064 3.82045
20.995 3.85092
21.4836 3.8814
21.9722 3.91188
22.4608 3.94235
22.9494 3.97283
23.438 4.00331
23.9266 4.03378
24.4152 4.06426
24.9038 4.09474
25.3924 4.12521
25.881 4.15569
26.3697 4.18616
26.8583 4.21664
27.3515 4.21664
27.8447 4.21664
28.3379 4.21664
28.8312 4.21664
29.3244 4.21664
29.8176 4.21664
30.3109 4.21664
30.8041 4.21664
33.2036 4.42548
35.6031 4.42548
38.0026 4.42548
40.402 4.42548
42.8015 4.42548
45.201 4.42548
47.6005 4.42548
50.0 4.42548
0.0 1.20729
0.501105 1.20729
1.00221 1.47039
1.50332 1.7335
2.00442 1.99661
2.50553 2.25971
3.00663 2.52282
3.50078 2.52282
3.99493 2.59656
4.48909 2.6703
4.98324 2.74404
5.47739 2.81778
5.97154 2.89152
6.46569 2.96526
6.95984 3.039
7.454 3.11273
7.94815 3.18647
8.45082 3.18647
8.9535 3.16178
9.45618 3.13709
9.95885 3.1124
10.4615 3.08771
10.9642 3.06301
11.4669 3.03832
11.9696 3.01363
12.4722 2.98894
12.9999 2.98894
13.5275 3.25382
14.0551 3.51871
14.5827 3.78359
15.1103 4.04847
15.6158 4.04847
16.1212 4.04847
16.6266 4.04847
17.132 4.04847
17.6374 4.04847
18.1429 4.04847
18.6483 4.04847
19.1537 4.04847
19.6591 4.04847
20.1645 4.04847
20.67 4.04847
21.1754 4.04847
21.6808 4.04847
22.1862 4.04847
22.6916 4.04847
23.197 4.04847
23.7025 4.04847
24.2079 4.04847
24.7133 4.04847
25.2187 4.04847
25.7241 4.04847
26.2296 4.04847
26.735 4.04847
27.2404 4.04847
27.7458 4.04847
28.2512 4.04847
28.7567 4.04847
29.2621 4.04847
29.7675 4.04847
30.2729 4.04847
32.7388 4.50875
35.2047 4.50875
37.6706 4.50875
40.1365 4.50875
42.6023 4.50875
45.0682 4.50875
47.5341 4.50875
50.0 4.50875
0.0 1.31143
0.500425 1.31143
1.00085 1.55786
1.50128 1.80429
2.0017 2.05073
2.50213 2.29716
3.00255 2.54359
3.49839 2.54359
3.99423 2.58654
4.49006 2.62949
4.9859 2.67244
5.48174 2.71539
5.97758 2.75834
6.47341 2.80129
6.96925 2.84424
7.46509 2.88719
7.96092 2.93014
8.45676 2.97309
8.9526 3.01604
9.44844 3.05899
9.94427 3.10194
10.4401 3.14489
10.9359 3.18784
11.4318 3.23079
11.9276 3.27374
12.4235 3.31669
12.9275 3.31669
13.4315 3.43475
13.9355 3.55281
14.4395 3.67086
14.9435 3.78892
15.4299 3.78892
15.9164 3.81723
16.4029 3.84554
16.8894 3.87385
17.3759 3.90216
17.8624 3.93047
18.3488 3.95878
18.8353 3.98709
19.3218 4.0154
19.8083 4.04371
20.2948 4.07202
20.7813 4.10033
21.2677 4.12865
21.7599 4.12865
22.252 4.12865
22.7442 4.12865
23.2363 4.12865
23.7285 4.12865
24.2206 4.12865
24.7128 4.12865
25.2049 4.12865
25.6971 4.12865
26.1892 4.12865
26.6814 4.12865
27.1735 4.12865
27.6657 4.12865
28.1579 4.12865
28.65 4.12865
29.1422 4.12865
29.6343 4.12865
30.1265 4.12865
30.6186 4.12865
33.0413 4.33928
35.464 4.33928
37.8866 4.33928
40.3093 4.33928
42.732 4.33928
45.1547 4.33928
47.5773 4.33928
50.0 4.33928
0.0 1.16041
0.490176 1.16041
0.980351 1.40582
1.47053 1.65124
1.9607 1.89665
2.45088 2.14206
2.94105 2.38747
3.43123 2.63288
3.92141 2.87829
4.41823 2.87829
4.91505 2.88711
5.41187 2.89594
5.90869 2.90476
6.40552 2.91358
6.90234 2.9224
7.39916 2.93123
7.89598 2.94005
8.39281 2.94887
8.88963 2.9577
9.38645 2.96652
9.88327 2.97534
10.3801 2.98417
10.8769 2.99299
11.3737 3.00181
11.8706 3.01063
12.3691 3.01063
12.8677 3.0636
13.3662 3.11658
13.8647 3.16955
14.3633 3.22252
14.8618 3.27549
15.3604 3.32846
15.8589 3.38143
16.3575 3.4344
16.856 3.48737
17.3546 3.54034
17.8531 3.59331
18.3517 3.64628
18.8502 3.69925
19.3487 3.75222
19.8473 3.80519
20.3458 3.85816
20.8444 3.91113
21.3429 3.9641
21.8415 4.01707
22.34 4.07004
22.8386 4.12301
23.3371 4.17598
23.8646 4.17598
24.392 4.0596
24.9195 3.94322
25.447 3.82684
25.9933 3.82684
26.5396 3.82684
29.1463 4.46856
31.753 4.46856
34.3597 4.46856
36.9664 4.46856
39.5731 4.46856
42.1799 4.46856
44.7866 4.46856
47.3933 4.46856
50.0 4.46856
0.0 1.22795
0.487647 1.22795
0.975294 1.44863
1.46294 1.66932
1.95059 1.89
2.43823 2.11069
2.92588 2.33137
3.41353 2.55205
3.92145 2.55205
4.42936 2.61271
4.93728 2.67336
5.4452 2.73402
5.95311 2.79468
6.46103 2.85533
6.96894 2.91599
7.47686 2.97664
7.98478 3.0373
8.49269 3.09795
9.00061 3.15861
9.50853 3.21927
9.99704 3.21927
10.4855 3.19649
10.9741 3.17371
11.4626 3.15093
11.9511 3.12816
12.4396 3.10538
12.9281 3.0826
13.4166 3.05983
13.9051 3.03705
14.3936 3.01427
14.8569 3.01427
15.3202 3.22285
15.7834 3.43142
16.2467 3.64
16.7099 3.84857
17.1732 4.05715
17.6756 4.05715
18.1781 4.05715
18.6805 4.05715
19.183 4.05715
19.6854 4.05715
20.1879 4.05715
20.6903 4.05715
21.1928 4.05715
21.6952 4.05715
22.1976 4.05715
22.7001 4.05715
23.2025 4.05715
23.705 4.05715
24.2074 4.05715
24.7099 4.05715
25.2123 4.05715
25.7147 4.05715
26.2172 4.05715
26.7196 4.05715
27.2221 4.05715
27.7245 4.05715
28.227 4.05715
28.7294 4.05715
29.2319 4.05715
29.7343 4.05715
30.2367 4.05715
32.7072 4.5227
35.1776 4.5227
37.648 4.5227
40.1184 4.5227
42.5888 4.5227
45.0592 4.5227
47.5296 4.5227
50.0 4.5227
0.0 1.11471
0.471542 1.11471
0.943084 1.36171
1.41463 1.60872
1.88617 1.85572
2.35771 2.10273
2.82925 2.34973
3.30079 2.59674
3.77234 2.84374
4.27676 2.84374
4.78119 2.8581
5.28562 2.87246
5.79004 2.88682
6.29447 2.90117
6.7989 2.91553
7.30332 2.92989
7.80775 2.94424
8.31218 2.9586
8.8166 2.97296
9.32103 2.98732
9.82546 3.00167
10.3299 3.01603
10.8343 3.03039
11.3387 3.04474
11.8432 3.0591
12.3438 3.0591
12.8445 3.11077
13.3452 3.16244
13.8458 3.21411
14.3465 3.26578
14.8471 3.31745
15.3478 3.36912
15.8485 3.42079
16.3491 3.47246
16.8498 3.52413
17.3505 3.5758
17.8511 3.62747
18.3518 3.67914
18.8525 3.73081
19.3531 3.78248
19.8538 3.83414
20.3545 3.88581
20.8551 3.93748
21.3558 3.98915
21.8565 4.04082
22.3571 4.09249
22.8578 4.14416
23.3584 4.19583
23.867 4.19583
24.3756 4.00162
24.8842 3.80741
25.3542 3.80741
25.8241 3.80741
26.294 3.80741
28.928 4.49645
31.562 4.49645
34.196 4.49645
36.83 4.49645
39.464 4.49645
42.098 4.49645
44.732 4.49645
47.366 4.49645
50.0 4.49645
0.0 1.22499
0.486502 1.22499
0.973004 1.45472
1.45951 1.68445
1.94601 1.91417
2.43251 2.1439
2.91901 2.37363
3.40551 2.60335
3.88996 2.60335
4.37441 2.66031
4.85886 2.71726
5.34331 2.77421
5.82776 2.83116
6.31221 2.88812
6.79665 2.94507
7.2811 3.00202
7.76555 3.05897
8.25 3.11592
8.73445 3.17288
9.21945 3.17288
9.70445 3.15572
10.1894 3.13857
10.6744 3.12141
11.1594 3.10426
11.6444 3.08711
12.1294 3.06995
12.6144 3.0528
13.0994 3.03564
13.6121 3.03564
14.1248 3.08951
14.6374 3.14337
15.1501 3.19723
15.6627 3.25109
16.1754 3.30496
16.6881 3.35882
17.2007 3.41268
17.7134 3.46654
18.226 3.5204
18.7387 3.57427
19.2513 3.62813
19.764 3.68199
20.2767 3.73585
20.7893 3.78972
21.302 3.84358
21.8146 3.89744
22.3273 3.9513
22.84 4.00517
23.3336 4.00517
23.8272 4.00517
24.3208 4.00517
24.8144 4.00517
25.308 4.00517
25.8016 4.00517
26.2952 4.00517
26.7887 4.00517
27.2823 4.00517
27.7759 4.00517
28.2695 4.00517
28.7631 4.00517
29.2567 4.00517
29.7503 4.00517
30.2439 4.00517
32.7135 4.48551
35.183 4.48551
37.6525 4.48551
40.122 4.48551
42.5915 4.48551
45.061 4.48551
47.5305 4.48551
50.0 4.48551
0.0 1.21779
0.5245 1.21779
1.049 1.45469
1.5735 1.69158
2.098 1.92847
2.6225 2.16537
3.147 2.40226
3.6715 2.63915
4.1635 2.63915
4.65549 2.69577
5.14749 2.75239
5.63949 2.80901
6.13148 2.86563
6.62348 2.92225
7.11548 2.97886
7.60747 3.03548
8.09947 3.0921
8.59146 3.14872
9.08346 3.20534
9.61156 3.20534
10.1397 3.18187
10.6678 3.1584
11.1959 3.13492
11.724 3.11145
12.2521 3.08798
12.7802 3.06451
13.2824 3.06451
13.7846 3.13022
14.2868 3.19593
14.789 3.26165
15.2912 3.32736
15.7934 3.39307
16.2956 3.45879
16.7978 3.5245
17.3 3.59021
17.8022 3.65592
18.3044 3.72164
18.8067 3.78735
19.3089 3.85306
19.8111 3.91877
20.3133 3.98449
20.8112 3.98449
21.3092 3.98449
21.8072 3.98449
22.3051 3.98449
22.8031 3.98449
23.3011 3.98449
23.799 3.98449
24.297 3.98449
24.795 3.98449
25.2929 3.98449
25.7909 3.98449
26.2889 3.98449
26.7868 3.98449
27.2848 3.98449
27.7828 3.98449
28.2807 3.98449
28.7787 3.98449
29.2767 3.98449
29.7746 3.98449
30.2726 3.98449
32.7385 4.47282
35.2045 4.47282
37.6704 4.47282
40.1363 4.47282
42.6022 4.47282
45.0682 4.47282
47.5341 4.47282
50.0 4.47282
0.0 1.05895
0.537221 1.05895
1.07444 1.48765
1.61166 1.91634
2.14888 2.34504
2.6861 2.77373
3.18089 2.77373
3.67568 2.81199
4.17048 2.85025
4.66527 2.8885
5.16006 2.92676
5.65485 2.96502
6.14964 3.00327
6.64443 3.04153
7.13922 3.07978
7.63401 3.11804
8.1288 3.1563
8.62359 3.19455
9.11838 3.23281
9.61317 3.27106
10.108 3.30932
10.6028 3.34758
11.0975 3.38583
11.5923 3.42409
12.0871 3.46234
12.4064 3.46234
12.7256 3.47134
13.1967 3.47134
13.6678 3.39235
14.1389 3.31337
14.6099 3.23438
15.081 3.1554
15.5812 3.1554
16.0815 3.1554
16.5817 3.1554
19.1523 4.41605
21.723 4.41605
24.2936 4.41605
26.8643 4.41605
29.4349 4.41605
32.0055 4.41605
34.5762 4.41605
37.1468 4.41605
39.7174 4.41605
42.2881 4.41605
44.8587 4.41605
47.4294 4.41605
50.0 4.41605
0.0 1.33901
0.51869 1.33901
1.03738 1.57169
1.55607 1.80438
2.07476 2.03706
2.59345 2.26974
3.11214 2.50243
3.63083 2.73511
4.14952 2.9678
4.64517 2.9678
5.14082 2.97174
5.63647 2.97569
6.13211 2.97963
6.62776 2.98358
7.12341 2.98752
7.61906 2.99147
8.11471 2.99541
8.61036 2.99936
9.10601 3.0033
9.60166 3.00725
10.0973 3.01119
10.593 3.01514
11.0886 3.01908
11.5843 3.02303
12.0799 3.02697
12.5755 3.03092
13.0712 3.03486
13.5793 3.03486
14.0874 3.09879
14.5955 3.16273
15.1037 3.22666
15.6118 3.29059
16.1199 3.35452
16.628 3.41845
17.1361 3.48238
17.6442 3.54631
18.1523 3.61025
18.6605 3.67418
19.1686 3.73811
19.6767 3.80204
20.1848 3.86597
20.6929 3.9299
21.201 3.99384
21.7091 4.05777
22.2173 4.1217
22.7254 4.18563
23.2188 4.18563
23.7122 4.19535
24.2056 4.20507
24.699 4.2148
25.1924 4.22452
25.6858 4.23424
26.1792 4.24396
26.6726 4.25368
27.166 4.26341
27.6595 4.27313
28.1529 4.28285
28.6463 4.29257
29.1397 4.30229
29.6331 4.31202
30.1265 4.32174
30.6199 4.33146
31.1133 4.34118
31.6067 4.35091
32.1001 4.36063
32.5935 4.37035
33.0869 4.38007
33.5804 4.38979
34.0738 4.39952
34.5672 4.40924
35.0791 4.40924
35.5911 4.40924
36.103 4.40924
36.6149 4.40924
37.1269 4.40924
37.6388 4.40924
38.1508 4.40924
38.6627 4.40924
39.1747 4.40924
39.6866 4.40924
40.1985 4.40924
40.7105 4.40924
41.2224 4.40924
41.7344 4.40924
44.4896 4.62494
47.2448 4.62494
50.0 4.62494
0.0 1.16074
0.475361 1.16074
0.950722 1.47287
1.42608 1.785
1.90144 2.09714
2.37681 2.40927
2.87089 2.40927
3.36498 2.47136
3.85906 2.53345
4.35315 2.59554
4.84723 2.65763
5.34132 2.71972
5.8354 2.78181
6.32949 2.8439
6.82358 2.90599
7.31766 2.96809
7.81175 3.03018
8.30583 3.09227
8.79992 3.15436
9.294 3.21645
9.78809 3.27854
10.2822 3.34063
10.7763 3.40272
11.2703 3.46481
11.7644 3.5269
12.2806 3.5269
12.7968 3.55199
13.313 3.57709
13.8292 3.60218
14.3454 3.62727
14.8616 3.65236
15.3778 3.67745
15.8941 3.70255
16.4103 3.72764
16.9265 3.75273
17.4427 3.77782
17.9589 3.80292
18.4751 3.82801
18.9913 3.8531
19.5075 3.87819
19.9908 3.87819
20.474 3.89087
20.9573 3.90356
21.4406 3.91624
21.9239 3.92892
22.4072 3.9416
22.8905 3.95428
23.3738 3.96696
23.8571 3.97965
24.3404 3.99233
24.8236 4.00501
25.3069 4.01769
25.7902 4.03037
26.2647 4.03037
26.7391 4.03037
27.2136 4.03037
27.688 4.03037
28.1625 4.03037
28.6369 4.03037
29.1113 4.03037
29.5858 4.03037
30.0602 4.03037
32.5527 4.34999
35.0452 4.34999
37.5377 4.34999
40.0301 4.34999
42.5226 4.34999
45.0151 4.34999
47.5075 4.34999
50.0 4.34999
0.0 1.52762
0.30255 1.52762
0.775519 1.3149
1.24849 1.53206
1.72146 1.74922
2.19442 1.96638
2.66739 2.18354
3.14036 2.4007
3.61333 2.61786
4.0863 2.83502
4.55927 3.05218
5.06349 3.05218
5.56771 3.07386
6.07193 3.09554
6.57615 3.11722
7.08037 3.1389
7.58459 3.16058
8.08881 3.18226
8.59303 3.20394
9.09725 3.22563
9.60147 3.24731
10.1057 3.26899
10.6099 3.29067
11.1141 3.31235
11.6183 3.33403
12.1226 3.35571
12.6268 3.37739
13.131 3.39907
13.6352 3.42075
14.1394 3.44243
14.6437 3.46411
15.1479 3.48579
15.6521 3.50747
16.1563 3.52915
16.6605 3.55083
17.1648 3.57251
17.669 3.59419
18.1732 3.61587
18.6774 3.63755
19.1816 3.65923
19.6859 3.68091
20.1901 3.70259
20.6943 3.72427
21.1985 3.74595
21.7027 3.76763
22.207 3.78931
22.7112 3.81099
23.2033 3.81099
23.6955 3.86265
24.1877 3.9143
24.6798 3.96596
25.172 4.01762
25.6642 4.06927
26.1563 4.12093
26.6485 4.17258
27.1407 4.22424
27.6328 4.27589
28.125 4.32755
28.6171 4.3792
29.1093 4.43086
29.6121 4.43086
30.1148 4.43086
30.6176 4.43086
31.1204 4.43086
31.6231 4.43086
32.1259 4.43086
32.6287 4.43086
33.1314 4.43086
33.6342 4.43086
34.1369 4.43086
34.6397 4.43086
35.1425 4.43086
35.6452 4.43086
36.148 4.43086
36.6508 4.43086
37.1535 4.43086
37.6563 4.43086
38.1591 4.43086
38.6618 4.43086
39.1646 4.43086
39.6673 4.43086
40.1701 4.43086
40.6729 4.43086
41.1756 4.43086
43.3817 4.72274
45.5878 4.72274
47.7939 4.72274
50.0 4.72274
0.0 1.165
0.523402 1.165
1.0468 1.44966
1.57021 1.73432
2.09361 2.01899
2.61701 2.30365
3.14041 2.58831
3.66382 2.87298
4.16277 2.87298
4.66173 2.91189
5.16068 2.9508
5.65964 2.98972
6.15859 3.02863
6.65755 3.06754
7.1565 3.10646
7.65546 3.14537
8.15441 3.18428
8.65337 3.2232
9.15232 3.26211
9.65128 3.30102
10.1502 3.33994
10.6492 3.37885
11.1481 3.41776
11.6471 3.45668
12.1461 3.49559
12.645 3.5345
13.144 3.57342
13.6429 3.61233
14.1419 3.65124
14.6408 3.69016
15.149 3.69016
15.6571 3.73117
16.1652 3.77218
16.6734 3.81319
17.1815 3.8542
17.6896 3.89521
18.1977 3.93622
18.7059 3.97723
19.214 4.01823
19.7221 4.05924
20.2303 4.10025
20.7384 4.14126
21.2465 4.18227
21.7547 4.22328
22.2628 4.26429
22.7585 4.26429
23.2543 4.2691
23.7501 4.2739
24.2458 4.27871
24.7416 4.28351
25.2373 4.28832
25.7331 4.29312
26.2289 4.29793
26.7246 4.30273
27.2204 4.30753
27.7161 4.31234
28.2119 4.31714
28.7076 4.32195
29.2034 4.32675
29.6992 4.33156
30.1949 4.33636
30.6907 4.34116
31.1864 4.34597
31.6822 4.35077
32.1779 4.35558
32.6737 4.36038
33.1695 4.36519
33.6652 4.36999
34.161 4.3748
34.6567 4.3796
35.1525 4.3844
35.6483 4.38921
36.144 4.39401
36.6433 4.39401
37.1426 4.39401
37.6419 4.39401
38.1412 4.39401
38.6405 4.39401
39.1398 4.39401
39.639 4.39401
40.1383 4.39401
40.6376 4.39401
41.1369 4.39401
43.3527 4.54745
45.5685 4.54745
47.7842 4.54745
50.0 4.54745
0.0 1.34837
0.497006 1.34837
0.994011 1.53339
1.49102 1.71841
1.98802 1.90342
2.48503 2.08844
2.98203 2.27346
3.47904 2.45847
3.97605 2.64349
4.46054 2.64349
4.94503 2.76187
5.42952 2.88024
5.91401 2.99862
6.3985 3.117
6.883 3.23537
7.4091 3.23537
7.9352 3.22315
8.46131 3.21093
8.98741 3.19871
9.51352 3.18649
10.0396 3.17427
10.5657 3.16205
11.0918 3.14983
11.6179 3.13761
12.1183 3.13761
12.6187 3.17568
13.1191 3.21376
13.6195 3.25184
14.1199 3.28991
14.6203 3.32799
15.1207 3.36607
15.6211 3.40414
16.1215 3.44222
16.6219 3.48029
17.1223 3.51837
17.6227 3.55645
18.1231 3.59452
18.6235 3.6326
19.1239 3.67068
19.6243 3.70875
20.1247 3.74683
20.6251 3.78491
21.1255 3.82298
21.6259 3.86106
22.1263 3.89914
22.6267 3.93721
23.1189 3.93721
23.6112 3.93721
24.1034 3.93721
24.5956 3.93721
25.0878 3.93721
25.5801 3.93721
26.0723 3.93721
26.5645 3.93721
27.0568 3.93721
27.549 3.93721
28.0412 3.93721
28.5334 3.93721
29.0257 3.93721
29.5179 3.93721
30.0101 3.93721
30.5023 3.93721
32.9396 4.47063
35.3768 4.47063
37.814 4.47063
40.2512 4.47063
42.6884 4.47063
45.1256 4.47063
47.5628 4.47063
50.0 4.47063
0.0 1.15699
0.544401 1.15699
1.0888 1.63164
1.6332 2.10629
2.1776 2.58095
2.722 3.0556
3.1992 3.0556
3.67639 2.98758
4.15359 2.91955
4.63078 2.85153
5.10797 2.7835
5.58517 2.71548
6.06236 2.64746
6.61298 2.64746
7.16359 2.89339
7.71421 3.13933
8.20504 3.13933
8.69587 3.15061
9.18671 3.1619
9.67754 3.17318
10.1684 3.18447
10.6592 3.19576
11.15 3.20704
11.6409 3.21833
12.1317 3.22962
12.6225 3.2409
13.1134 3.25219
13.6042 3.26347
14.095 3.27476
14.6006 3.27476
15.1062 3.27476
15.6118 3.27476
16.1174 3.27476
16.623 3.27476
19.1905 4.60448
21.758 4.60448
24.3254 4.60448
26.8929 4.60448
29.4603 4.60448
32.0278 4.60448
34.5952 4.60448
37.1627 4.60448
39.7302 4.60448
42.2976 4.60448
44.8651 4.60448
47.4325 4.60448
50.0 4.60448
0.0 1.18337
0.536934 1.18337
1.07387 1.57395
1.6108 1.96454
2.14774 2.35513
2.68467 2.74572
3.19228 2.74572
3.69988 2.82151
4.20749 2.89731
4.7151 2.9731
5.2227 3.04889
5.73031 3.12469
6.23792 3.20048
6.74552 3.27627
7.25313 3.35206
7.76074 3.42786
8.26834 3.50365
8.78126 3.50365
9.29418 3.51666
9.8071 3.52967
10.32 3.54269
10.8329 3.5557
11.3459 3.56871
11.8588 3.58172
12.3717 3.59474
12.8846 3.60775
13.3975 3.62076
13.9105 3.63377
14.4234 3.64679
14.9363 3.6598
15.4492 3.67281
15.9621 3.68582
16.4751 3.69884
16.9685 3.69884
17.462 3.62846
17.9555 3.55808
18.4204 3.55808
18.8852 3.55808
19.3501 3.55808
19.815 3.55808
22.3304 4.78068
24.8459 4.78068
27.3613 4.78068
29.8767 4.78068
32.3921 4.78068
34.9075 4.78068
37.4229 4.78068
39.9383 4.78068
42.4538 4.78068
44.9692 4.78068
47.4846 4.78068
50.0 4.78068
0.0 1.50555
0.357413 1.50555
0.855715 1.37174
1.35402 1.60827
1.85232 1.8448
2.35062 2.08133
2.84893 2.31786
3.34723 2.5544
3.84553 2.79093
4.34384 3.02746
4.83966 3.02746
5.33549 3.05179
5.83132 3.07611
6.32714 3.10044
6.82297 3.12477
7.3188 3.1491
7.81463 3.17343
8.31045 3.19776
8.80628 3.22209
9.30211 3.24641
9.79793 3.27074
10.2938 3.29507
10.7896 3.3194
11.2854 3.34373
11.7812 3.36806
12.2771 3.39239
12.7729 3.41671
13.2687 3.44104
13.7646 3.46537
14.2604 3.4897
14.7562 3.51403
15.252 3.53836
15.7479 3.56269
16.2437 3.58702
16.7395 3.61134
17.2353 3.63567
17.7312 3.66
18.227 3.68433
18.7228 3.70866
19.2186 3.73299
19.7145 3.75732
20.2103 3.78164
20.7061 3.80597
21.202 3.8303
21.6978 3.85463
22.2108 3.85463
22.7239 3.90167
23.2369 3.94872
23.75 3.99576
24.263 4.04281
24.776 4.08985
25.2891 4.1369
25.8021 4.18394
26.3152 4.23099
26.8282 4.27803
27.3413 4.32508
27.8543 4.37212
28.3674 4.41917
28.8804 4.46621
29.3851 4.46621
29.8898 4.46621
30.3945 4.46621
30.8992 4.46621
31.4038 4.46621
31.9085 4.46621
32.4132 4.46621
32.9179 4.46621
33.4226 4.46621
33.9273 4.46621
34.432 4.46621
34.9367 4.46621
35.4414 4.46621
35.9461 4.46621
36.4508 4.46621
36.9554 4.46621
37.4601 4.46621
37.9648 4.46621
38.4695 4.46621
38.9742 4.46621
39.4789 4.46621
39.9836 4.46621
40.4883 4.46621
40.993 4.46621
43.2447 4.78231
45.4965 4.78231
47.7482 4.78231
50.0 4.78231
0.0 1.1861
0.519277 1.1861
1.03855 1.56439
1.55783 1.94267
2.07711 2.32095
2.59639 2.69923
3.08588 2.69923
3.57538 2.7492
4.06488 2.79916
4.55438 2.84913
5.04387 2.89909
5.53337 2.94906
6.02287 2.99902
6.51237 3.04899
7.00186 3.09895
7.49136 3.14891
7.98086 3.19888
8.47036 3.24884
8.95985 3.29881
9.44935 3.34877
9.93885 3.39874
10.4283 3.4487
10.9133 3.4487
11.3983 3.47055
11.8833 3.4924
12.3682 3.51425
12.8532 3.5361
13.3382 3.55794
13.8231 3.57979
14.3081 3.60164
14.7931 3.62349
15.2781 3.64534
15.763 3.66719
16.2939 3.66719
16.8247 3.64889
17.3555 3.63058
17.8863 3.61228
18.4171 3.59398
18.948 3.57568
19.4788 3.55737
19.7606 3.55737
22.2805 4.78599
24.8005 4.78599
27.3204 4.78599
29.8404 4.78599
32.3603 4.78599
34.8803 4.78599
37.4002 4.78599
39.9202 4.78599
42.4401 4.78599
44.9601 4.78599
47.48 4.78599
50.0 4.78599
0.0 1.30548
0.474031 1.30548
0.948062 1.54947
1.42209 1.79346
1.89612 2.03745
2.37016 2.28143
2.84419 2.52542
3.33668 2.52542
3.82917 2.56806
4.32167 2.6107
4.81416 2.65334
5.30666 2.69598
5.79915 2.73862
6.29164 2.78125
6.78414 2.82389
7.27663 2.86653
7.76912 2.90917
8.26162 2.95181
8.75411 2.99445
9.2466 3.03709
9.7391 3.07973
10.2316 3.12237
10.7241 3.16501
11.2166 3.20765
11.7091 3.25028
12.2016 3.29292
12.6941 3.33556
13.1866 3.3782
13.679 3.42084
14.1715 3.46348
14.664 3.50612
15.1565 3.54876
15.649 3.5914
16.1415 3.63404
16.6397 3.63404
17.1379 3.66411
17.6361 3.69419
18.1343 3.72426
18.6325 3.75434
19.1307 3.78442
19.6289 3.81449
20.1271 3.84457
20.6253 3.87464
21.1249 3.87464
21.6246 3.8861
22.1243 3.89757
22.6239 3.90903
23.1236 3.92049
23.6232 3.93195
24.1229 3.94341
24.6225 3.95487
25.1222 3.96634
25.6218 3.9778
26.1215 3.98926
26.6211 4.00072
27.1208 4.01218
27.6204 4.02364
28.1201 4.03511
28.6098 4.03511
29.0996 4.03511
29.5893 4.03511
30.0791 4.03511
30.5688 4.03511
32.9977 4.36604
35.4266 4.36604
37.8555 4.36604
40.2844 4.36604
42.7133 4.36604
45.1422 4.36604
47.5711 4.36604
50.0 4.36604
0.0 1.17552
0.513116 1.17552
1.02623 1.5619
1.53935 1.94828
2.05246 2.33466
2.56558 2.72104
3.07021 2.72104
3.57483 2.79637
4.07946 2.87171
4.58409 2.94705
5.08871 3.02239
5.59334 3.09772
6.09797 3.17306
6.60259 3.2484
7.10722 3.32374
7.61185 3.39908
8.11647 3.47441
8.62658 3.47441
9.13669 3.48532
9.6468 3.49622
10.1569 3.50712
10.667 3.51802
11.1771 3.52893
11.6872 3.53983
12.1973 3.55073
12.7075 3.56163
13.2176 3.57253
13.7277 3.58344
14.2378 3.59434
14.726 3.59434
15.2141 3.60217
15.7023 3.61001
16.1905 3.61784
16.6787 3.62568
17.1669 3.63351
17.655 3.64135
18.1432 3.64919
18.6314 3.65702
19.1759 3.65702
19.7205 3.65702
22.2438 4.77166
24.767 4.77166
27.2903 4.77166
29.8136 4.77166
32.3369 4.77166
34.8602 4.77166
37.3835 4.77166
39.9068 4.77166
42.4301 4.77166
44.9534 4.77166
47.4767 4.77166
50.0 4.77166
0.0 1.20386
0.477529 1.20386
0.955057 1.52331
1.43259 1.84276
1.91011 2.16221
2.38764 2.48166
2.86517 2.80111
3.36344 2.80111
3.8617 2.86557
4.35997 2.93003
4.85823 2.99449
5.35649 3.05895
5.85476 3.12341
6.35302 3.18787
6.85129 3.25233
7.34955 3.31678
7.84782 3.38124
8.34608 3.4457
8.85748 3.4457
9.36887 3.46333
9.88026 3.48096
10.3917 3.49859
10.9031 3.51622
11.4144 3.53385
11.9258 3.55148
12.4372 3.56911
12.9486 3.58674
13.4339 3.58674
13.9192 3.59352
14.4044 3.60031
14.8897 3.60709
15.375 3.61387
15.8602 3.62065
16.3455 3.62744
16.8308 3.63422
17.3161 3.641
17.8013 3.64778
18.2866 3.65457
18.7453 3.65457
19.2039 3.65457
19.6626 3.65457
22.1907 4.74518
24.7188 4.74518
27.2469 4.74518
29.7751 4.74518
32.3032 4.74518
34.8313 4.74518
37.3594 4.74518
39.8875 4.74518
42.4156 4.74518
44.9438 4.74518
47.4719 4.74518
50.0 4.74518
0.0 1.29791
0.501213 1.29791
1.00243 1.52117
1.50364 1.74443
2.00485 1.9677
2.50606 2.19096
3.00728 2.41422
3.50849 2.63748
3.99657 2.63748
4.48466 2.72765
4.97274 2.81783
5.46082 2.908
5.9489 2.99817
6.43699 3.08835
6.92507 3.17852
7.41315 3.26869
7.94033 3.26869
8.4675 3.23577
8.99468 3.20285
9.52186 3.16992
10.049 3.137
10.5762 3.10408
11.1034 3.07115
11.6306 3.03823
12.1309 3.03823
12.6312 3.09058
13.1315 3.14292
13.6318 3.19527
14.1321 3.24761
14.6325 3.29996
15.1328 3.3523
15.6331 3.40465
16.1334 3.457
16.6337 3.50934
17.134 3.56169
17.6343 3.61403
18.1347 3.66638
18.635 3.71872
19.1353 3.77107
19.6356 3.82341
20.1359 3.87576
20.6362 3.92811
21.1316 3.92811
21.627 3.92811
22.1224 3.92811
22.6178 3.92811
23.1132 3.92811
23.6086 3.92811
24.104 3.92811
24.5994 3.92811
25.0948 3.92811
25.5902 3.92811
26.0855 3.92811
26.5809 3.92811
27.0763 3.92811
27.5717 3.92811
28.0671 3.92811
28.5625 3.92811
29.0579 3.92811
29.5533 3.92811
30.0487 3.92811
30.5441 3.92811
32.9761 4.52168
35.4081 4.52168
37.84 4.52168
40.272 4.52168
42.704 4.52168
45.136 4.52168
47.568 4.52168
50.0 4.52168
0.0 1.24174
0.528237 1.24174
1.05647 1.53009
1.58471 1.81845
2.11295 2.1068
2.64119 2.39515
3.16942 2.68351
3.69766 2.97186
4.20775 2.97186
4.71784 2.9728
5.22793 2.97374
5.73803 2.97468
6.24812 2.97562
6.75821 2.97656
7.2683 2.9775
7.77839 2.97844
8.28848 2.97938
8.79857 2.98032
9.30866 2.98126
9.81875 2.9822
10.3288 2.98314
10.8389 2.98408
11.3497 2.98408
11.8605 3.04153
12.3713 3.09897
12.8821 3.15642
13.3929 3.21386
13.9037 3.27131
14.4145 3.32875
14.9252 3.3862
15.436 3.44364
15.9468 3.50109
16.4576 3.55853
16.9684 3.61598
17.4792 3.67342
17.99 3.73087
18.5008 3.78831
19.0116 3.84576
19.5223 3.9032
20.0331 3.96064
20.5439 4.01809
21.0547 4.07553
21.5655 4.13298
22.0763 4.19042
22.5871 4.24787
23.0883 4.24787
23.5896 4.25437
24.0909 4.26088
24.5921 4.26738
25.0934 4.27389
25.5946 4.28039
26.0959 4.28689
26.5971 4.2934
27.0984 4.2999
27.5997 4.30641
28.1009 4.31291
28.6022 4.31941
29.1034 4.32592
29.6047 4.33242
30.106 4.33893
30.6072 4.34543
31.1085 4.35193
31.6097 4.35844
32.111 4.36494
32.6123 4.37145
33.1135 4.37795
33.6148 4.38445
34.116 4.39096
34.6173 4.39746
35.1185 4.40397
35.6198 4.41047
36.1211 4.41697
36.6223 4.42348
37.1236 4.42998
37.6248 4.43649
38.1009 4.43649
38.577 4.43649
39.053 4.43649
39.5291 4.43649
40.0052 4.43649
40.4812 4.43649
40.9573 4.43649
41.4333 4.43649
41.9094 4.43649
44.6063 4.62705
47.3031 4.62705
50.0 4.62705
0.0 1.26211
0.48662 1.26211
0.97324 1.44819
1.45986 1.63427
1.94648 1.82035
2.4331 2.00643
2.91972 2.19251
3.40634 2.37858
3.89296 2.56466
4.41143 2.56466
4.92991 2.69078
5.44838 2.81689
5.96685 2.943
6.48533 3.06912
7.0038 3.19523
7.52227 3.32134
8.00327 3.32134
8.48427 3.29702
8.96526 3.27271
9.44626 3.24839
9.92726 3.22407
10.4083 3.19975
10.8893 3.17544
11.3702 3.15112
11.8512 3.1268
12.3322 3.10248
12.8132 3.07817
13.3059 3.07817
13.7986 3.12489
14.2913 3.17162
14.784 3.21835
15.2767 3.26508
15.7694 3.3118
16.2621 3.35853
16.7548 3.40526
17.2475 3.45199
17.7402 3.49872
18.2329 3.54544
18.7255 3.59217
19.2182 3.6389
19.7109 3.68563
20.2036 3.73235
20.6963 3.77908
21.189 3.82581
21.6817 3.87254
22.1744 3.91927
22.6669 3.91927
23.1595 3.91927
23.652 3.91927
24.1445 3.91927
24.6371 3.91927
25.1296 3.91927
25.6222 3.91927
26.1147 3.91927
26.6072 3.91927
27.0998 3.91927
27.5923 3.91927
28.0849 3.91927
28.5774 3.91927
29.0699 3.91927
29.5625 3.91927
30.055 3.91927
30.5475 3.91927
32.9791 4.56978
35.4107 4.56978
37.8422 4.56978
40.2738 4.56978
42.7053 4.56978
45.1369 4.56978
47.5684 4.56978
50.0 4.56978
0.0 1.47969
0.478524 1.47969
0.957049 1.67358
1.43557 1.86748
1.9141 2.06138
2.39262 2.25528
2.87115 2.44918
3.34967 2.64308
3.82819 2.83697
4.03074 2.83697
4.51004 2.73708
4.98933 2.82561
5.46863 2.91414
5.94793 3.00266
6.42723 3.09119
6.90652 3.17972
7.38582 3.26825
7.86512 3.35677
8.35785 3.35677
8.85058 3.34894
9.34331 3.3411
9.83604 3.33326
10.3288 3.32543
10.8215 3.31759
11.3142 3.30976
11.807 3.30192
12.2997 3.29408
12.7924 3.28625
13.2851 3.27841
13.7779 3.27057
14.2706 3.26274
14.7694 3.26274
15.2682 3.26274
15.767 3.26274
16.2658 3.26274
16.7646 3.26274
17.2634 3.26274
17.7622 3.26274
18.261 3.26274
18.7598 3.26274
19.2586 3.26274
21.8204 4.51681
24.3821 4.51681
26.9439 4.51681
29.5057 4.51681
32.0675 4.51681
34.6293 4.51681
37.1911 4.51681
39.7529 4.51681
42.3146 4.51681
44.8764 4.51681
47.4382 4.51681
50.0 4.51681
0.0 1.13668
0.472919 1.13668
0.945838 1.41429
1.41876 1.69189
1.89168 1.9695
2.36459 2.2471
2.83751 2.52471
3.31043 2.80232
3.78335 3.07992
4.27577 3.07992
4.76818 3.08217
5.2606 3.08442
5.75302 3.08667
6.24543 3.08893
6.73785 3.09118
7.23026 3.09343
7.72268 3.09568
8.21509 3.09793
8.70751 3.10018
9.19993 3.10243
9.69234 3.10468
10.1848 3.10693
10.6772 3.10918
11.1696 3.11144
11.662 3.11369
12.1544 3.11594
12.6468 3.11819
13.1393 3.12044
13.6405 3.12044
14.1417 3.18896
14.6429 3.25748
15.1441 3.326
15.6453 3.39451
16.1465 3.46303
16.6477 3.53155
17.1489 3.60007
17.6501 3.66859
18.1513 3.73711
18.6525 3.80563
19.1537 3.87414
19.6549 3.94266
20.1561 4.01118
20.6573 4.0797
21.1585 4.14822
21.6597 4.21674
22.1589 4.21674
22.6581 4.22834
23.1573 4.23994
23.6564 4.25155
24.1556 4.26315
24.6548 4.27475
25.154 4.28635
25.6532 4.29796
26.1524 4.30956
26.6515 4.32116
27.1507 4.33276
27.6499 4.34437
28.1491 4.35597
28.6483 4.36757
29.1475 4.37917
29.6466 4.39078
30.1458 4.40238
30.645 4.41398
31.1442 4.42558
31.6434 4.43719
32.1426 4.44879
32.6417 4.46039
33.1409 4.472
33.6401 4.4836
34.1393 4.4952
34.6385 4.5068
35.1377 4.51841
35.6368 4.53001
36.136 4.54161
36.6352 4.55321
37.1344 4.56482
37.6293 4.56482
38.1242 4.56482
38.6192 4.56482
39.1141 4.56482
39.609 4.56482
40.1039 4.56482
40.5989 4.56482
41.0938 4.56482
41.5887 4.56482
42.0836 4.56482
44.7224 4.81164
47.3612 4.81164
50.0 4.81164
0.0 1.29461
0.541373 1.29461
1.08275 1.61225
1.62412 1.92989
2.16549 2.24754
2.70686 2.56518
3.21354 2.56518
3.72023 2.60674
4.22691 2.6483
4.73359 2.68985
5.24027 2.73141
5.74695 2.77297
6.25363 2.81452
6.76031 2.85608
7.26699 2.89763
7.77367 2.93919
8.28035 2.98075
8.78703 3.0223
9.29371 3.06386
9.8004 3.10542
10.3071 3.14697
10.8138 3.18853
11.3204 3.23009
11.8271 3.27164
12.3338 3.3132
12.8405 3.35476
13.3472 3.39631
13.8538 3.43787
14.3605 3.47943
14.8612 3.47943
15.362 3.52715
15.8627 3.57487
16.3634 3.62259
16.8642 3.67031
17.3649 3.71803
17.8642 3.71803
18.3636 3.73234
18.863 3.74666
19.3623 3.76097
19.8617 3.77528
20.3611 3.78959
20.8604 3.80391
21.3598 3.81822
21.8592 3.83253
22.3585 3.84684
22.8579 3.86116
23.3573 3.87547
23.8566 3.88978
24.356 3.9041
24.8554 3.91841
25.3547 3.93272
25.8541 3.94703
26.3535 3.96135
26.8529 3.97566
27.3304 3.97566
27.8079 3.97566
28.2854 3.97566
28.7629 3.97566
29.2404 3.97566
29.7179 3.97566
30.1955 3.97566
30.673 3.97566
33.0888 4.43551
35.5047 4.43551
37.9206 4.43551
40.3365 4.43551
42.7524 4.43551
45.1682 4.43551
47.5841 4.43551
50.0 4.43551
0.0 1.40348
0.519083 1.40348
1.03817 1.61722
1.55725 1.83096
2.07633 2.0447
2.59542 2.25844
3.1145 2.47218
3.63358 2.68592
3.91151 2.68592
4.41995 2.74805
4.9284 2.84695
5.43684 2.94584
5.94529 3.04474
6.45374 3.14364
6.96218 3.24253
7.47063 3.34143
7.98243 3.34143
8.49422 3.3388
9.00602 3.33617
9.51782 3.33355
10.0296 3.33092
10.5414 3.32829
11.0532 3.32567
11.565 3.32304
12.0768 3.32041
12.5886 3.31779
13.1004 3.31516
13.6122 3.31253
14.124 3.3099
14.6357 3.3099
15.1475 3.3099
15.6592 3.3099
16.171 3.3099
16.6827 3.3099
17.1945 3.3099
17.7062 3.3099
18.2179 3.3099
18.7297 3.3099
19.2414 3.3099
21.8047 4.5216
24.3679 4.5216
26.9311 4.5216
29.4943 4.5216
32.0575 4.5216
34.6207 4.5216
37.1839 4.5216
39.7471 4.5216
42.3104 4.5216
44.8736 4.5216
47.4368 4.5216
50.0 4.5216
0.0 1.2365
0.534683 1.2365
1.06937 1.45914
1.60405 1.68177
2.13873 1.90441
2.67342 2.12704
3.2081 2.34968
3.74278 2.57232
4.25225 2.57232
4.76171 2.70285
5.27118 2.83339
5.78064 2.96393
6.29011 3.09447
6.79958 3.22501
7.30904 3.35555
7.8868 3.35555
8.46456 3.24155
9.04232 3.12754
9.54976 3.12754
10.0572 3.16296
10.5646 3.19838
11.0721 3.23381
11.5795 3.26923
12.087 3.30465
12.5944 3.34008
13.1018 3.3755
13.6093 3.41092
14.1167 3.44634
14.6241 3.48177
15.1316 3.51719
15.639 3.55261
16.1465 3.58804
16.6539 3.62346
17.1613 3.65888
17.6688 3.6943
18.1762 3.72973
18.6837 3.76515
19.1911 3.80057
19.6985 3.83599
20.206 3.87142
20.7134 3.90684
21.2209 3.94226
21.7283 3.97769
22.2203 3.97769
22.7123 3.97769
23.2043 3.97769
23.6963 3.97769
24.1883 3.97769
24.6804 3.97769
25.1724 3.97769
25.6644 3.97769
26.1564 3.97769
26.6484 3.97769
27.1404 3.97769
27.6324 3.97769
28.1244 3.97769
28.6164 3.97769
29.1085 3.97769
29.6005 3.97769
30.0925 3.97769
30.5845 3.97769
33.0114 4.47249
35.4384 4.47249
37.8653 4.47249
40.2922 4.47249
42.7192 4.47249
45.1461 4.47249
47.5731 4.47249
50.0 4.47249
0.0 1.41171
0.535146 1.41171
1.07029 1.63593
1.60544 1.86014
2.14059 2.08436
2.67573 2.30858
3.21088 2.5328
3.74603 2.75702
4.24331 2.75702
4.7406 2.7481
5.23789 2.73918
5.76786 2.73918
6.29782 2.85581
6.82779 2.97244
7.35775 3.08907
7.88771 3.2057
8.41768 3.32233
8.94764 3.43896
9.44636 3.43896
9.94507 3.42466
10.4438 3.41036
10.9425 3.39605
11.4412 3.38175
11.9399 3.36745
12.4387 3.35315
12.9374 3.33884
13.4361 3.32454
13.9348 3.31024
14.4335 3.29594
14.9322 3.28163
15.431 3.26733
15.9473 3.26733
16.4636 3.26733
16.9799 3.26733
17.4962 3.26733
18.0126 3.26733
18.5289 3.26733
19.0452 3.26733
21.6248 4.54874
24.2043 4.54874
26.7839 4.54874
29.3635 4.54874
31.943 4.54874
34.5226 4.54874
37.1022 4.54874
39.6817 4.54874
42.2613 4.54874
44.8409 4.54874
47.4204 4.54874
50.0 4.54874
0.0 1.2052
0.544928 1.2052
1.08986 1.61101
1.63478 2.01681
2.17971 2.42262
2.72464 2.82842
3.22979 2.82842
3.73494 2.87674
4.24009 2.92506
4.74524 2.97337
5.25038 3.02169
5.75553 3.07001
6.26068 3.11833
6.76583 3.16665
7.27098 3.21497
7.77613 3.26329
8.28128 3.3116
8.78643 3.35992
9.29158 3.40824
9.79673 3.45656
10.3007 3.45656
10.8046 3.47675
11.3086 3.49694
11.8126 3.51714
12.3165 3.53733
12.8269 3.53733
13.3374 3.5415
13.8478 3.54566
14.3582 3.54983
14.8687 3.554
15.3791 3.55817
15.8895 3.56233
16.3999 3.5665
16.9104 3.57067
17.4208 3.57484
17.9312 3.579
18.4032 3.579
18.8753 3.579
19.3473 3.579
19.8193 3.579
22.3343 4.75436
24.8494 4.75436
27.3645 4.75436
29.8795 4.75436
32.3946 4.75436
34.9096 4.75436
37.4247 4.75436
39.9398 4.75436
42.4548 4.75436
44.9699 4.75436
47.4849 4.75436
50.0 4.75436
0.0 1.14096
0.538692 1.14096
1.07738 1.61244
1.61607 2.08391
2.15477 2.55538
2.69346 3.02686
3.21997 3.02686
3.74649 2.95879
4.27301 2.89072
4.79953 2.82266
5.32604 2.75459
5.85256 2.68652
6.33986 2.68652
6.82716 2.8089
7.31446 2.93127
7.80176 3.05365
8.28906 3.17602
8.80588 3.17602
9.3227 3.19301
9.83952 3.21
10.3563 3.227
10.8732 3.24399
11.39 3.26098
11.9068 3.27797
12.3967 3.27797
12.8867 3.27797
13.3766 3.27797
13.8666 3.27797
14.3565 3.27797
14.8465 3.27797
15.3364 3.27797
15.8263 3.27797
16.3163 3.27797
18.9073 4.50712
21.4984 4.50712
24.0895 4.50712
26.6805 4.50712
29.2716 4.50712
31.8626 4.50712
34.4537 4.50712
37.0447 4.50712
39.6358 4.50712
42.2268 4.50712
44.8179 4.50712
47.4089 4.50712
50.0 4.50712
0.0 1.09348
0.521407 1.09348
1.04281 1.38215
1.56422 1.67082
2.08563 1.95949
2.60703 2.24815
3.12844 2.53682
3.64985 2.82549
4.14144 2.82549
4.63302 2.83708
5.12461 2.84867
5.6162 2.86027
6.10779 2.87186
6.59938 2.88345
7.09096 2.89504
7.58255 2.90663
8.07414 2.91822
8.56573 2.92981
9.05732 2.94141
9.5489 2.953
10.0405 2.96459
10.5321 2.97618
11.0368 2.97618
11.5416 3.02511
12.0464 3.07403
12.5511 3.12296
13.0559 3.17188
13.5606 3.22081
14.0654 3.26973
14.5701 3.31866
15.0749 3.36758
15.5796 3.41651
16.0844 3.46543
16.5892 3.51436
17.0939 3.56328
17.5987 3.61221
18.1034 3.66113
18.6082 3.71006
19.1129 3.75898
19.6177 3.80791
20.1225 3.85683
20.6272 3.90576
21.132 3.95468
21.6367 4.00361
22.1415 4.05253
22.6462 4.10146
23.2637 4.10146
23.8812 3.81181
24.391 3.81181
24.9007 3.81181
25.4104 3.81181
25.9202 3.81181
26.4299 3.81181
29.0488 4.46967
31.6677 4.46967
34.2866 4.46967
36.9055 4.46967
39.5244 4.46967
42.1433 4.46967
44.7622 4.46967
47.3811 4.46967
50.0 4.46967
0.0 1.21467
0.494165 1.21467
0.988329 1.44413
1.48249 1.67358
1.97666 1.90304
2.47082 2.1325
2.96499 2.36196
3.45915 2.59141
3.99476 2.59141
4.53038 2.71623
5.06599 2.84104
5.6016 2.96586
6.13722 3.09067
6.67283 3.21548
7.20844 3.3403
7.73137 3.3403
8.25429 3.31695
8.77722 3.29361
9.30014 3.27027
9.82307 3.24693
10.346 3.22358
10.8689 3.20024
11.3918 3.1769
11.9148 3.15356
12.4082 3.15356
12.9017 3.21518
13.3952 3.2768
13.8886 3.33842
14.3821 3.40005
14.8755 3.46167
15.369 3.52329
15.8625 3.58491
16.3559 3.64654
16.8494 3.70816
17.3428 3.76978
17.8363 3.8314
18.3298 3.89303
18.8232 3.95465
19.3167 4.01627
19.8277 4.01627
20.3388 4.01627
20.8498 4.01627
21.3609 4.01627
21.8719 4.01627
22.3829 4.01627
22.894 4.01627
23.405 4.01627
23.9161 4.01627
24.4271 4.01627
24.9382 4.01627
25.4492 4.01627
25.9602 4.01627
26.4713 4.01627
26.9823 4.01627
27.4934 4.01627
28.0044 4.01627
28.5155 4.01627
29.0265 4.01627
29.5376 4.01627
30.0486 4.01627
30.5596 4.01627
32.9897 4.5505
35.4197 4.5505
37.8498 4.5505
40.2798 4.5505
42.7099 4.5505
45.1399 4.5505
47.57 4.5505
50.0 4.5505
0.0 1.21132
0.540023 1.21132
1.08005 1.61744
1.62007 2.02357
2.16009 2.4297
2.70012 2.83583
3.18528 2.83583
3.67045 2.88314
4.15562 2.93046
4.64078 2.97777
5.12595 3.02509
5.61112 3.0724
6.09628 3.11972
6.58145 3.16704
7.06662 3.21435
7.55178 3.26167
8.03695 3.30898
8.52211 3.3563
9.00728 3.40361
9.49245 3.45093
9.97761 3.49824
10.4829 3.49824
10.9882 3.50131
11.4934 3.50439
11.9987 3.50746
12.504 3.51053
13.0092 3.51361
13.5145 3.51668
14.0198 3.51975
14.5343 3.51975
15.0489 3.53173
15.5634 3.5437
16.078 3.55567
16.5925 3.56765
17.1071 3.57962
17.6216 3.59159
18.1362 3.60357
18.6507 3.61554
19.0922 3.61554
19.5337 3.61554
19.9752 3.61554
22.4773 4.71471
24.9793 4.71471
27.4814 4.71471
29.9835 4.71471
32.4855 4.71471
34.9876 4.71471
37.4897 4.71471
39.9917 4.71471
42.4938 4.71471
44.9959 4.71471
47.4979 4.71471
50.0 4.71471
0.0 1.30533
0.462932 1.30533
0.925864 1.54431
1.3888 1.7833
1.85173 2.02228
2.31466 2.26127
2.77759 2.50025
3.28713 2.50025
3.79666 2.55141
4.30619 2.60258
4.81573 2.65374
5.32526 2.70491
5.8348 2.75607
6.34433 2.80724
6.85387 2.8584
7.3634 2.90957
7.87294 2.96073
8.38247 3.01189
8.892 3.06306
9.40154 3.11422
9.91107 3.16539
10.4206 3.21655
10.9301 3.26772
11.4397 3.31888
11.9492 3.37005
12.4587 3.42121
12.9683 3.47238
13.4778 3.52354
13.9873 3.57471
14.5078 3.57471
15.0282 3.67012
15.5486 3.76554
16.0435 3.76554
16.5383 3.77989
17.0331 3.79424
17.528 3.80859
18.0228 3.82294
18.5176 3.83729
19.0125 3.85164
19.5073 3.86599
20.0021 3.88034
20.497 3.89469
20.9918 3.90904
21.4866 3.92339
21.9815 3.93774
22.4763 3.95209
22.9712 3.96644
23.466 3.98079
23.9608 3.99514
24.4557 4.00949
24.9505 4.02384
25.4453 4.03819
25.93 4.03819
26.4147 4.03819
26.8994 4.03819
27.3841 4.03819
27.8688 4.03819
28.3535 4.03819
28.8382 4.03819
29.3228 4.03819
29.8075 4.03819
30.2922 4.03819
30.7769 4.03819
33.1798 4.3773
35.5827 4.3773
37.9856 4.3773
40.3885 4.3773
42.7913 4.3773
45.1942 4.3773
47.5971 4.3773
50.0 4.3773
0.0 1.36631
0.508951 1.36631
1.0179 1.61601
1.52685 1.86571
2.0358 2.11541
2.54476 2.36511
3.05371 2.61481
3.56266 2.86451
4.15286 2.86451
4.74307 2.69338
5.25821 2.69338
5.77335 2.76354
6.28849 2.83371
6.80363 2.90387
7.31877 2.97403
7.83392 3.04419
8.34906 3.11436
8.8642 3.18452
9.37934 3.25468
9.89448 3.32484
10.391 3.32484
10.8875 3.3168
11.384 3.30875
11.8805 3.3007
12.3769 3.29266
12.8734 3.28461
13.3699 3.27657
13.8664 3.26852
14.3629 3.26047
14.8594 3.25243
15.3559 3.24438
15.8524 3.23634
16.3489 3.22829
16.8454 3.22025
17.3419 3.2122
17.8384 3.20415
18.3229 3.20415
18.8074 3.20415
21.4068 4.51964
24.0062 4.51964
26.6056 4.51964
29.205 4.51964
31.8043 4.51964
34.4037 4.51964
37.0031 4.51964
39.6025 4.51964
42.2019 4.51964
44.8012 4.51964
47.4006 4.51964
50.0 4.51964
0.0 1.21134
0.541435 1.21134
1.08287 1.54582
1.6243 1.88029
2.16574 2.21477
2.70717 2.54924
3.24861 2.88371
3.74582 2.88371
4.24302 2.94778
4.74023 3.01185
5.23743 3.07593
5.73464 3.14
6.23185 3.20407
6.72905 3.26814
7.22626 3.33221
7.72347 3.39628
8.22067 3.46035
8.71788 3.52442
9.2429 3.52442
9.76793 3.52678
10.293 3.52914
10.818 3.5315
11.343 3.53386
11.843 3.53386
12.343 3.54058
12.843 3.5473
13.3429 3.55402
13.8429 3.56073
14.3429 3.56745
14.8429 3.57417
15.3429 3.58089
15.8429 3.5876
16.3428 3.59432
16.8428 3.60104
17.3428 3.60776
17.8428 3.61447
18.3428 3.62119
18.8428 3.62791
19.3546 3.62791
19.8665 3.62791
22.3776 4.6812
24.8887 4.6812
27.3999 4.6812
29.911 4.6812
32.4221 4.6812
34.9332 4.6812
37.4444 4.6812
39.9555 4.6812
42.4666 4.6812
44.9777 4.6812
47.4889 4.6812
50.0 4.6812
0.0 1.30148
0.514061 1.30148
1.02812 1.56298
1.54218 1.82448
2.05624 2.08598
2.5703 2.34748
3.08437 2.60897
3.59843 2.87047
4.04285 2.87047
4.51844 2.75005
4.99402 2.85876
5.46961 2.96748
5.94519 3.07619
6.42078 3.1849
6.89637 3.29362
7.37195 3.40233
7.88296 3.40233
8.39397 3.39326
8.90497 3.38419
9.41598 3.37512
9.92698 3.36605
10.438 3.35698
10.949 3.34791
11.46 3.33884
11.971 3.32978
12.482 3.32071
12.993 3.31164
13.504 3.30257
14.015 3.2935
14.5013 3.2935
14.9876 3.2935
15.4738 3.2935
15.9601 3.2935
16.4464 3.2935
16.9326 3.2935
17.4189 3.2935
17.9051 3.2935
18.3914 3.2935
18.8777 3.2935
21.4712 4.51149
24.0647 4.51149
26.6583 4.51149
29.2518 4.51149
31.8453 4.51149
34.4388 4.51149
37.0324 4.51149
39.6259 4.51149
42.2194 4.51149
44.8129 4.51149
47.4065 4.51149
50.0 4.51149
0.0 1.11185
0.549087 1.11185
1.09817 1.5786
1.64726 2.04534
2.19635 2.51209
2.74543 2.97883
3.26779 2.97883
3.79014 2.91982
4.31249 2.86081
4.83484 2.8018
5.3572 2.74279
5.87955 2.68378
6.4337 2.68378
6.98785 2.8457
7.542 3.00761
8.09615 3.16952
8.57116 3.16952
9.04617 3.19962
9.52118 3.22972
9.99618 3.25983
10.4712 3.28993
10.9462 3.32003
11.4212 3.35013
11.9479 3.35013
12.4746 3.35013
13.0013 3.35013
13.528 3.35013
14.0547 3.35013
14.5814 3.35013
15.1081 3.35013
15.6348 3.35013
16.1615 3.35013
18.5786 4.52723
20.9956 4.52723
23.4126 4.52723
25.8297 4.52723
28.2467 4.52723
30.6637 4.52723
33.0808 4.52723
35.4978 4.52723
37.9148 4.52723
40.3319 4.52723
42.7489 4.52723
45.1659 4.52723
47.583 4.52723
50.0 4.52723
0.0 1.15055
0.459607 1.15055
0.919214 1.48609
1.37882 1.82164
1.83843 2.15719
2.29804 2.49273
2.75764 2.82828
3.26325 2.82828
3.76886 2.88991
4.27447 2.95154
4.78007 3.01316
5.28568 3.07479
5.79129 3.13642
6.2969 3.19805
6.8025 3.25967
7.30811 3.3213
7.81372 3.38293
8.31933 3.44456
8.82493 3.50618
9.33054 3.56781
9.82097 3.56781
10.3114 3.56247
10.8154 3.56247
11.3194 3.5672
11.8234 3.57194
12.3275 3.57668
12.8315 3.58141
13.3355 3.58615
13.8395 3.59089
14.3435 3.59562
14.8475 3.60036
15.3515 3.6051
15.8555 3.60984
16.3596 3.61457
16.8636 3.61931
17.3676 3.62405
17.8716 3.62878
18.3756 3.63352
18.8796 3.63826
19.4216 3.63826
19.9637 3.63826
22.4667 4.63341
24.9697 4.63341
27.4727 4.63341
29.9758 4.63341
32.4788 4.63341
34.9818 4.63341
37.4849 4.63341
39.9879 4.63341
42.4909 4.63341
44.9939 4.63341
47.497 4.63341
50.0 4.63341
0.0 1.02215
0.504601 1.02215
1.0092 1.34331
1.5138 1.66446
2.0184 1.98562
2.52301 2.30678
3.02761 2.62794
3.52417 2.62794
4.02073 2.68685
4.5173 2.74575
5.01386 2.80466
5.51043 2.86357
6.00699 2.92248
6.50355 2.98138
7.00012 3.04029
7.50634 3.04029
8.01257 3.05102
8.5188 3.06175
9.02503 3.07248
9.53126 3.08321
10.0375 3.09394
10.5437 3.10467
11.0499 3.1154
11.5562 3.12613
12.0624 3.13686
12.5686 3.14759
13.0749 3.15832
13.5811 3.16905
14.0873 3.17978
14.5935 3.19051
15.0998 3.20124
15.6285 3.20124
16.1573 3.38248
16.686 3.56372
17.2148 3.74496
17.7435 3.92621
18.2722 4.10745
18.7869 4.10745
19.3016 4.10745
19.8163 4.10745
20.331 4.10745
20.8457 4.10745
21.3604 4.10745
21.875 4.10745
22.3897 4.10745
22.9044 4.10745
23.4191 4.10745
23.9338 4.10745
24.4485 4.10745
24.9632 4.10745
25.4778 4.10745
25.9925 4.10745
26.5072 4.10745
29.1175 4.39667
31.7278 4.39667
34.3381 4.39667
36.9484 4.39667
39.5588 4.39667
42.1691 4.39667
44.7794 4.39667
47.3897 4.39667
50.0 4.39667
0.0 0.968127
0.508507 0.968127
1.01701 1.30241
1.52552 1.63669
2.03403 1.97098
2.54253 2.30526
3.05104 2.63955
3.54697 2.63955
4.04289 2.68007
4.53882 2.7206
5.03475 2.76113
5.53067 2.80166
6.0266 2.84219
6.52253 2.88272
7.01846 2.92325
7.51438 2.96377
7.9975 2.96377
8.48061 2.98708
8.96373 3.01038
9.44685 3.03368
9.92996 3.05698
10.4131 3.08028
10.8962 3.10358
11.3793 3.12688
11.8624 3.15018
12.3455 3.17349
12.8287 3.19679
13.3118 3.22009
13.7949 3.24339
14.278 3.26669
14.7888 3.26669
15.2995 3.32532
15.8102 3.38396
16.321 3.44259
16.8317 3.50123
17.3425 3.55986
17.8532 3.61849
18.364 3.67713
18.8747 3.73576
19.3855 3.79439
19.8962 3.85303
20.4069 3.91166
20.9177 3.97029
21.4284 4.02893
21.9392 4.08756
22.4499 4.1462
22.9429 4.1462
23.4358 4.1462
23.9287 4.1462
24.4217 4.1462
24.9146 4.1462
25.4076 4.1462
25.9005 4.1462
26.3935 4.1462
29.0164 4.3484
31.6394 4.3484
34.2623 4.3484
36.8853 4.3484
39.5082 4.3484
42.1312 4.3484
44.7541 4.3484
47.3771 4.3484
50.0 4.3484
0.0 1.08925
0.506523 1.08925
1.01305 1.36547
1.51957 1.6417
2.02609 1.91792
2.53261 2.19414
3.03914 2.47036
3.54566 2.74658
4.0355 2.74658
4.52534 2.76388
5.01518 2.78118
5.50502 2.79847
5.99486 2.81577
6.4847 2.83306
6.97454 2.85036
7.46438 2.86766
7.95422 2.88495
8.44406 2.90225
8.93391 2.91955
9.42375 2.93684
9.91359 2.95414
10.4088 2.95414
10.9041 2.99934
11.3993 3.04454
11.8945 3.08974
12.3898 3.13495
12.885 3.18015
13.3802 3.22535
13.8755 3.27055
14.3707 3.31575
14.8659 3.36095
15.3612 3.40616
15.8564 3.45136
16.3516 3.49656
16.8469 3.54176
17.3421 3.58696
17.8373 3.63216
18.3326 3.67737
18.8278 3.72257
19.3231 3.76777
19.8183 3.81297
20.3135 3.85817
20.8088 3.90337
21.304 3.94858
21.7992 3.99378
22.2945 4.03898
22.7897 4.08418
23.2849 4.12938
23.7992 4.12938
24.3134 3.9637
24.8277 3.79802
25.3166 3.79802
25.8055 3.79802
26.2945 3.79802
28.9284 4.43799
31.5624 4.43799
34.1963 4.43799
36.8303 4.43799
39.4642 4.43799
42.0982 4.43799
44.7321 4.43799
47.3661 4.43799
50.0 4.43799
0.0 1.32075
0.508428 1.32075
1.01686 1.5717
1.52528 1.82265
2.03371 2.07361
2.54214 2.32456
3.05057 2.57551
3.559 2.82647
4.01333 2.82647
4.51612 2.75109
5.0189 2.83625
5.52169 2.92141
6.02448 3.00657
6.52726 3.09173
7.03005 3.17689
7.53284 3.26205
8.03562 3.34721
8.53841 3.43237
9.02382 3.43237
9.50923 3.40655
9.99464 3.38073
10.48 3.35491
10.9655 3.32909
11.4509 3.30327
11.9363 3.27745
12.4217 3.25163
12.9148 3.25163
13.4079 3.25163
13.901 3.25163
14.3941 3.25163
14.8872 3.25163
15.3803 3.25163
15.8734 3.25163
16.3665 3.25163
16.8596 3.25163
17.3527 3.25163
17.8458 3.25163
18.3389 3.25163
18.832 3.25163
21.4293 4.5508
24.0267 4.5508
26.624 4.5508
29.2213 4.5508
31.8187 4.5508
34.416 4.5508
37.0133 4.5508
39.6107 4.5508
42.208 4.5508
44.8053 4.5508
47.4027 4.5508
50.0 4.5508
0.0 1.32823
0.472481 1.32823
0.944963 1.55461
1.41744 1.78099
1.88993 2.00738
2.36241 2.23376
2.83489 2.46014
3.30737 2.68652
3.77985 2.91291
4.26286 2.91291
4.74587 2.86924
5.22887 2.82557
5.71188 2.7819
6.21575 2.7819
6.71961 2.85802
7.22348 2.93414
7.72734 3.01027
8.23121 3.08639
8.73507 3.16252
9.23894 3.23864
9.7428 3.31477
10.2467 3.39089
10.7887 3.39089
11.3307 3.33055
11.8727 3.2702
12.4147 3.20986
12.9342 3.20986
13.4537 3.20986
13.9732 3.20986
14.4926 3.20986
15.0121 3.20986
15.5316 3.20986
16.0511 3.20986
16.5706 3.20986
17.0901 3.20986
17.6096 3.20986
18.129 3.20986
18.6485 3.20986
21.0602 4.58234
23.4718 4.58234
25.8835 4.58234
28.2951 4.58234
30.7068 4.58234
33.1184 4.58234
35.5301 4.58234
37.9417 4.58234
40.3534 4.58234
42.765 4.58234
45.1767 4.58234
47.5883 4.58234
50.0 4.58234
0.0 1.20736
0.535655 1.20736
1.07131 1.57275
1.60697 1.93815
2.14262 2.30354
2.67828 2.66893
3.21393 3.03433
3.7467 3.03433
4.27946 2.96279
4.81223 2.89125
5.345 2.81971
5.87776 2.74817
6.41053 2.67663
6.96838 2.67663
7.52624 3.14326
8.01715 3.14326
8.50807 3.16468
8.99899 3.1861
9.48991 3.20752
9.98083 3.22894
10.4717 3.25036
10.9627 3.27178
11.4536 3.2932
11.9445 3.31462
12.4196 3.31462
12.8947 3.31462
13.3697 3.31462
13.8448 3.31462
14.3199 3.31462
14.795 3.31462
15.27 3.31462
15.7451 3.31462
16.2202 3.31462
18.633 4.50725
21.0459 4.50725
23.4587 4.50725
25.8716 4.50725
28.2844 4.50725
30.6973 4.50725
33.1101 4.50725
35.5229 4.50725
37.9358 4.50725
40.3486 4.50725
42.7615 4.50725
45.1743 4.50725
47.5872 4.50725
50.0 4.50725
0.0 1.35689
0.501827 1.35689
1.00365 1.59688
1.50548 1.83687
2.00731 2.07686
2.50914 2.31685
3.01096 2.55684
3.51006 2.55684
4.00916 2.6339
4.50826 2.71096
5.00736 2.78803
5.50646 2.86509
6.00556 2.94216
6.50466 3.01922
7.00376 3.09629
7.50286 3.17335
8.00196 3.25042
8.50106 3.32748
9.02161 3.32748
9.54217 3.29981
10.0627 3.27214
10.5833 3.24447
11.1038 3.2168
11.6244 3.18912
12.1449 3.16145
12.6655 3.13378
13.1861 3.10611
13.7066 3.07844
14.2272 3.05077
14.7477 3.0231
15.2307 3.0231
15.7136 3.27054
16.1965 3.51799
16.6795 3.76544
17.1624 4.01289
17.6627 4.01289
18.1629 4.01289
18.6632 4.01289
19.1635 4.01289
19.6638 4.01289
20.164 4.01289
20.6643 4.01289
21.1646 4.01289
21.6649 4.01289
22.1651 4.01289
22.6654 4.01289
23.1657 4.01289
23.666 4.01289
24.1662 4.01289
24.6665 4.01289
25.1668 4.01289
25.6671 4.01289
26.1673 4.01289
26.6676 4.01289
27.1679 4.01289
27.6682 4.01289
28.1684 4.01289
28.6687 4.01289
29.169 4.01289
29.6693 4.01289
30.1695 4.01289
30.6698 4.01289
33.0861 4.55557
35.5024 4.55557
37.9186 4.55557
40.3349 4.55557
42.7512 4.55557
45.1675 4.55557
47.5837 4.55557
50.0 4.55557
0.0 1.12321
0.489599 1.12321
0.979198 1.50595
1.4688 1.88869
1.9584 2.27143
2.448 2.65418
2.93759 3.03692
3.43584 3.03692
3.93408 2.95924
4.43233 2.88155
4.93057 2.80387
5.42881 2.72619
5.92706 2.64851
6.45612 2.64851
6.98519 2.8772
7.51426 3.10589
7.99708 3.10589
8.47991 3.13513
8.96274 3.16438
9.44557 3.19362
9.9284 3.22286
10.4112 3.25211
10.8941 3.28135
11.3769 3.31059
11.8829 3.31059
12.389 3.31059
12.895 3.31059
13.4011 3.31059
13.9071 3.31059
14.4132 3.31059
14.9192 3.31059
15.4253 3.31059
15.9313 3.31059
16.4373 3.31059
19.0191 4.43751
21.6008 4.43751
24.1826 4.43751
26.7643 4.43751
29.3461 4.43751
31.9278 4.43751
34.5095 4.43751
37.0913 4.43751
39.673 4.43751
42.2548 4.43751
44.8365 4.43751
47.4183 4.43751
50.0 4.43751
0.0 1.13523
0.470687 1.13523
0.941373 1.44079
1.41206 1.74635
1.88275 2.05191
2.35343 2.35747
2.82412 2.66303
3.29481 2.96859
3.76391 2.96859
4.23302 2.67605
4.7447 2.67605
5.25638 2.73283
5.76807 2.78961
6.27975 2.84638
6.79144 2.90316
7.30312 2.95993
7.8148 3.01671
8.32649 3.07348
8.80264 3.07348
9.27879 3.13249
9.75494 3.1915
10.2311 3.25051
10.7072 3.30951
11.1834 3.36852
11.6642 3.36852
12.1449 3.36852
12.6257 3.36852
13.1065 3.36852
13.5872 3.36852
14.068 3.36852
14.5487 3.36852
15.0295 3.36852
15.5103 3.36852
15.991 3.36852
16.4718 3.36852
19.0509 4.4451
21.63 4.4451
24.2091 4.4451
26.7882 4.4451
29.3673 4.4451
31.9464 4.4451
34.5254 4.4451
37.1045 4.4451
39.6836 4.4451
42.2627 4.4451
44.8418 4.4451
47.4209 4.4451
50.0 4.4451
0.0 1.08886
0.524186 1.08886
1.04837 1.36861
1.57256 1.64835
2.09674 1.9281
2.62093 2.20785
3.14512 2.4876
3.6693 2.76734
4.19925 2.76734
4.7292 2.7862
5.25914 2.80505
5.78909 2.82391
6.31904 2.84276
6.84898 2.86162
7.37893 2.88048
7.88069 2.88048
8.38244 2.92336
8.88419 2.96625
9.38595 3.00914
9.8877 3.05202
10.3895 3.09491
10.8912 3.1378
11.393 3.18068
11.8947 3.22357
12.3965 3.26646
12.8982 3.30934
13.4 3.35223
13.9017 3.39512
14.4035 3.438
14.9052 3.48089
15.407 3.52378
15.9088 3.56666
16.4105 3.60955
16.9123 3.65244
17.414 3.69532
17.9158 3.73821
18.4175 3.7811
18.9193 3.82398
19.421 3.86687
19.9228 3.90976
20.4245 3.95264
20.9263 3.99553
21.428 4.03842
21.9298 4.0813
22.472 4.0813
23.0143 4.01555
23.5565 3.9498
24.0987 3.88405
24.6409 3.8183
25.0924 3.8183
25.5438 3.8183
25.9952 3.8183
26.4467 3.8183
29.0637 4.38784
31.6807 4.38784
34.2978 4.38784
36.9148 4.38784
39.5319 4.38784
42.1489 4.38784
44.7659 4.38784
47.383 4.38784
50.0 4.38784
0.0 1.08136
0.481301 1.08136
0.962602 1.34315
1.4439 1.60495
1.9252 1.86675
2.40651 2.12854
2.88781 2.39034
3.36911 2.65213
3.85533 2.65213
4.34155 2.67138
4.82777 2.69062
5.31399 2.70987
5.80021 2.72911
6.28642 2.74836
6.77264 2.7676
7.25886 2.78685
7.74508 2.80609
8.2313 2.82534
8.71752 2.84458
9.20374 2.86383
9.71637 2.86383
10.229 2.90553
10.7416 2.94724
11.2542 2.98895
11.7669 3.03065
12.2795 3.07236
12.7921 3.11407
13.3048 3.15577
13.8174 3.19748
14.33 3.23919
14.8426 3.28089
15.3437 3.28089
15.8448 3.34463
16.3459 3.40837
16.8469 3.47211
17.348 3.53585
17.8491 3.59958
18.3501 3.66332
18.8512 3.72706
19.3523 3.7908
19.8534 3.85454
20.3544 3.91827
20.8555 3.98201
21.3566 4.04575
21.8577 4.10949
22.3671 4.10949
22.8766 4.10949
23.3861 4.10949
23.8956 4.10949
24.405 4.10949
24.9145 4.10949
25.424 4.10949
25.9335 4.10949
26.443 4.10949
29.0604 4.35598
31.6779 4.35598
34.2953 4.35598
36.9128 4.35598
39.5302 4.35598
42.1477 4.35598
44.7651 4.35598
47.3826 4.35598
50.0 4.35598
0.0 1.10683
0.502098 1.10683
1.0042 1.43673
1.50629 1.76663
2.00839 2.09653
2.51049 2.42643
3.01259 2.75633
3.51468 3.08623
4.00581 3.08623
4.49693 3.08954
4.98806 3.09285
5.47918 3.09616
5.97031 3.09947
6.46143 3.10278
6.95256 3.10609
7.44368 3.1094
7.93481 3.11271
8.42593 3.11602
8.91706 3.11933
9.40818 3.12264
9.89931 3.12595
10.3904 3.12926
10.8816 3.13256
11.3727 3.13587
11.8638 3.13918
12.3721 3.13918
12.8804 3.19689
13.3886 3.25459
13.8969 3.3123
14.4052 3.37
14.9135 3.42771
15.4217 3.48541
15.93 3.54311
16.4383 3.60082
16.9466 3.65852
17.4549 3.71623
17.9631 3.77393
18.4714 3.83163
18.9797 3.88934
19.488 3.94704
19.9962 4.00475
20.5045 4.06245
21.0128 4.12016
21.5211 4.17786
22.0293 4.23556
22.5376 4.29327
23.0475 4.29327
23.5574 4.30738
24.0673 4.32148
24.5771 4.33559
25.087 4.3497
25.5969 4.36381
26.1068 4.37792
26.6167 4.39203
27.1265 4.40613
27.6364 4.42024
28.1463 4.43435
28.6562 4.44846
29.1661 4.46257
29.6759 4.47668
30.1858 4.49078
30.6957 4.50489
31.2056 4.519
31.7155 4.53311
32.2253 4.54722
32.7352 4.56133
33.2326 4.56133
33.7299 4.56133
34.2273 4.56133
34.7246 4.56133
35.2219 4.56133
35.7193 4.56133
36.2166 4.56133
36.714 4.56133
37.2113 4.56133
37.7087 4.56133
38.206 4.56133
38.7033 4.56133
39.2007 4.56133
39.698 4.56133
40.1954 4.56133
40.6927 4.56133
41.1901 4.56133
41.6874 4.56133
42.1847 4.56133
44.7898 4.78075
47.3949 4.78075
50.0 4.78075
0.0 0.971022
0.473922 0.971022
0.947845 1.2607
1.42177 1.55037
1.89569 1.84005
2.36961 2.12973
2.84353 2.4194
3.31746 2.70908
3.80821 2.70908
4.29896 2.7287
4.78971 2.74831
5.28047 2.76793
5.77122 2.78754
6.26197 2.80716
6.75272 2.82677
7.24347 2.84639
7.73423 2.866
8.22498 2.88562
8.71573 2.90523
9.18495 2.90523
9.65417 2.97018
10.1234 3.03512
10.5926 3.10006
11.0618 3.16501
11.5311 3.22995
12.0386 3.22995
12.5462 3.27492
13.0538 3.31989
13.5614 3.36487
14.069 3.40984
14.5765 3.45481
15.0841 3.49979
15.5917 3.54476
16.0993 3.58973
16.6069 3.6347
17.1145 3.67968
17.622 3.72465
18.1296 3.76962
18.6372 3.8146
19.1448 3.85957
19.6524 3.90454
20.1599 3.94951
20.6675 3.99449
21.1751 4.03946
21.6623 4.03946
22.1494 4.03946
22.6366 4.03946
23.1238 4.03946
23.6109 4.03946
24.0981 4.03946
24.5853 4.03946
25.0724 4.03946
25.5596 4.03946
26.0468 4.03946
26.5339 4.03946
29.1413 4.38939
31.7486 4.38939
34.356 4.38939
36.9633 4.38939
39.5706 4.38939
42.178 4.38939
44.7853 4.38939
47.3927 4.38939
50.0 4.38939
0.0 0.958834
0.467236 0.958834
0.934472 1.24933
1.40171 1.53982
1.86894 1.83032
2.33618 2.12081
2.80342 2.4113
3.27065 2.7018
3.75777 2.7018
4.24489 2.73354
4.73201 2.76527
5.21912 2.79701
5.70624 2.82875
6.19336 2.86049
6.68048 2.89222
7.1676 2.92396
7.65472 2.9557
8.14184 2.98744
8.62047 2.98744
9.09911 3.01155
9.57775 3.03566
10.0564 3.05978
10.535 3.08389
11.0137 3.108
11.4923 3.13212
11.9709 3.15623
12.4609 3.15623
12.9509 3.20593
13.4409 3.25562
13.9309 3.30532
14.4209 3.35501
14.9109 3.4047
15.4008 3.4544
15.8908 3.50409
16.3808 3.55379
16.8708 3.60348
17.3608 3.65318
17.8508 3.70287
18.3407 3.75257
18.8307 3.80226
19.3207 3.85196
19.8107 3.90165
20.3007 3.95135
20.7907 4.00104
21.2806 4.05074
21.7997 4.05074
22.3187 4.05074
22.8377 4.05074
23.3567 4.05074
23.8757 4.05074
24.3947 4.05074
24.9137 4.05074
25.4327 4.05074
25.9517 4.05074
26.4707 4.05074
29.0851 4.38705
31.6994 4.38705
34.3138 4.38705
36.9282 4.38705
39.5425 4.38705
42.1569 4.38705
44.7713 4.38705
47.3856 4.38705
50.0 4.38705
0.0 1.29236
0.478076 1.29236
0.956153 1.50504
1.43423 1.71772
1.91231 1.93041
2.39038 2.14309
2.86846 2.35577
3.34653 2.56845
3.86372 2.56845
4.3809 2.65642
4.89808 2.7444
5.41526 2.83237
5.93244 2.92034
6.44962 3.00831
6.9668 3.09629
7.48399 3.18426
8.00117 3.27223
8.51835 3.3602
9.01939 3.3602
9.52042 3.32406
10.0215 3.28791
10.5225 3.25176
11.0235 3.21562
11.5246 3.17947
12.0256 3.14332
12.5267 3.10718
13.0277 3.07103
13.5287 3.03489
14.0298 2.99874
14.5256 2.99874
15.0215 3.43197
15.5174 3.86521
16.0252 3.86521
16.533 3.86521
17.0409 3.86521
17.5487 3.86521
18.0565 3.86521
18.5643 3.86521
19.0721 3.86521
19.5799 3.86521
20.0877 3.86521
20.5956 3.86521
21.1034 3.86521
21.6112 3.86521
22.119 3.86521
22.6268 3.86521
23.1346 3.86521
23.6425 3.86521
24.1503 3.86521
24.6581 3.86521
25.1659 3.86521
25.6737 3.86521
26.1815 3.86521
26.6893 3.86521
27.1972 3.86521
27.705 3.86521
28.2128 3.86521
28.7206 3.86521
29.2284 3.86521
29.7362 3.86521
30.2441 3.86521
30.7519 3.86521
33.1579 4.49906
35.5639 4.49906
37.9699 4.49906
40.3759 4.49906
42.782 4.49906
45.188 4.49906
47.594 4.49906
50.0 4.49906
0.0 1.14316
0.475148 1.14316
0.950296 1.42201
1.42544 1.70086
1.90059 1.97971
2.37574 2.25856
2.85089 2.5374
3.32604 2.81625
3.80118 3.0951
4.29367 3.0951
4.78616 3.09754
5.27865 3.09998
5.77113 3.10242
6.26362 3.10486
6.75611 3.1073
7.24859 3.10974
7.74108 3.11218
8.23357 3.11462
8.72606 3.11706
9.21854 3.1195
9.71103 3.12194
10.2035 3.12438
10.703 3.12438
11.2025 3.16258
11.702 3.20079
12.2015 3.23899
12.701 3.2772
13.2005 3.3154
13.7 3.35361
14.1994 3.39182
14.6989 3.43002
15.1984 3.46823
15.6979 3.50643
16.1974 3.54464
16.6969 3.58285
17.1964 3.62105
17.6959 3.65926
18.1954 3.69746
18.6949 3.73567
19.1944 3.77387
19.6938 3.81208
20.1933 3.85029
20.6928 3.88849
21.1923 3.9267
21.6918 3.9649
22.1913 4.00311
22.6908 4.04132
23.1903 4.07952
23.6898 4.11773
24.1893 4.15593
24.6888 4.19414
25.1882 4.23234
25.6877 4.27055
26.1757 4.27055
26.6636 4.28405
27.1516 4.29755
27.6395 4.31105
28.1274 4.32455
28.6154 4.33805
29.1033 4.35155
29.5912 4.36505
30.0792 4.37854
30.5671 4.39204
31.0551 4.40554
31.543 4.41904
32.0309 4.43254
32.5189 4.44604
33.0068 4.45954
33.4948 4.47304
33.9827 4.48654
34.4706 4.50004
34.9586 4.51354
35.4665 4.51354
35.9744 4.51354
36.4822 4.51354
36.9901 4.51354
37.498 4.51354
38.0059 4.51354
38.5138 4.51354
39.0217 4.51354
39.5296 4.51354
40.0374 4.51354
40.5453 4.51354
41.0532 4.51354
41.5611 4.51354
42.069 4.51354
44.7127 4.77068
47.3563 4.77068
50.0 4.77068
0.0 1.1415
0.503826 1.1415
1.00765 1.40807
1.51148 1.67465
2.0153 1.94122
2.51913 2.20779
3.02296 2.47437
3.52678 2.74094
4.00778 2.74094
4.48878 2.7572
4.96979 2.77346
5.45079 2.78972
5.93179 2.80598
6.41279 2.82224
6.89379 2.8385
7.37479 2.85476
7.8558 2.87102
8.3368 2.88728
8.8178 2.90354
9.31789 2.90354
9.81798 2.95431
10.3181 3.00508
10.8182 3.05585
11.3182 3.10661
11.8183 3.15738
12.3184 3.20815
12.8185 3.25891
13.3186 3.30968
13.8187 3.36045
14.3188 3.41122
14.8189 3.46198
15.3189 3.51275
15.819 3.56352
16.3191 3.61428
16.8192 3.66505
17.3193 3.71582
17.8194 3.76659
18.3195 3.81735
18.8196 3.86812
19.3196 3.91889
19.8197 3.96965
20.3198 4.02042
20.8199 4.07119
21.3608 4.07119
21.9016 3.97921
22.4425 3.88723
22.9834 3.79526
23.491 3.79526
23.9986 3.79526
24.5062 3.79526
25.0138 3.79526
25.5214 3.79526
26.029 3.79526
26.5366 3.79526
29.1436 4.39702
31.7507 4.39702
34.3577 4.39702
36.9648 4.39702
39.5718 4.39702
42.1789 4.39702
44.7859 4.39702
47.393 4.39702
50.0 4.39702
0.0 1.128
0.520641 1.128
1.04128 1.46317
1.56192 1.79833
2.08257 2.13349
2.60321 2.46865
3.12385 2.80381
3.64408 2.80381
4.16432 2.89448
4.68455 2.98514
5.20479 3.0758
5.72503 3.16647
6.24526 3.25713
6.7655 3.34779
7.28573 3.43845
7.80597 3.52912
8.32925 3.52912
8.85254 3.54513
9.37582 3.56115
9.89911 3.57716
10.4117 3.57716
10.9244 3.58128
11.437 3.58539
11.9496 3.58951
12.4622 3.59363
12.9748 3.59774
13.4875 3.60186
14.0001 3.60597
14.5127 3.61009
15.0253 3.61421
15.538 3.61832
16.0506 3.62244
16.5632 3.62655
17.0758 3.63067
17.5885 3.63479
18.1011 3.6389
18.5995 3.6389
19.098 3.6389
19.5964 3.6389
20.0948 3.6389
22.5869 4.68147
25.079 4.68147
27.5711 4.68147
30.0632 4.68147
32.5553 4.68147
35.0474 4.68147
37.5395 4.68147
40.0316 4.68147
42.5237 4.68147
45.0158 4.68147
47.5079 4.68147
50.0 4.68147
0.0 1.16868
0.48128 1.16868
0.962561 1.43891
1.44384 1.70914
1.92512 1.97938
2.4064 2.24961
2.88768 2.51984
3.36896 2.79008
3.86787 2.79008
4.36678 2.80941
4.86569 2.82874
5.3646 2.84807
5.86351 2.8674
6.36242 2.88674
6.86133 2.90607
7.36023 2.9254
7.85914 2.94473
8.35805 2.96406
8.86281 2.96406
9.36757 3.00483
9.87234 3.04561
10.3771 3.08638
10.8819 3.12715
11.3866 3.16793
11.8914 3.2087
12.3961 3.24947
12.9009 3.29025
13.4057 3.33102
13.9104 3.37179
14.4152 3.41257
14.9199 3.45334
15.4247 3.49411
15.9295 3.53489
16.4342 3.57566
16.939 3.61643
17.4437 3.6572
17.9485 3.69798
18.4533 3.73875
18.958 3.77952
19.4628 3.8203
19.9676 3.86107
20.4723 3.90184
20.9771 3.94262
21.4818 3.98339
21.9866 4.02416
22.4914 4.06494
22.936 4.06494
23.3807 3.70944
23.8996 3.70944
24.4185 3.70944
24.9373 3.70944
25.4562 3.70944
25.9751 3.70944
26.494 3.70944
29.1058 4.41133
31.7176 4.41133
34.3293 4.41133
36.9411 4.41133
39.5529 4.41133
42.1647 4.41133
44.7764 4.41133
47.3882 4.41133
50.0 4.41133
0.0 1.17277
0.465244 1.17277
0.930488 1.46037
1.39573 1.74797
1.86098 2.03557
2.32622 2.32317
2.79147 2.61077
3.25671 2.89838
3.75738 2.89838
4.25804 2.95663
4.75871 3.01488
5.25938 3.07313
5.76004 3.13139
6.26071 3.18964
6.76137 3.24789
7.26204 3.30614
7.76271 3.3644
8.26337 3.42265
8.76404 3.4809
9.26471 3.53915
9.71751 3.53915
10.1703 3.53196
10.6231 3.52477
11.0759 3.51758
11.5287 3.51039
12.0394 3.51039
12.55 3.51974
13.0607 3.52908
13.5713 3.53843
14.082 3.54777
14.5926 3.55712
15.1033 3.56646
15.6139 3.57581
16.1246 3.58515
16.6353 3.5945
17.1459 3.60384
17.6566 3.61319
18.1672 3.62253
18.6294 3.62253
19.0916 3.62253
19.5538 3.62253
20.016 3.62253
22.5146 4.69155
25.0133 4.69155
27.512 4.69155
30.0106 4.69155
32.5093 4.69155
35.008 4.69155
37.5067 4.69155
40.0053 4.69155
42.504 4.69155
45.0027 4.69155
47.5013 4.69155
50.0 4.69155
0.0 1.15353
0.499607 1.15353
0.999214 1.4152
1.49882 1.67686
1.99843 1.93853
2.49803 2.20019
2.99764 2.46186
3.49725 2.72352
3.97219 2.72352
4.44714 2.74774
4.92208 2.77196
5.39703 2.79618
5.87198 2.8204
6.34692 2.84462
6.82187 2.86884
7.29681 2.89306
7.77176 2.91728
8.27565 2.91728
8.77954 2.95723
9.28343 2.99717
9.78732 3.03711
10.2912 3.07706
10.7951 3.117
11.299 3.15695
11.8029 3.19689
12.3068 3.23683
12.8107 3.27678
13.3145 3.31672
13.8184 3.35667
14.3223 3.39661
14.8262 3.43655
15.3301 3.4765
15.834 3.51644
16.3379 3.55639
16.8418 3.59633
17.3457 3.63627
17.8496 3.67622
18.3534 3.71616
18.8573 3.75611
19.3612 3.79605
19.8651 3.83599
20.369 3.87594
20.8729 3.91588
21.3768 3.95583
21.8807 3.99577
22.3846 4.03571
22.8885 4.07566
23.3644 4.07566
23.8402 3.96637
24.3161 3.85707
24.792 3.74778
25.2679 3.63849
25.6889 3.63849
26.1098 3.63849
26.5307 3.63849
29.1384 4.46265
31.7461 4.46265
34.3538 4.46265
36.9615 4.46265
39.5692 4.46265
42.1769 4.46265
44.7846 4.46265
47.3923 4.46265
50.0 4.46265
0.0 1.06535
0.511674 1.06535
1.02335 1.34685
1.53502 1.62836
2.04669 1.90987
2.55837 2.19138
3.07004 2.47289
3.58171 2.75439
4.06305 2.75439
4.56711 2.99107
5.07117 2.99243
5.57524 2.99379
6.0793 2.99515
6.58336 2.9965
7.08742 2.99786
7.59149 2.99922
8.09555 3.00058
8.59961 3.00193
9.10367 3.00329
9.60774 3.00465
10.1118 3.00601
10.6159 3.00737
11.1199 3.00872
11.624 3.01008
12.128 3.01144
12.6321 3.0128
13.1347 3.0128
13.6373 3.08371
14.1398 3.15463
14.6424 3.22554
15.145 3.29646
15.6476 3.36737
16.1501 3.43829
16.6527 3.5092
17.1553 3.58012
17.6579 3.65103
18.1604 3.72195
18.663 3.79286
19.1656 3.86377
19.6682 3.93469
20.1707 4.0056
20.6733 4.07652
21.1932 4.07652
21.7131 4.07652
22.233 4.07652
22.7528 4.07652
23.2727 4.07652
23.7926 4.07652
24.3125 4.07652
24.8324 4.07652
25.3522 4.07652
25.8721 4.07652
26.392 4.07652
29.0151 4.4178
31.6382 4.4178
34.2613 4.4178
36.8844 4.4178
39.5076 4.4178
42.1307 4.4178
44.7538 4.4178
47.3769 4.4178
50.0 4.4178
0.0 1.22049
0.516852 1.22049
1.0337 1.47859
1.55056 1.73669
2.06741 1.9948
2.58426 2.2529
3.10111 2.511
3.61797 2.7691
4.13482 3.0272
4.65167 3.2853
5.14872 3.2853
5.64577 3.30301
6.14283 3.32071
6.63988 3.33842
7.13693 3.35612
7.63398 3.37383
8.13103 3.39153
8.62808 3.40924
9.12514 3.42694
9.62219 3.44465
10.1192 3.46235
10.6163 3.48006
11.1133 3.49776
11.6104 3.51547
12.1074 3.53317
12.6045 3.55088
13.1015 3.56858
13.5986 3.58629
14.0957 3.60399
14.5927 3.6217
15.0898 3.6394
15.5975 3.6394
16.1053 3.66852
16.6131 3.69764
17.1209 3.72677
17.6287 3.75589
18.1364 3.78501
18.6442 3.81413
19.152 3.84326
19.6598 3.87238
20.1675 3.9015
20.6753 3.93062
21.1831 3.95975
21.6909 3.98887
22.1987 4.01799
22.7064 4.04711
23.2142 4.07624
23.722 4.10536
24.2298 4.13448
24.7376 4.1636
25.2453 4.19272
25.7531 4.22185
26.2609 4.25097
26.7597 4.25097
27.2586 4.25735
27.7574 4.26373
28.2563 4.27012
28.7551 4.2765
29.254 4.28288
29.7528 4.28926
30.2517 4.29564
30.7505 4.30203
31.2493 4.30841
31.7482 4.31479
32.247 4.32117
32.7459 4.32755
33.2447 4.33394
33.7436 4.34032
34.2424 4.3467
34.7413 4.35308
35.2401 4.35946
35.739 4.36585
36.2378 4.37223
36.7366 4.37861
37.2355 4.38499
37.7343 4.39137
38.2332 4.39776
38.732 4.40414
39.2508 4.40414
39.7696 4.40414
40.2884 4.40414
40.8072 4.40414
43.1054 4.78168
45.4036 4.78168
47.7018 4.78168
50.0 4.78168
0.0 1.06942
0.486858 1.06942
0.973717 1.38662
1.46058 1.70383
1.94743 2.02104
2.43429 2.33824
2.92115 2.65545
3.38072 2.65545
3.84029 2.70179
4.29986 2.74814
4.75942 2.79448
5.21899 2.84083
5.67856 2.88717
6.19554 2.88717
6.71251 2.93825
7.22948 2.98934
7.74646 3.04042
8.26343 3.0915
8.7804 3.14258
9.29738 3.19367
9.77731 3.19367
10.2572 3.18192
10.7372 3.17017
11.2171 3.15842
11.697 3.14667
12.177 3.13492
12.6569 3.12318
13.1369 3.11143
13.6604 3.11143
14.1839 3.11143
14.7075 3.11143
15.231 3.11143
15.7546 3.11143
16.2781 3.11143
16.8017 3.11143
17.3252 3.11143
19.8387 4.40762
22.3521 4.40762
24.8656 4.40762
27.379 4.40762
29.8924 4.40762
32.4059 4.40762
34.9193 4.40762
37.4328 4.40762
39.9462 4.40762
42.4597 4.40762
44.9731 4.40762
47.4866 4.40762
50.0 4.40762
0.0 1.22075
0.49952 1.22075
0.99904 1.47833
1.49856 1.73592
1.99808 1.99351
2.4976 2.2511
2.99712 2.50869
3.49664 2.76628
3.99616 3.02387
4.49568 3.28146
4.98802 3.28146
5.48036 3.29453
5.97269 3.30761
6.46503 3.32068
6.95737 3.33376
7.44971 3.34683
7.94204 3.3599
8.43438 3.37298
8.92672 3.38605
9.41906 3.39912
9.91139 3.4122
10.4037 3.42527
10.8961 3.43834
11.3884 3.45142
11.8807 3.46449
12.3731 3.47757
12.8654 3.49064
13.3578 3.50371
13.8501 3.51679
14.3424 3.52986
14.8348 3.54293
15.3271 3.55601
15.8194 3.56908
16.3118 3.58215
16.8041 3.59523
17.2965 3.6083
17.8077 3.6083
18.319 3.64258
18.8303 3.67685
19.3416 3.71112
19.8529 3.7454
20.3641 3.77967
20.8754 3.81394
21.3867 3.84822
21.898 3.88249
22.4092 3.91676
22.9205 3.95104
23.4318 3.98531
23.9431 4.01958
24.4544 4.05386
24.9656 4.08813
25.4769 4.1224
25.9882 4.15668
26.4995 4.19095
27.0108 4.22522
27.522 4.25949
28.0213 4.25949
28.5206 4.26655
29.0199 4.2736
29.5192 4.28066
30.0185 4.28771
30.5178 4.29476
31.0171 4.30182
31.5163 4.30887
32.0156 4.31592
32.5149 4.32298
33.0142 4.33003
33.5135 4.33709
34.0128 4.34414
34.5121 4.35119
35.0114 4.35825
35.5106 4.3653
36.0099 4.37235
36.5092 4.37941
37.0085 4.38646
37.5078 4.39352
38.0071 4.40057
38.5064 4.40762
39.0057 4.41468
39.4858 4.41468
39.9659 4.41468
40.446 4.41468
40.9261 4.41468
43.1946 4.67467
45.4631 4.67467
47.7315 4.67467
50.0 4.67467
0.0 1.31151
0.493493 1.31151
0.986985 1.51303
1.48048 1.71454
1.97397 1.91606
2.46746 2.11757
2.96096 2.31909
3.45445 2.52061
3.97456 2.52061
4.49468 2.61711
5.01479 2.71362
5.53491 2.81012
6.05502 2.90663
6.57514 3.00313
7.09526 3.09964
7.61537 3.19615
8.13549 3.29265
8.6556 3.38916
9.14751 3.38916
9.63941 3.34444
10.1313 3.29973
10.6232 3.25501
11.1151 3.2103
11.607 3.16558
12.0989 3.12086
12.5909 3.07615
13.0828 3.03143
13.5747 2.98672
14.0979 2.98672
14.6212 3.21374
15.1445 3.44077
15.6678 3.66779
16.1911 3.89481
16.6941 3.89481
17.1972 3.89481
17.7002 3.89481
18.2033 3.89481
18.7064 3.89481
19.2094 3.89481
19.7125 3.89481
20.2156 3.89481
20.7186 3.89481
21.2217 3.89481
21.7248 3.89481
22.2278 3.89481
22.7309 3.89481
23.234 3.89481
23.737 3.89481
24.2401 3.89481
24.7432 3.89481
25.2462 3.89481
25.7493 3.89481
26.2523 3.89481
26.7554 3.89481
27.2585 3.89481
27.7615 3.89481
28.2646 3.89481
28.7677 3.89481
29.2707 3.89481
29.7738 3.89481
30.2769 3.89481
30.7799 3.89481
33.1824 4.52655
35.5849 4.52655
37.9875 4.52655
40.39 4.52655
42.7925 4.52655
45.195 4.52655
47.5975 4.52655
50.0 4.52655
0.0 1.23474
0.52386 1.23474
1.04772 1.4893
1.57158 1.74387
2.09544 1.99843
2.6193 2.25299
3.14316 2.50755
3.66702 2.76211
4.19088 3.01668
4.71474 3.27124
5.21347 3.27124
5.7122 3.28711
6.21093 3.30298
6.70966 3.31885
7.20839 3.33472
7.70712 3.35059
8.20585 3.36646
8.70458 3.38233
9.20331 3.3982
9.70204 3.41407
10.2008 3.42994
10.6995 3.44581
11.1982 3.46168
11.697 3.47755
12.1957 3.49342
12.6944 3.50929
13.1932 3.52516
13.6919 3.54103
14.1906 3.5569
14.6893 3.57277
15.1881 3.58864
15.6868 3.60451
16.1855 3.62038
16.6843 3.63625
17.1744 3.63625
17.6646 3.66625
18.1547 3.69625
18.6449 3.72624
19.135 3.75624
19.6252 3.78624
20.1154 3.81623
20.6055 3.84623
21.0957 3.87623
21.5858 3.90623
22.076 3.93622
22.5661 3.96622
23.0563 3.99622
23.5465 4.02622
24.0366 4.05621
24.5268 4.08621
25.0169 4.11621
25.5071 4.1462
25.9972 4.1762
26.4874 4.2062
26.9775 4.2362
27.4677 4.26619
27.9629 4.26619
28.458 4.27581
28.9532 4.28543
29.4484 4.29504
29.9435 4.30466
30.4387 4.31428
30.9339 4.32389
31.429 4.33351
31.9242 4.34313
32.4194 4.35274
32.9145 4.36236
33.4097 4.37198
33.9049 4.38159
34.4 4.39121
34.8952 4.40083
35.4037 4.40083
35.9122 4.40083
36.4207 4.40083
36.9292 4.40083
37.4377 4.40083
37.9462 4.40083
38.4547 4.40083
38.9632 4.40083
39.4717 4.40083
39.9802 4.40083
40.4887 4.40083
40.9972 4.40083
43.2479 4.71327
45.4986 4.71327
47.7493 4.71327
50.0 4.71327
0.0 1.15263
0.491886 1.15263
0.983772 1.41774
1.47566 1.68285
1.96754 1.94796
2.45943 2.21306
2.95132 2.47817
3.4432 2.74328
3.95609 2.74328
4.46898 2.76263
4.98186 2.78197
5.49475 2.80131
6.00764 2.82065
6.52053 2.84
7.03341 2.85934
7.5463 2.87868
8.05919 2.89802
8.57207 2.91737
9.08496 2.93671
9.59785 2.95605
10.1107 2.97539
10.6236 2.99474
11.1217 2.99474
11.6198 3.04372
12.1179 3.0927
12.616 3.14168
13.1142 3.19066
13.6123 3.23964
14.1104 3.28862
14.6085 3.3376
15.1066 3.38658
15.6047 3.43556
16.1028 3.48454
16.6009 3.53352
17.099 3.5825
17.5971 3.63148
18.0952 3.68046
18.5933 3.72944
19.0914 3.77842
19.5895 3.8274
20.0876 3.87638
20.5857 3.92536
21.0838 3.97435
21.582 4.02333
22.0801 4.07231
22.5782 4.12129
23.0763 4.17027
23.6277 4.17027
24.1792 3.88059
24.7306 3.59091
25.1857 3.59091
25.6408 3.59091
26.0958 3.59091
26.5509 3.59091
29.1563 4.3969
31.7618 4.3969
34.3672 4.3969
36.9727 4.3969
39.5782 4.3969
42.1836 4.3969
44.7891 4.3969
47.3945 4.3969
50.0 4.3969
0.0 1.2379
0.479322 1.2379
0.958644 1.45607
1.43797 1.67425
1.91729 1.89242
2.39661 2.1106
2.87593 2.32878
3.35525 2.54695
3.86409 2.54695
4.37292 2.62849
4.88176 2.71002
5.39059 2.79155
5.89943 2.87308
6.40826 2.95461
6.9171 3.03614
7.42593 3.11768
7.93477 3.19921
8.4436 3.28074
8.95244 3.36227
9.46295 3.36227
9.97346 3.30257
10.484 3.24286
10.9945 3.18316
11.505 3.12345
12.0155 3.06375
12.526 3.00404
13.0541 3.00404
13.5823 3.13093
14.1104 3.25781
14.6386 3.38469
15.1667 3.51158
15.6948 3.63846
16.223 3.76535
16.7511 3.89223
17.2542 3.89223
17.7574 3.89223
18.2605 3.89223
18.7637 3.89223
19.2668 3.89223
19.77 3.89223
20.2731 3.89223
20.7763 3.89223
21.2794 3.89223
21.7826 3.89223
22.2857 3.89223
22.7889 3.89223
23.292 3.89223
23.7952 3.89223
24.2983 3.89223
24.8015 3.89223
25.3046 3.89223
25.8078 3.89223
26.3109 3.89223
26.8141 3.89223
27.3172 3.89223
27.8204 3.89223
28.3235 3.89223
28.8267 3.89223
29.3298 3.89223
29.833 3.89223
30.3362 3.89223
30.8393 3.89223
33.2344 4.55138
35.6295 4.55138
38.0246 4.55138
40.4197 4.55138
42.8147 4.55138
45.2098 4.55138
47.6049 4.55138
50.0 4.55138
0.0 1.20624
0.537317 1.20624
1.07463 1.53356
1.61195 1.86088
2.14927 2.1882
2.68658 2.51552
3.18737 2.51552
3.68816 2.58844
4.18895 2.66137
4.68974 2.7343
5.19052 2.80722
5.69131 2.88015
6.1921 2.95308
6.69289 3.02601
7.19368 3.09893
7.69446 3.17186
8.19525 3.24479
8.69604 3.31772
9.21497 3.31772
9.7339 3.2834
10.2528 3.24909
10.7718 3.21477
11.2907 3.18046
11.8096 3.14614
12.3285 3.11183
12.8475 3.07751
13.3664 3.0432
13.8853 3.00888
14.3538 3.00888
14.8222 3.1515
15.2906 3.29411
15.7591 3.43673
16.2275 3.57935
16.6959 3.72196
17.1644 3.86458
17.6714 3.86458
18.1784 3.86458
18.6854 3.86458
19.1924 3.86458
19.6995 3.86458
20.2065 3.86458
20.7135 3.86458
21.2205 3.86458
21.7276 3.86458
22.2346 3.86458
22.7416 3.86458
23.2486 3.86458
23.7556 3.86458
24.2627 3.86458
24.7697 3.86458
25.2767 3.86458
25.7837 3.86458
26.2907 3.86458
26.7978 3.86458
27.3048 3.86458
27.8118 3.86458
28.3188 3.86458
28.8259 3.86458
29.3329 3.86458
29.8399 3.86458
30.3469 3.86458
30.8539 3.86458
33.2472 4.59395
35.6405 4.59395
38.0337 4.59395
40.427 4.59395
42.8202 4.59395
45.2135 4.59395
47.6067 4.59395
50.0 4.59395
0.0 1.09626
0.522775 1.09626
1.04555 1.48644
1.56832 1.87663
2.0911 2.26682
2.61387 2.657
3.08374 2.657
3.55361 2.75417
4.02349 2.85134
4.49336 2.94852
5.01484 2.94852
5.53632 3.00101
6.0578 3.05351
6.57928 3.10601
7.10076 3.1585
7.62224 3.211
8.10674 3.211
8.59124 3.20366
9.07573 3.19633
9.56023 3.189
10.0447 3.18166
10.5292 3.17433
11.0137 3.16699
11.4982 3.15966
11.9827 3.15233
12.4672 3.14499
12.9517 3.13766
13.4362 3.13032
13.9207 3.12299
14.4052 3.11565
14.9543 3.11565
15.5033 3.11565
16.0524 3.11565
16.6014 3.11565
17.1505 3.11565
19.6774 4.4066
22.2043 4.4066
24.7312 4.4066
27.258 4.4066
29.7849 4.4066
32.3118 4.4066
34.8387 4.4066
37.3656 4.4066
39.8925 4.4066
42.4193 4.4066
44.9462 4.4066
47.4731 4.4066
50.0 4.4066
0.0 1.17406
0.488758 1.17406
0.977517 1.46915
1.46628 1.76425
1.95503 2.05935
2.44379 2.35444
2.93255 2.64954
3.42131 2.94463
3.94319 2.94463
4.46506 2.94505
4.98694 2.94547
5.4752 2.94547
5.96346 2.95353
6.45172 2.9616
6.93998 2.96966
7.42824 2.97773
7.9165 2.98579
8.40476 2.99386
8.89302 3.00192
9.38128 3.00998
9.86954 3.01805
10.3578 3.02611
10.8461 3.03418
11.3343 3.04224
11.8226 3.05031
12.3108 3.05837
12.7991 3.06643
13.2874 3.0745
13.7764 3.0745
14.2654 3.14769
14.7545 3.22088
15.2435 3.29407
15.7325 3.36726
16.2215 3.44045
16.7106 3.51364
17.1996 3.58683
17.6886 3.66002
18.1777 3.73321
18.6667 3.8064
19.1557 3.87959
19.6448 3.95278
20.1338 4.02597
20.6228 4.09916
21.1119 4.17235
21.6009 4.24554
22.0899 4.31873
22.5996 4.31873
23.1093 4.31873
23.619 4.31873
24.1287 4.31873
24.6383 4.31873
25.148 4.31873
25.6577 4.31873
26.1674 4.31873
28.5506 4.45902
30.9339 4.45902
33.3172 4.45902
35.7004 4.45902
38.0837 4.45902
40.467 4.45902
42.8502 4.45902
45.2335 4.45902
47.6167 4.45902
50.0 4.45902
0.0 1.09182
0.50427 1.09182
1.00854 1.41665
1.51281 1.74148
2.01708 2.06631
2.52135 2.39114
3.02562 2.71597
3.52989 3.0408
4.02738 3.0408
4.52488 3.05379
5.02238 3.06677
5.51988 3.07976
6.01738 3.09274
6.51487 3.10573
7.01237 3.11871
7.50987 3.1317
8.00737 3.14469
8.50486 3.15767
9.00236 3.17066
9.50414 3.17066
10.0059 3.20614
10.5077 3.24162
11.0095 3.27709
11.5112 3.31257
12.013 3.34805
12.5148 3.38353
13.0166 3.41901
13.5183 3.45449
14.0201 3.48997
14.5219 3.52545
15.0237 3.56093
15.5254 3.59641
16.0272 3.63188
16.529 3.66736
17.0308 3.70284
17.5326 3.73832
18.0343 3.7738
18.5361 3.80928
19.0379 3.84476
19.5397 3.88024
20.0414 3.91572
20.5432 3.9512
21.045 3.98667
21.5468 4.02215
22.0485 4.05763
22.5503 4.09311
23.0521 4.12859
23.5539 4.16407
24.048 4.16407
24.5422 4.18978
25.0363 4.21549
25.5305 4.24119
26.0246 4.2669
26.5188 4.29261
27.0129 4.31832
27.5071 4.34403
28.0012 4.36973
28.4954 4.39544
28.9895 4.42115
29.4837 4.44686
29.9778 4.47257
30.472 4.49828
30.9661 4.52398
31.4603 4.54969
31.9611 4.54969
32.462 4.54969
32.9628 4.54969
33.4637 4.54969
33.9645 4.54969
34.4653 4.54969
34.9662 4.54969
35.467 4.54969
35.9679 4.54969
36.4687 4.54969
36.9696 4.54969
37.4704 4.54969
37.9712 4.54969
38.4721 4.54969
38.9729 4.54969
39.4738 4.54969
39.9746 4.54969
40.4755 4.54969
40.9763 4.54969
41.4771 4.54969
41.978 4.54969
44.652 4.77645
47.326 4.77645
50.0 4.77645
0.0 1.31552
0.53667 1.31552
1.07334 1.55894
1.61001 1.80236
2.14668 2.04578
2.68335 2.28919
3.22002 2.53261
3.70733 2.53261
4.19464 2.60616
4.68195 2.67971
5.16926 2.75325
5.65657 2.8268
6.14388 2.90035
6.63119 2.9739
7.1185 3.04745
7.6058 3.12099
8.09311 3.19454
8.58042 3.26809
9.05645 3.26809
9.53248 3.23908
10.0085 3.21008
10.4845 3.18107
10.9606 3.15207
11.4366 3.12306
11.9126 3.09405
12.3886 3.06505
12.8647 3.03604
13.3407 3.00704
13.8879 3.00704
14.4351 3.21206
14.9823 3.41709
15.5295 3.62211
16.0767 3.82714
16.5849 3.82714
17.0932 3.82714
17.6014 3.82714
18.1096 3.82714
18.6179 3.82714
19.1261 3.82714
19.6343 3.82714
20.1426 3.82714
20.6508 3.82714
21.159 3.82714
21.6673 3.82714
22.1755 3.82714
22.6837 3.82714
23.192 3.82714
23.7002 3.82714
24.2084 3.82714
24.7167 3.82714
25.2249 3.82714
25.7332 3.82714
26.2414 3.82714
26.7496 3.82714
27.2579 3.82714
27.7661 3.82714
28.2743 3.82714
28.7826 3.82714
29.2908 3.82714
29.799 3.82714
30.3073 3.82714
30.8155 3.82714
33.2136 4.57404
35.6116 4.57404
38.0097 4.57404
40.4078 4.57404
42.8058 4.57404
45.2039 4.57404
47.6019 4.57404
50.0 4.57404
0.0 1.27026
0.516418 1.27026
1.03284 1.5227
1.54926 1.77514
2.06567 2.02758
2.58209 2.28002
3.09851 2.53246
3.61493 2.7849
4.13135 3.03734
4.64777 3.28978
5.15171 3.28978
5.65566 3.30509
6.15961 3.3204
6.66356 3.33571
7.1675 3.35103
7.67145 3.36634
8.1754 3.38165
8.67935 3.39696
9.1833 3.41227
9.68724 3.42758
10.1912 3.44289
10.6951 3.4582
11.1991 3.47351
11.703 3.48882
12.207 3.50413
12.7109 3.51944
13.2149 3.53475
13.7188 3.55007
14.2228 3.56538
14.7267 3.58069
15.2307 3.596
15.7346 3.61131
16.2386 3.62662
16.7425 3.64193
17.2574 3.64193
17.7723 3.68226
18.2872 3.7226
18.8021 3.76294
19.317 3.80327
19.8319 3.84361
20.3468 3.88394
20.8617 3.92428
21.3766 3.96461
21.8915 4.00495
22.4064 4.04528
22.9213 4.08562
23.4362 4.12596
23.9511 4.16629
24.466 4.20663
24.9809 4.24696
25.4746 4.24696
25.9683 4.25706
26.462 4.26716
26.9557 4.27726
27.4493 4.28735
27.943 4.29745
28.4367 4.30755
28.9304 4.31765
29.4241 4.32775
29.9178 4.33785
30.4115 4.34794
30.9052 4.35804
31.3988 4.36814
31.8925 4.37824
32.3862 4.38834
32.8799 4.39844
33.3893 4.39844
33.8987 4.39844
34.4082 4.39844
34.9176 4.39844
35.427 4.39844
35.9364 4.39844
36.4458 4.39844
36.9553 4.39844
37.4647 4.39844
37.9741 4.39844
38.4835 4.39844
38.9929 4.39844
39.5024 4.39844
40.0118 4.39844
40.5212 4.39844
41.0306 4.39844
43.273 4.66529
45.5153 4.66529
47.7577 4.66529
50.0 4.66529
0.0 1.2758
0.503914 1.2758
1.00783 1.45941
1.51174 1.64302
2.01566 1.82662
2.51957 2.01023
3.02349 2.19384
3.5274 2.37745
4.03131 2.56105
4.53523 2.74466
5.03914 2.92827
5.54306 3.11187
6.04697 3.29548
6.55697 3.29548
7.06697 3.31273
7.57697 3.32997
8.08697 3.34722
8.59697 3.36446
9.10697 3.38171
9.61697 3.39896
10.127 3.4162
10.637 3.43345
11.147 3.45069
11.657 3.46794
12.167 3.48518
12.677 3.50243
13.187 3.51968
13.697 3.53692
14.207 3.55417
14.717 3.57141
15.227 3.58866
15.737 3.6059
16.2313 3.6059
16.7257 3.629
17.2201 3.65211
17.7144 3.67521
18.2088 3.69831
18.7031 3.72141
19.1975 3.74451
19.6919 3.76761
20.1862 3.79071
20.6806 3.81381
21.175 3.83691
21.6693 3.86001
22.1637 3.88311
22.6581 3.90621
23.1524 3.92931
23.6468 3.95241
24.1412 3.97551
24.6355 3.99861
25.1299 4.02171
25.6242 4.04481
26.1186 4.06791
26.613 4.09101
27.1073 4.11411
27.6017 4.13721
28.0961 4.16031
28.5904 4.18341
29.0898 4.18341
29.5892 4.21031
30.0886 4.23721
30.5881 4.26411
31.0875 4.29101
31.5869 4.31791
32.0863 4.34481
32.5857 4.3717
33.0851 4.3986
33.5845 4.4255
34.0839 4.4524
34.5833 4.4793
35.081 4.4793
35.5787 4.4793
36.0764 4.4793
36.5741 4.4793
37.0718 4.4793
37.5695 4.4793
38.0672 4.4793
38.5649 4.4793
39.0626 4.4793
39.5603 4.4793
40.058 4.4793
40.5557 4.4793
41.0534 4.4793
43.29 4.68545
45.5267 4.68545
47.7633 4.68545
50.0 4.68545
0.0 1.06352
0.471352 1.06352
0.942704 1.3433
1.41406 1.62308
1.88541 1.90287
2.35676 2.18265
2.82811 2.46243
3.29946 2.74221
3.77082 3.022
4.25844 3.022
4.74607 3.03644
5.2337 3.05089
5.72132 3.06533
6.20895 3.07978
6.69657 3.09422
7.1842 3.10867
7.67183 3.12311
8.15945 3.13756
8.64708 3.15201
9.13471 3.16645
9.62233 3.1809
10.11 3.19534
10.5976 3.20979
11.0911 3.20979
11.5845 3.24041
12.078 3.27103
12.5715 3.30165
13.065 3.33227
13.5584 3.36289
14.0519 3.39351
14.5454 3.42413
15.0389 3.45475
15.5323 3.48537
16.0258 3.51599
16.5193 3.54662
17.0128 3.57724
17.5063 3.60786
17.9997 3.63848
18.4932 3.6691
18.9867 3.69972
19.4802 3.73034
19.9736 3.76096
20.4671 3.79158
20.9606 3.8222
21.4541 3.85282
21.9475 3.88344
22.441 3.91406
22.9345 3.94469
23.428 3.97531
23.9214 4.00593
24.4149 4.03655
24.9084 4.06717
25.4019 4.09779
25.8953 4.12841
26.3888 4.15903
26.8823 4.18965
27.3758 4.22027
27.8896 4.22027
28.4033 4.26548
28.9171 4.3107
29.4309 4.35591
29.9447 4.40112
30.4585 4.44634
30.9722 4.49155
31.486 4.53676
31.9998 4.58197
32.5136 4.62719
33.0207 4.62719
33.5278 4.62719
34.0349 4.62719
34.542 4.62719
35.049 4.62719
35.5561 4.62719
36.0632 4.62719
36.5703 4.62719
37.0774 4.62719
37.5845 4.62719
38.0916 4.62719
38.5987 4.62719
39.1058 4.62719
39.6129 4.62719
40.12 4.62719
40.6271 4.62719
41.1342 4.62719
41.6412 4.62719
42.1483 4.62719
44.7656 4.70507
47.3828 4.70507
50.0 4.70507
0.0 1.15376
0.52129 1.15376
1.04258 1.45368
1.56387 1.7536
2.08516 2.05352
2.60645 2.35345
3.12774 2.65337
3.64903 2.95329
4.18858 2.95329
4.72812 2.96506
5.26767 2.97683
5.77182 2.97683
6.27597 2.98663
6.78012 2.99643
7.28427 3.00624
7.78842 3.01604
8.29256 3.02584
8.79671 3.03564
9.30086 3.04544
9.80501 3.05524
10.3092 3.06505
10.8133 3.07485
11.3175 3.08465
11.8216 3.09445
12.3258 3.10425
12.8188 3.10425
13.3118 3.18024
13.8048 3.25623
14.2979 3.33222
14.7909 3.40821
15.2839 3.4842
15.7769 3.56019
16.2699 3.63618
16.763 3.71217
17.256 3.78816
17.749 3.86415
18.242 3.94015
18.7351 4.01614
19.2281 4.09213
19.7211 4.16812
20.2141 4.24411
20.7139 4.24411
21.2137 4.24411
21.7135 4.24411
22.2132 4.24411
22.713 4.24411
23.2128 4.24411
23.7126 4.24411
24.2123 4.24411
24.7121 4.24411
25.2119 4.24411
25.7117 4.24411
26.2114 4.24411
28.5903 4.46812
30.9692 4.46812
33.348 4.46812
35.7269 4.46812
38.1057 4.46812
40.4846 4.46812
42.8634 4.46812
45.2423 4.46812
47.6211 4.46812
50.0 4.46812
0.0 1.04547
0.486246 1.04547
0.972491 1.35573
1.45874 1.66599
1.94498 1.97625
2.43123 2.28651
2.91747 2.59678
3.40372 2.90704
3.90831 2.90704
4.4129 2.93171
4.91749 2.95639
5.42208 2.98106
5.92667 3.00574
6.43126 3.03041
6.93586 3.05509
7.44045 3.07976
7.94504 3.10444
8.44963 3.12911
8.95422 3.15379
9.46104 3.15379
9.96786 3.188
10.4747 3.22221
10.9815 3.25642
11.4883 3.29064
11.9952 3.32485
12.502 3.35906
13.0088 3.39327
13.5156 3.42748
14.0224 3.46169
14.5293 3.49591
15.0361 3.53012
15.5429 3.56433
16.0497 3.59854
16.5566 3.63275
17.0634 3.66696
17.5702 3.70118
18.077 3.73539
18.5839 3.7696
19.0907 3.80381
19.5975 3.83802
20.1043 3.87223
20.6111 3.90645
21.118 3.94066
21.6248 3.97487
22.1316 4.00908
22.6384 4.04329
23.1453 4.07751
23.6521 4.11172
24.1589 4.14593
24.6657 4.18014
25.168 4.18014
25.6704 4.19937
26.1727 4.2186
26.675 4.23784
27.1773 4.25707
27.6796 4.2763
28.182 4.29553
28.6843 4.31476
29.1866 4.33399
29.6889 4.35323
30.1912 4.37246
30.6936 4.39169
31.1959 4.41092
31.6982 4.43015
32.2005 4.44938
32.7028 4.46862
33.2051 4.48785
33.7075 4.50708
34.2098 4.52631
34.7121 4.54554
35.2144 4.56477
35.7167 4.58401
36.2191 4.60324
36.7288 4.60324
37.2386 4.60324
37.7484 4.60324
38.2582 4.60324
38.7679 4.60324
39.2777 4.60324
39.7875 4.60324
40.2973 4.60324
40.8071 4.60324
41.3168 4.60324
41.8266 4.60324
42.3364 4.60324
44.8909 4.64494
47.4455 4.64494
50.0 4.64494
0.0 1.2403
0.500376 1.2403
1.00075 1.44374
1.50113 1.64718
2.00151 1.85062
2.50188 2.05406
3.00226 2.2575
3.50263 2.46094
4.00301 2.66438
4.50339 2.86782
5.00376 3.07126
5.50414 3.2747
5.99492 3.2747
6.4857 3.29008
6.97648 3.30545
7.46725 3.32083
7.95803 3.33621
8.44881 3.35158
8.93959 3.36696
9.43037 3.38234
9.92115 3.39771
10.4119 3.41309
10.9027 3.42846
11.3935 3.44384
11.8843 3.45922
12.375 3.47459
12.8658 3.48997
13.3566 3.50535
13.8474 3.52072
14.3382 3.5361
14.8289 3.55147
15.3197 3.56685
15.8105 3.58223
16.3013 3.5976
16.792 3.61298
17.2828 3.62836
17.7736 3.64373
18.2679 3.64373
18.7623 3.66705
19.2566 3.69037
19.7509 3.71369
20.2452 3.737
20.7395 3.76032
21.2339 3.78364
21.7282 3.80696
22.2225 3.83027
22.7168 3.85359
23.2112 3.87691
23.7055 3.90023
24.1998 3.92355
24.6941 3.94686
25.1884 3.97018
25.6828 3.9935
26.1771 4.01682
26.6714 4.04014
27.1657 4.06345
27.6601 4.08677
28.1544 4.11009
28.6487 4.13341
29.1535 4.13341
29.6583 4.15864
30.1631 4.18387
30.6679 4.2091
31.1727 4.23433
31.6775 4.25956
32.1823 4.2848
32.6871 4.31003
33.1919 4.33526
33.6967 4.36049
34.2015 4.38572
34.7063 4.41095
35.2111 4.43618
35.6948 4.43618
36.1786 4.43618
36.6624 4.43618
37.1461 4.43618
37.6299 4.43618
38.1137 4.43618
38.5974 4.43618
39.0812 4.43618
39.565 4.43618
40.0487 4.43618
40.5325 4.43618
41.0163 4.43618
43.2622 4.62457
45.5081 4.62457
47.7541 4.62457
50.0 4.62457
0.0 1.27492
0.535548 1.27492
1.0711 1.53981
1.60664 1.80469
2.14219 2.06957
2.67774 2.33445
3.21329 2.59934
3.69135 2.59934
4.16941 2.66206
4.64748 2.72477
5.12554 2.78749
5.6036 2.85021
6.08166 2.91293
6.55973 2.97565
7.03779 3.03837
7.51585 3.10109
7.99392 3.16381
8.47198 3.22653
8.95567 3.22653
9.43936 3.21422
9.92305 3.2019
10.4067 3.18958
10.8904 3.17727
11.3741 3.16495
11.8578 3.15263
12.3415 3.14032
12.8252 3.128
13.3089 3.11568
13.7926 3.10337
14.2763 3.09105
14.7694 3.09105
15.2626 3.15533
15.7557 3.21961
16.2489 3.28389
16.742 3.34817
17.2352 3.41245
17.7283 3.47673
18.2215 3.54101
18.7146 3.60529
19.2078 3.66957
19.7009 3.73385
20.1941 3.79812
20.6872 3.8624
21.195 3.8624
21.7028 3.8624
22.2106 3.8624
22.7184 3.8624
23.2262 3.8624
23.734 3.8624
24.2417 3.8624
24.7495 3.8624
25.2573 3.8624
25.7651 3.8624
26.2729 3.8624
26.7807 3.8624
27.2885 3.8624
27.7963 3.8624
28.304 3.8624
28.8118 3.8624
29.3196 3.8624
29.8274 3.8624
30.3352 3.8624
30.843 3.8624
33.2376 4.55844
35.6322 4.55844
38.0269 4.55844
40.4215 4.55844
42.8161 4.55844
45.2107 4.55844
47.6054 4.55844
50.0 4.55844
0.0 1.28614
0.511943 1.28614
1.02389 1.58073
1.53583 1.87533
2.04777 2.16992
2.55972 2.46452
3.05597 2.46452
3.55222 2.51967
4.04847 2.57483
4.54472 2.62998
5.04097 2.68514
5.53722 2.74029
6.03347 2.79545
6.52972 2.8506
7.02597 2.90575
7.52222 2.96091
8.01848 3.01606
8.51473 3.07122
9.01098 3.12637
9.50723 3.18152
10.0035 3.23668
10.4997 3.29183
10.996 3.34699
11.4922 3.40214
11.9885 3.45729
12.4847 3.51245
12.981 3.5676
13.4772 3.62276
13.9735 3.67791
14.5066 3.67791
15.0397 3.71283
15.5728 3.74776
16.1059 3.78268
16.639 3.8176
17.1721 3.85252
17.7052 3.88745
18.1861 3.88745
18.667 3.89851
19.1479 3.90958
19.6287 3.92064
20.1096 3.9317
20.5905 3.94277
21.0714 3.95383
21.5523 3.9649
22.0331 3.97596
22.514 3.98703
23.0248 3.98703
23.5355 3.98703
24.0463 3.98703
24.5571 3.98703
25.0678 3.98703
25.5786 3.98703
26.0893 3.98703
26.6001 3.98703
27.1109 3.98703
27.6216 3.98703
28.1324 3.98703
28.6431 3.98703
29.1539 3.98703
29.6646 3.98703
30.1754 3.98703
30.6862 3.98703
31.1969 3.98703
33.5473 4.45723
35.8977 4.45723
38.2481 4.45723
40.5985 4.45723
42.9488 4.45723
45.2992 4.45723
47.6496 4.45723
50.0 4.45723
0.0 1.12679
0.479895 1.12679
0.95979 1.43241
1.43968 1.73804
1.91958 2.04366
2.39947 2.34929
2.87937 2.65492
3.35926 2.96054
3.87815 2.96054
4.39704 2.95549
4.91593 2.95043
5.43482 2.94538
5.92245 2.94538
6.41008 2.95588
6.89771 2.96638
7.38534 2.97688
7.87297 2.98738
8.3606 2.99788
8.84823 3.00838
9.33585 3.01888
9.82348 3.02938
10.3111 3.03988
10.7987 3.05038
11.2864 3.06088
11.774 3.07138
12.2616 3.08188
12.7572 3.08188
13.2529 3.16889
13.7485 3.25589
14.2441 3.3429
14.7397 3.42991
15.2353 3.51692
15.7309 3.60393
16.2265 3.69094
16.7221 3.77794
17.2177 3.86495
17.7134 3.95196
18.209 4.03897
18.7046 4.12598
19.2002 4.21299
19.6958 4.29999
20.1927 4.29999
20.6897 4.29999
21.1866 4.29999
21.6835 4.29999
22.1805 4.29999
22.6774 4.29999
23.1743 4.29999
23.6713 4.29999
24.1682 4.29999
24.6651 4.29999
25.1621 4.29999
25.659 4.29999
26.1559 4.29999
28.5403 4.49965
30.9247 4.49965
33.3091 4.49965
35.6936 4.49965
38.078 4.49965
40.4624 4.49965
42.8468 4.49965
45.2312 4.49965
47.6156 4.49965
50.0 4.49965
0.0 1.28222
0.526283 1.28222
1.05257 1.56999
1.57885 1.85777
2.10513 2.14554
2.63141 2.43332
3.12636 2.43332
3.62131 2.48758
4.11626 2.54184
4.61121 2.5961
5.10616 2.65035
5.60111 2.70461
6.09606 2.75887
6.59101 2.81313
7.08596 2.86739
7.58091 2.92165
8.07586 2.97591
8.57081 3.03017
9.06577 3.08443
9.56072 3.13869
10.0557 3.19294
10.5506 3.2472
11.0456 3.30146
11.5405 3.35572
12.0355 3.40998
12.5304 3.46424
13.0254 3.5185
13.5203 3.57276
14.0153 3.62702
14.5102 3.68128
15.0482 3.68128
15.5862 3.75591
16.1241 3.83055
16.6621 3.90518
17.2001 3.97982
17.6762 3.97982
18.1522 3.984
18.6283 3.98818
19.1043 3.99236
19.5804 3.99654
20.0564 4.00073
20.5325 4.00491
21.0398 4.00491
21.5472 4.00491
22.0546 4.00491
22.562 4.00491
23.0693 4.00491
23.5767 4.00491
24.0841 4.00491
24.5915 4.00491
25.0989 4.00491
25.6062 4.00491
26.1136 4.00491
26.621 4.00491
27.1284 4.00491
27.6358 4.00491
28.1431 4.00491
28.6505 4.00491
29.1579 4.00491
29.6653 4.00491
30.1726 4.00491
30.68 4.00491
31.1874 4.00491
33.539 4.42614
35.8906 4.42614
38.2421 4.42614
40.5937 4.42614
42.9453 4.42614
45.2969 4.42614
47.6484 4.42614
50.0 4.42614
0.0 1.06761
0.532954 1.06761
1.06591 1.43274
1.59886 1.79786
2.13182 2.16298
2.66477 2.52811
3.19772 2.89323
3.69159 2.89323
4.18546 2.90689
4.67933 2.92054
5.17319 2.9342
5.66706 2.94785
6.16093 2.96151
6.6548 2.97516
7.14867 2.98882
7.64253 3.00247
8.1364 3.01613
8.63027 3.02978
9.12414 3.04344
9.61801 3.05709
10.1119 3.07075
10.6057 3.0844
11.0996 3.09806
11.5935 3.11171
12.0873 3.12537
12.5812 3.13902
13.0751 3.15268
13.5689 3.16633
14.0628 3.17999
14.583 3.17999
15.1031 3.30108
15.6233 3.42217
16.1434 3.54326
16.6636 3.66435
17.1837 3.78544
17.7039 3.90654
18.224 4.02763
18.7442 4.14872
19.2494 4.14872
19.7547 4.16552
20.26 4.18232
20.7652 4.19912
21.2705 4.21592
21.7758 4.23272
22.2811 4.24952
22.7863 4.26632
23.2916 4.28312
23.7969 4.29992
24.3021 4.31672
24.8074 4.33352
25.3127 4.35032
25.8179 4.36712
26.3232 4.38392
26.8285 4.40072
27.3337 4.41752
27.839 4.43432
28.3443 4.45112
28.8495 4.46792
29.3548 4.48472
29.8601 4.50152
30.3654 4.51833
30.8706 4.53513
31.3759 4.55193
31.8812 4.56873
32.3864 4.58553
32.881 4.58553
33.3757 4.58553
33.8703 4.58553
34.3649 4.58553
34.8595 4.58553
35.3541 4.58553
35.8487 4.58553
36.3433 4.58553
36.8379 4.58553
37.3325 4.58553
37.8272 4.58553
38.3218 4.58553
38.8164 4.58553
39.311 4.58553
39.8056 4.58553
40.3002 4.58553
40.7948 4.58553
41.2894 4.58553
41.784 4.58553
42.2787 4.58553
44.8524 4.61608
47.4262 4.61608
50.0 4.61608
0.0 1.29121
0.470066 1.29121
0.940133 1.5784
1.4102 1.86559
1.88027 2.15278
2.35033 2.43997
2.85545 2.43997
3.36057 2.48599
3.86569 2.53201
4.37081 2.57802
4.87593 2.62404
5.38105 2.67006
5.88617 2.71608
6.39129 2.76209
6.89641 2.80811
7.40153 2.85413
7.90665 2.90015
8.41177 2.94616
8.91689 2.99218
9.42201 3.0382
9.92713 3.08422
10.4323 3.13024
10.9374 3.17625
11.4425 3.22227
11.9476 3.26829
12.4527 3.31431
12.9578 3.36032
13.463 3.40634
13.9681 3.45236
14.4732 3.49838
14.9783 3.54439
15.4834 3.59041
15.9886 3.63643
16.4963 3.63643
17.004 3.726
17.5117 3.81557
18.0194 3.90514
18.5271 3.99471
19.0983 3.99471
19.6696 4.02448
20.2408 4.05425
20.7342 4.05425
21.2275 4.05425
21.7209 4.05425
22.2143 4.05425
22.7076 4.05425
23.201 4.05425
23.6943 4.05425
24.1877 4.05425
24.681 4.05425
25.1744 4.05425
25.6677 4.05425
26.1611 4.05425
26.6545 4.05425
27.1478 4.05425
27.6412 4.05425
28.1345 4.05425
28.6279 4.05425
29.1212 4.05425
29.6146 4.05425
30.108 4.05425
30.6013 4.05425
31.0947 4.05425
33.4578 4.43509
35.821 4.43509
38.1842 4.43509
40.5473 4.43509
42.9105 4.43509
45.2737 4.43509
47.6368 4.43509
50.0 4.43509
0.0 1.05946
0.465393 1.05946
0.930786 1.39328
1.39618 1.7271
1.86157 2.06093
2.32696 2.39475
2.79236 2.72857
3.25775 3.06239
3.71786 3.06239
4.17797 2.98421
4.63808 2.90602
5.09819 2.82783
5.5583 2.74965
6.06584 2.74965
6.57338 2.81329
7.08092 2.87694
7.58846 2.94059
8.096 3.00424
8.60354 3.06789
9.11108 3.13154
9.61862 3.19519
10.1407 3.19519
10.6628 3.22999
11.1848 3.2648
11.7069 3.29961
12.229 3.33442
12.7121 3.33442
13.1952 3.33442
13.6784 3.33442
14.1615 3.33442
14.6446 3.33442
15.1278 3.33442
15.6109 3.33442
16.0941 3.33442
16.5772 3.33442
17.0603 3.33442
17.5435 3.33442
20.0401 4.60311
22.5368 4.60311
25.0334 4.60311
27.5301 4.60311
30.0268 4.60311
32.5234 4.60311
35.0201 4.60311
37.5167 4.60311
40.0134 4.60311
42.51 4.60311
45.0067 4.60311
47.5033 4.60311
50.0 4.60311
0.0 1.07976
0.503883 1.07976
1.00777 1.38308
1.51165 1.6864
2.01553 1.98972
2.51942 2.29304
3.0233 2.59636
3.52718 2.89968
4.01495 2.89968
4.50272 2.91732
4.99049 2.93496
5.47826 2.9526
5.96603 2.97025
6.4538 2.98789
6.94157 3.00553
7.42934 3.02317
7.91711 3.04081
8.40488 3.05846
8.89265 3.0761
9.38042 3.09374
9.86819 3.11138
10.356 3.12903
10.8437 3.14667
11.3315 3.16431
11.8193 3.18195
12.307 3.19959
12.7948 3.21724
13.2826 3.23488
13.7901 3.23488
14.2975 3.30746
14.805 3.38005
15.3125 3.45263
15.82 3.52522
16.3275 3.5978
16.8349 3.67039
17.3424 3.74297
17.8499 3.81556
18.3574 3.88814
18.8649 3.96073
19.3724 4.03331
19.8798 4.1059
20.3783 4.1059
20.8767 4.13418
21.3751 4.16247
21.8736 4.19076
22.372 4.21905
22.8704 4.24734
23.3689 4.27562
23.8673 4.30391
24.3657 4.3322
24.8642 4.36049
25.3626 4.38878
25.8611 4.41706
26.3595 4.44535
26.8579 4.47364
27.3564 4.50193
27.8548 4.53022
28.3532 4.5585
28.8517 4.58679
29.3501 4.61508
29.8461 4.61508
30.3421 4.61508
30.8381 4.61508
31.3341 4.61508
31.8301 4.61508
32.3261 4.61508
32.822 4.61508
33.318 4.61508
33.814 4.61508
34.31 4.61508
34.806 4.61508
35.302 4.61508
35.798 4.61508
36.294 4.61508
36.79 4.61508
37.286 4.61508
37.782 4.61508
38.278 4.61508
38.774 4.61508
39.27 4.61508
39.766 4.61508
40.2619 4.61508
40.7579 4.61508
41.2539 4.61508
41.7499 4.61508
42.2459 4.61508
44.8306 4.64383
47.4153 4.64383
50.0 4.64383
0.0 1.10693
0.474161 1.10693
0.948322 1.39998
1.42248 1.69302
1.89664 1.98607
2.37081 2.27912
2.84497 2.57216
3.31913 2.86521
3.8153 2.86521
4.31147 2.88865
4.80764 2.91209
5.30381 2.93553
5.79998 2.95896
6.29615 2.9824
6.79232 3.00584
7.2885 3.02928
7.78467 3.05272
8.28084 3.07615
8.77701 3.09959
9.27318 3.12303
9.76935 3.14647
10.2655 3.16991
10.7617 3.19335
11.2579 3.21678
11.754 3.24022
12.2447 3.24022
12.7354 3.2815
13.2261 3.32278
13.7167 3.36406
14.2074 3.40534
14.6981 3.44662
15.1888 3.4879
15.6794 3.52918
16.1701 3.57046
16.6608 3.61174
17.1515 3.65302
17.6421 3.6943
18.1328 3.73559
18.6235 3.77687
19.1142 3.81815
19.6048 3.85943
20.0955 3.90071
20.5862 3.94199
21.0769 3.98327
21.5676 4.02455
22.0582 4.06583
22.5489 4.10711
23.056 4.10711
23.5631 4.14721
24.0702 4.18731
24.5773 4.2274
25.0843 4.2675
25.5914 4.3076
26.0985 4.3477
26.6056 4.3878
27.1127 4.4279
27.6198 4.468
28.1269 4.5081
28.634 4.5482
29.1363 4.5482
29.6386 4.5482
30.141 4.5482
30.6433 4.5482
31.1457 4.5482
31.648 4.5482
32.1504 4.5482
32.6527 4.5482
33.155 4.5482
33.6574 4.5482
34.1597 4.5482
34.6621 4.5482
35.1644 4.5482
35.6668 4.5482
36.1691 4.5482
36.6714 4.5482
37.1738 4.5482
37.6761 4.5482
38.1785 4.5482
38.6808 4.5482
39.1832 4.5482
39.6855 4.5482
40.1878 4.5482
40.6902 4.5482
41.1925 4.5482
41.6949 4.5482
42.1972 4.5482
44.7981 4.55971
47.3991 4.55971
50.0 4.55971
0.0 1.12594
0.472393 1.12594
0.944787 1.39889
1.41718 1.67184
1.88957 1.94479
2.36197 2.21774
2.83436 2.49069
3.30675 2.76364
3.80044 2.76364
4.29413 2.79911
4.78782 2.83457
5.2815 2.87003
5.77519 2.9055
6.26888 2.94096
6.76256 2.97643
7.25625 3.01189
7.74994 3.04735
8.24363 3.08282
8.73731 3.11828
9.231 3.15375
9.72469 3.18921
10.2184 3.22467
10.7121 3.26014
11.2115 3.26014
11.711 3.29746
12.2104 3.33477
12.7098 3.37209
13.2093 3.40941
13.7087 3.44673
14.2082 3.48404
14.7076 3.52136
15.2071 3.55868
15.7065 3.596
16.206 3.63331
16.7054 3.67063
17.2048 3.70795
17.7043 3.74527
18.2037 3.78258
18.7032 3.8199
19.2026 3.85722
19.7021 3.89454
20.2015 3.93185
20.701 3.96917
21.2004 4.00649
21.6998 4.04381
22.1993 4.08112
22.6987 4.11844
23.1973 4.11844
23.6958 4.15098
24.1944 4.18351
24.6929 4.21604
25.1915 4.24858
25.69 4.28111
26.1886 4.31364
26.6871 4.34618
27.1857 4.37871
27.6842 4.41124
28.1828 4.44378
28.6813 4.47631
29.1799 4.50884
29.6829 4.50884
30.1859 4.50884
30.6889 4.50884
31.1919 4.50884
31.6949 4.50884
32.198 4.50884
32.701 4.50884
33.204 4.50884
33.707 4.50884
34.21 4.50884
34.713 4.50884
35.216 4.50884
35.7191 4.50884
36.2221 4.50884
36.7251 4.50884
37.2281 4.50884
37.7311 4.50884
38.2341 4.50884
38.7371 4.50884
39.2402 4.50884
39.7432 4.50884
40.2462 4.50884
40.7492 4.50884
41.2522 4.50884
41.7552 4.50884
42.2582 4.50884
44.8388 4.51574
47.4194 4.51574
50.0 4.51574
0.0 1.14245
0.479658 1.14245
0.959315 1.41456
1.43897 1.68666
1.91863 1.95877
2.39829 2.23088
2.87795 2.50299
3.3576 2.77509
3.87137 2.77509
4.38513 2.81031
4.89889 2.84553
5.41266 2.88075
5.92642 2.91597
6.44018 2.95119
6.95395 2.98641
7.46771 3.02163
7.98147 3.05685
8.49524 3.09206
9.009 3.12728
9.52276 3.1625
10.0365 3.19772
10.5503 3.23294
11.0641 3.26816
11.5778 3.30338
12.076 3.30338
12.5741 3.34402
13.0723 3.38467
13.5705 3.42531
14.0686 3.46596
14.5668 3.5066
15.0649 3.54725
15.5631 3.58789
16.0613 3.62854
16.5594 3.66918
17.0576 3.70983
17.5557 3.75047
18.0539 3.79112
18.5521 3.83176
19.0502 3.87241
19.5484 3.91305
20.0466 3.9537
20.5447 3.99434
21.0429 4.03499
21.541 4.07563
22.0392 4.11628
22.5374 4.15692
23.049 4.15692
23.5606 4.17577
24.0723 4.19463
24.5839 4.21348
25.0955 4.23233
25.6072 4.25118
26.1188 4.27004
26.6304 4.28889
27.142 4.30774
27.6537 4.3266
28.1653 4.34545
28.6769 4.3643
29.1886 4.38315
29.7002 4.40201
30.2118 4.42086
30.7235 4.43971
31.2351 4.45857
31.7305 4.45857
32.2259 4.45857
32.7213 4.45857
33.2167 4.45857
33.7121 4.45857
34.2075 4.45857
34.7029 4.45857
35.1983 4.45857
35.6937 4.45857
36.1891 4.45857
36.6845 4.45857
37.1799 4.45857
37.6753 4.45857
38.1707 4.45857
38.6661 4.45857
39.1615 4.45857
39.6569 4.45857
40.1524 4.45857
40.6478 4.45857
41.1432 4.45857
41.6386 4.45857
42.134 4.45857
44.756 4.54288
47.378 4.54288
50.0 4.54288
0.0 1.16989
0.475592 1.16989
0.951184 1.38017
1.42678 1.59046
1.90237 1.80074
2.37796 2.01102
2.85355 2.2213
3.32914 2.43158
3.80473 2.64186
4.28313 2.64186
4.76153 2.79276
5.23993 2.94366
5.71833 3.09456
6.19673 3.24546
6.68996 3.24546
7.18319 3.22102
7.67642 3.19657
8.16965 3.17213
8.66288 3.14768
9.15611 3.12324
9.64935 3.09879
10.1475 3.09879
10.6457 3.12836
11.1439 3.15793
11.642 3.1875
12.1402 3.21707
12.6384 3.24663
13.1365 3.2762
13.6347 3.30577
14.1329 3.33534
14.631 3.36491
15.1292 3.39447
15.6274 3.42404
16.1255 3.45361
16.6237 3.48318
17.1219 3.51275
17.62 3.54231
18.1182 3.57188
18.6164 3.60145
19.1145 3.63102
19.6127 3.66059
20.1109 3.69015
20.6091 3.71972
21.1072 3.74929
21.6054 3.77886
22.1036 3.80843
22.6017 3.838
23.0999 3.86756
23.5902 3.86756
24.0806 3.86756
24.5709 3.86756
25.0612 3.86756
25.5516 3.86756
26.0419 3.86756
26.5322 3.86756
27.0226 3.86756
27.5129 3.86756
28.0032 3.86756
28.4936 3.86756
28.9839 3.86756
29.4742 3.86756
29.9646 3.86756
30.4549 3.86756
30.9452 3.86756
33.3271 4.52012
35.7089 4.52012
38.0908 4.52012
40.4726 4.52012
42.8545 4.52012
45.2363 4.52012
47.6182 4.52012
50.0 4.52012
0.0 1.1164
0.503968 1.1164
1.00794 1.4621
1.5119 1.8078
2.01587 2.1535
2.51984 2.4992
3.02381 2.8449
3.53096 2.8449
4.03812 2.90139
4.54527 2.95788
5.05242 3.01437
5.55958 3.07086
6.06673 3.12735
6.57389 3.18384
7.08104 3.24033
7.58819 3.29682
8.09535 3.35331
8.6025 3.4098
9.03662 3.4098
9.47074 3.4444
9.90486 3.47901
10.4085 3.47901
10.9122 3.47313
11.4159 3.46725
11.9196 3.46137
12.4233 3.45549
12.927 3.44961
13.4307 3.44373
13.9344 3.43785
14.4381 3.43197
14.9418 3.42609
15.4109 3.42609
15.88 3.42609
16.3491 3.42609
16.8182 3.42609
19.3706 4.61227
21.9231 4.61227
24.4755 4.61227
27.028 4.61227
29.5804 4.61227
32.1329 4.61227
34.6853 4.61227
37.2378 4.61227
39.7902 4.61227
42.3427 4.61227
44.8951 4.61227
47.4476 4.61227
50.0 4.61227
0.0 1.28302
0.475692 1.28302
0.951384 1.58276
1.42708 1.8825
1.90277 2.18224
2.37846 2.48199
2.87694 2.48199
3.37541 2.52657
3.87389 2.57116
4.37236 2.61575
4.87084 2.66033
5.36931 2.70492
5.86779 2.74951
6.36626 2.79409
6.86474 2.83868
7.36321 2.88327
7.86169 2.92785
8.36016 2.97244
8.85864 3.01703
9.35711 3.06161
9.85559 3.1062
10.3541 3.15079
10.8525 3.19537
11.351 3.23996
11.8495 3.28455
12.348 3.32913
12.8464 3.37372
13.3449 3.41831
13.8434 3.46289
14.3419 3.50748
14.8403 3.55207
15.3388 3.59666
15.8373 3.64124
16.37 3.64124
16.9027 3.70638
17.4355 3.77151
17.9682 3.83664
18.5009 3.90178
19.0337 3.96691
19.5899 3.96691
20.146 3.99971
20.7022 4.03251
21.2584 4.06531
21.7516 4.06531
22.2447 4.06531
22.7379 4.06531
23.231 4.06531
23.7242 4.06531
24.2173 4.06531
24.7105 4.06531
25.2036 4.06531
25.6968 4.06531
26.19 4.06531
26.6831 4.06531
27.1763 4.06531
27.6694 4.06531
28.1626 4.06531
28.6557 4.06531
29.1489 4.06531
29.642 4.06531
30.1352 4.06531
30.6284 4.06531
31.1215 4.06531
33.4813 4.43667
35.8411 4.43667
38.2009 4.43667
40.5608 4.43667
42.9206 4.43667
45.2804 4.43667
47.6402 4.43667
50.0 4.43667
0.0 1.16333
0.497912 1.16333
0.995824 1.48663
1.49374 1.80993
1.99165 2.13323
2.48956 2.45653
2.98747 2.77983
3.48935 2.77983
3.99122 2.84758
4.4931 2.91532
4.99497 2.98306
5.49684 3.0508
5.99872 3.11854
6.50059 3.18628
7.00247 3.25402
7.50434 3.32177
8.00622 3.38951
8.35647 3.38951
8.70673 3.44643
9.20716 3.44643
9.70758 3.44609
10.208 3.44575
10.7084 3.44541
11.2088 3.44507
11.7093 3.44474
12.2097 3.4444
12.7101 3.44406
13.2105 3.44372
13.711 3.44338
14.2469 3.44338
14.7828 3.44338
15.3187 3.44338
15.8546 3.44338
16.3905 3.44338
16.9265 3.44338
19.4706 4.5418
22.0147 4.5418
24.5588 4.5418
27.1029 4.5418
29.6471 4.5418
32.1912 4.5418
34.7353 4.5418
37.2794 4.5418
39.8235 4.5418
42.3676 4.5418
44.9118 4.5418
47.4559 4.5418
50.0 4.5418
0.0 1.43945
0.44046 1.43945
0.938418 1.37187
1.43638 1.61525
1.93433 1.85862
2.43229 2.102
2.93025 2.34537
3.42821 2.58875
3.92617 2.83212
4.42413 3.0755
4.92596 3.0755
5.42779 3.0973
5.92962 3.1191
6.43145 3.1409
6.93328 3.1627
7.43511 3.1845
7.93695 3.2063
8.43878 3.2281
8.94061 3.2499
9.44244 3.2717
9.94427 3.2935
10.4461 3.3153
10.9479 3.3371
11.4498 3.3589
11.9516 3.3807
12.4534 3.4025
12.9553 3.4243
13.4571 3.4461
13.9589 3.4679
14.4608 3.4897
14.9626 3.5115
15.4644 3.5333
15.9663 3.5551
16.4681 3.5769
16.9699 3.5987
17.4717 3.6205
17.9736 3.6423
18.4754 3.6641
18.9772 3.6859
19.4791 3.7077
19.9809 3.7295
20.4827 3.7513
20.9846 3.7731
21.4864 3.7949
21.9882 3.8167
22.4901 3.8385
22.9919 3.8603
23.4937 3.8821
23.9854 3.8821
24.4771 3.92285
24.9688 3.96359
25.4605 4.00434
25.9522 4.04509
26.4439 4.08584
26.9356 4.12658
27.4273 4.16733
27.919 4.20808
28.4107 4.24882
28.9024 4.28957
29.3941 4.33032
29.8857 4.37107
30.394 4.37107
30.9022 4.37107
31.4104 4.37107
31.9186 4.37107
32.4269 4.37107
32.9351 4.37107
33.4433 4.37107
33.9515 4.37107
34.4598 4.37107
34.968 4.37107
35.4762 4.37107
35.9844 4.37107
36.4927 4.37107
37.0009 4.37107
37.5091 4.37107
38.0173 4.37107
38.5256 4.37107
39.0338 4.37107
39.542 4.37107
40.0502 4.37107
40.5585 4.37107
41.0667 4.37107
43.3 4.79847
45.5333 4.79847
47.7667 4.79847
50.0 4.79847
0.0 1.08514
0.532842 1.08514
1.06568 1.39501
1.59852 1.70489
2.13137 2.01476
2.66421 2.32463
3.19705 2.6345
3.70505 2.6345
4.21305 2.67285
4.72104 2.7112
5.22904 2.74955
5.73704 2.78789
6.24504 2.82624
6.75304 2.86459
7.26103 2.90294
7.76903 2.94128
8.27703 2.97963
8.78503 3.01798
9.29303 3.05633
9.80103 3.09468
10.309 3.13302
10.8037 3.13302
11.2984 3.1739
11.7931 3.21477
12.2878 3.25565
12.7825 3.29652
13.2773 3.3374
13.772 3.37827
14.2667 3.41915
14.7614 3.46002
15.2561 3.50089
15.7508 3.54177
16.2455 3.58264
16.7402 3.62352
17.2349 3.66439
17.7296 3.70527
18.2243 3.74614
18.719 3.78702
19.2137 3.82789
19.7084 3.86877
20.2031 3.90964
20.6978 3.95052
21.1925 3.99139
21.6872 4.03226
22.1819 4.07314
22.6766 4.11401
23.1974 4.11401
23.7182 4.06377
24.239 4.01353
24.7598 3.96329
25.2806 3.91305
25.8014 3.86281
26.3222 3.81258
26.5247 3.81258
29.1331 4.45927
31.7414 4.45927
34.3498 4.45927
36.9582 4.45927
39.5665 4.45927
42.1749 4.45927
44.7833 4.45927
47.3916 4.45927
50.0 4.45927
0.0 1.14628
0.493474 1.14628
0.986948 1.44296
1.48042 1.73964
1.9739 2.03632
2.46737 2.333
2.96085 2.62968
3.45432 2.92636
3.97564 2.92636
4.49696 2.93981
5.01828 2.95326
5.51989 2.95326
6.02151 2.96118
6.52312 2.9691
7.02473 2.97702
7.52634 2.98494
8.02795 2.99286
8.52957 3.00079
9.03118 3.00871
9.53279 3.01663
10.0344 3.02455
10.536 3.03247
11.0376 3.04039
11.5392 3.04831
12.0408 3.05623
12.5425 3.06415
13.0441 3.07207
13.5457 3.07999
14.0515 3.07999
14.5573 3.15872
15.0631 3.23744
15.5689 3.31616
16.0747 3.39488
16.5806 3.4736
17.0864 3.55232
17.5922 3.63104
18.098 3.70977
18.6038 3.78849
19.1096 3.86721
19.6154 3.94593
20.1212 4.02465
20.6271 4.10337
21.1329 4.18209
21.6405 4.18209
22.1481 4.18209
22.6558 4.18209
23.1634 4.18209
23.671 4.18209
24.1786 4.18209
24.6863 4.18209
25.1939 4.18209
25.7015 4.18209
26.2092 4.18209
28.5882 4.4482
30.9673 4.4482
33.3464 4.4482
35.7255 4.4482
38.1046 4.4482
40.4837 4.4482
42.8627 4.4482
45.2418 4.4482
47.6209 4.4482
50.0 4.4482
0.0 1.25526
0.513966 1.25526
1.02793 1.45272
1.5419 1.65018
2.05586 1.84763
2.56983 2.04509
3.0838 2.24255
3.59776 2.44001
4.11173 2.63746
4.63948 2.63746
5.16723 2.78593
5.69499 2.9344
6.22274 3.08287
6.75381 3.08287
7.28488 3.09323
7.81595 3.10358
8.34703 3.11394
8.8781 3.12429
9.40917 3.13465
9.90167 3.13465
10.3942 3.1725
10.8867 3.21034
11.3791 3.24819
11.8716 3.28603
12.3641 3.32388
12.8566 3.36172
13.3491 3.39957
13.8416 3.43741
14.3341 3.47526
14.8266 3.51311
15.3191 3.55095
15.8116 3.5888
16.3041 3.62664
16.7966 3.66449
17.2891 3.70233
17.7816 3.74018
18.2741 3.77802
18.7666 3.81587
19.2591 3.85371
19.7633 3.85371
20.2675 3.85371
20.7718 3.85371
21.276 3.85371
21.7802 3.85371
22.2845 3.85371
22.7887 3.85371
23.293 3.85371
23.7972 3.85371
24.3014 3.85371
24.8057 3.85371
25.3099 3.85371
25.8142 3.85371
26.3184 3.85371
26.8226 3.85371
27.3269 3.85371
27.8311 3.85371
28.3354 3.85371
28.8396 3.85371
29.3438 3.85371
29.8481 3.85371
30.3523 3.85371
30.8566 3.85371
33.2495 4.544
35.6424 4.544
38.0353 4.544
40.4283 4.544
42.8212 4.544
45.2141 4.544
47.6071 4.544
50.0 4.544
0.0 1.23944
0.476569 1.23944
0.953138 1.50743
1.42971 1.77542
1.90628 2.04341
2.38284 2.3114
2.85941 2.5794
3.33598 2.84739
3.84385 2.84739
4.35172 2.89143
4.85959 2.93547
5.36746 2.97952
5.85446 2.97952
6.34147 2.98949
6.82847 2.99946
7.31547 3.00943
7.80248 3.0194
8.28948 3.02937
8.77648 3.03933
9.26349 3.0493
9.75049 3.05927
10.2375 3.06924
10.7245 3.07921
11.2115 3.08918
11.6985 3.09915
12.1855 3.10912
12.6725 3.11909
13.1595 3.12906
13.6465 3.13903
14.1335 3.149
14.6279 3.149
15.1223 3.10565
15.6167 3.06231
16.1111 3.01896
16.6055 2.97561
16.9677 2.97561
17.33 2.97561
19.843 4.43728
22.3561 4.43728
24.8692 4.43728
27.3823 4.43728
29.8954 4.43728
32.4084 4.43728
34.9215 4.43728
37.4346 4.43728
39.9477 4.43728
42.4608 4.43728
44.9738 4.43728
47.4869 4.43728
50.0 4.43728
0.0 1.07339
0.468617 1.07339
0.937234 1.33164
1.40585 1.58988
1.87447 1.84812
2.34308 2.10636
2.8117 2.36461
3.28032 2.62285
3.77507 2.62285
4.26982 2.66889
4.76457 2.71492
5.25932 2.76096
5.75407 2.80699
6.24883 2.85303
6.74358 2.89907
7.23833 2.9451
7.73308 2.99114
8.22783 3.03717
8.72258 3.08321
9.21733 3.12925
9.71208 3.17528
10.2203 3.17528
10.7286 3.22007
11.2368 3.26486
11.7451 3.30965
12.2533 3.35444
12.7616 3.39923
13.2698 3.44402
13.7781 3.48881
14.2863 3.53359
14.7946 3.57838
15.3029 3.62317
15.8111 3.66796
16.3194 3.71275
16.8276 3.75754
17.3359 3.80233
17.8441 3.84712
18.3524 3.89191
18.8606 3.93669
19.3689 3.98148
19.8771 4.02627
20.3854 4.07106
20.8936 4.11585
21.4019 4.16064
21.9193 4.16064
22.4368 4.10381
22.9543 4.04697
23.4718 3.99014
23.9892 3.93331
24.5067 3.87648
25.0242 3.81964
25.4901 3.81964
25.9561 3.81964
26.422 3.81964
29.0418 4.44392
31.6616 4.44392
34.2814 4.44392
36.9011 4.44392
39.5209 4.44392
42.1407 4.44392
44.7605 4.44392
47.3802 4.44392
50.0 4.44392
0.0 1.311
0.504984 1.311
1.00997 1.5696
1.51495 1.8282
2.01993 2.0868
2.52492 2.3454
3.0299 2.60401
3.53267 2.60401
4.03544 2.6489
4.5382 2.69379
5.04097 2.73868
5.54374 2.78357
6.0465 2.82847
6.54927 2.87336
7.05204 2.91825
7.55481 2.96314
8.05757 3.00803
8.56034 3.05292
9.06311 3.09782
9.56587 3.14271
10.0686 3.1876
10.5714 3.23249
11.0742 3.27738
11.5769 3.32228
12.0797 3.36717
12.5825 3.41206
13.0852 3.45695
13.588 3.50184
14.0908 3.54674
14.6126 3.54674
15.1344 3.61106
15.6563 3.67538
16.1781 3.73971
16.6999 3.80403
17.2217 3.86836
17.7436 3.93268
18.2654 3.99701
18.7872 4.06133
19.2974 4.06133
19.8076 4.05719
20.3179 4.05304
20.8281 4.0489
21.3383 4.04475
21.8485 4.04061
22.3587 4.03646
22.8689 4.03232
23.3791 4.02818
23.8893 4.02403
24.3996 4.01989
24.9098 4.01574
25.42 4.0116
25.9302 4.00745
26.4404 4.00331
26.9506 3.99916
27.4608 3.99502
27.9417 3.99502
28.4225 3.99502
28.9033 3.99502
29.3841 3.99502
29.865 3.99502
30.3458 3.99502
30.8266 3.99502
31.3074 3.99502
33.9778 4.42022
36.6482 4.42022
39.3185 4.42022
41.9889 4.42022
44.6593 4.42022
47.3296 4.42022
50.0 4.42022
0.0 1.26169
0.486646 1.26169
0.973291 1.52147
1.45994 1.78125
1.94658 2.04103
2.43323 2.30081
2.91987 2.5606
3.4298 2.5606
3.93973 2.61135
4.44966 2.6621
4.95959 2.71285
5.46952 2.7636
5.97945 2.81435
6.48938 2.8651
6.99931 2.91585
7.50924 2.9666
8.01917 3.01735
8.5291 3.0681
9.03903 3.11885
9.54896 3.1696
10.0589 3.22035
10.5688 3.2711
11.0787 3.32185
11.5887 3.3726
12.0986 3.42335
12.6085 3.4741
13.1185 3.52485
13.6284 3.5756
14.1383 3.62635
14.6423 3.62635
15.1463 3.67438
15.6502 3.72241
16.1542 3.77045
16.6582 3.81848
17.1621 3.86652
17.6661 3.91455
18.1701 3.96258
18.674 4.01062
19.178 4.05865
19.682 4.10668
20.1883 4.10668
20.6947 4.10003
21.2011 4.09338
21.7074 4.08672
22.2138 4.08007
22.7202 4.07342
23.2266 4.06676
23.7329 4.06011
24.2393 4.05345
24.7457 4.0468
25.252 4.04015
25.7584 4.03349
26.2648 4.02684
26.7711 4.02019
27.2775 4.01353
27.7839 4.00688
28.2902 4.00022
28.7966 3.99357
29.2979 3.99357
29.7993 3.99357
30.3006 3.99357
30.802 3.99357
31.3033 3.99357
33.9743 4.37641
36.6452 4.37641
39.3162 4.37641
41.9871 4.37641
44.6581 4.37641
47.329 4.37641
50.0 4.37641
0.0 1.09635
0.522635 1.09635
1.04527 1.48081
1.56791 1.86526
2.09054 2.24971
2.61318 2.63417
3.13581 3.01862
3.61878 3.01862
4.10175 2.95807
4.58472 2.89752
5.06769 2.83696
5.55066 2.77641
6.03363 2.71586
6.49898 2.71586
6.96433 2.81187
7.42968 2.90787
7.89503 3.00388
8.36038 3.09989
8.82573 3.19589
9.29108 3.2919
9.80965 3.2919
10.3282 3.31502
10.8468 3.33814
11.3654 3.36127
11.8839 3.38439
12.4003 3.38439
12.9167 3.38439
13.433 3.38439
13.9494 3.38439
14.4658 3.38439
14.9821 3.38439
15.4985 3.38439
16.0149 3.38439
16.5312 3.38439
17.0476 3.38439
17.564 3.38439
20.059 4.59464
22.5541 4.59464
25.0492 4.59464
27.5443 4.59464
30.0394 4.59464
32.5344 4.59464
35.0295 4.59464
37.5246 4.59464
40.0197 4.59464
42.5148 4.59464
45.0098 4.59464
47.5049 4.59464
50.0 4.59464
0.0 1.43073
0.515144 1.43073
1.03029 1.63296
1.54543 1.83519
2.06058 2.03742
2.57572 2.23965
3.09087 2.44188
3.60601 2.64411
4.12116 2.84634
4.6363 3.04857
5.15144 3.2508
5.65783 3.2508
6.16422 3.27005
6.67061 3.2893
7.17701 3.30855
7.6834 3.3278
8.18979 3.34705
8.69618 3.36629
9.20257 3.38554
9.70896 3.40479
10.2153 3.42404
10.7217 3.44329
11.2281 3.46254
11.7345 3.48179
12.2409 3.50104
12.7473 3.52029
13.2537 3.53954
13.7601 3.55879
14.2665 3.57804
14.7729 3.59729
15.2792 3.61654
15.7856 3.63579
16.292 3.65504
16.7984 3.67429
17.3048 3.69354
17.8112 3.71279
18.3176 3.73204
18.8074 3.73204
19.2972 3.79631
19.787 3.86059
20.2769 3.92487
20.7667 3.98915
21.2565 4.05342
21.7463 4.1177
22.2361 4.18198
22.7259 4.24626
23.2158 4.31053
23.7268 4.31053
24.2378 4.3061
24.7489 4.30167
25.2599 4.29723
25.7709 4.2928
26.282 4.28837
26.793 4.28394
27.304 4.2795
27.8151 4.27507
28.3261 4.27064
28.8371 4.26621
29.3482 4.26177
29.8592 4.25734
30.3702 4.25291
30.8812 4.24848
31.3923 4.24404
31.9033 4.23961
32.4143 4.23518
32.9247 4.23518
33.4351 4.23518
33.9455 4.23518
34.4559 4.23518
34.9663 4.23518
35.4767 4.23518
35.9871 4.23518
36.4975 4.23518
37.0079 4.23518
37.5183 4.23518
38.0287 4.23518
38.539 4.23518
39.0494 4.23518
39.5598 4.23518
40.0702 4.23518
42.5527 4.83125
45.0351 4.83125
47.5176 4.83125
50.0 4.83125
0.0 1.19206
0.519109 1.19206
1.03822 1.44193
1.55733 1.6918
2.07644 1.94168
2.59555 2.19155
3.11466 2.44142
3.63376 2.6913
4.12045 2.6913
4.60714 2.78495
5.09382 2.87861
5.58051 2.97227
6.06719 3.06593
6.5461 3.06593
7.025 3.08382
7.5039 3.10171
7.98281 3.11961
8.46171 3.1375
8.96059 3.1375
9.45947 3.1618
9.95836 3.1861
10.4572 3.2104
10.9561 3.23469
11.455 3.25899
11.9539 3.28329
12.4528 3.30759
12.9516 3.33189
13.4505 3.35618
13.9494 3.38048
14.4483 3.40478
14.9472 3.42908
15.4461 3.45338
15.9449 3.47768
16.4438 3.50197
16.9427 3.52627
17.4416 3.55057
17.9405 3.57487
18.4394 3.59917
18.9382 3.62347
19.4371 3.64776
19.936 3.67206
20.4349 3.69636
20.9338 3.72066
21.4326 3.74496
21.9315 3.76925
22.4304 3.79355
22.9293 3.81785
23.4282 3.84215
23.9271 3.86645
24.4185 3.86645
24.9099 3.86645
25.4014 3.86645
25.8928 3.86645
26.3842 3.86645
26.8757 3.86645
27.3671 3.86645
27.8586 3.86645
28.35 3.86645
28.8414 3.86645
29.3329 3.86645
29.8243 3.86645
30.3158 3.86645
30.8072 3.86645
33.2063 4.54615
35.6054 4.54615
38.0045 4.54615
40.4036 4.54615
42.8027 4.54615
45.2018 4.54615
47.6009 4.54615
50.0 4.54615
0.0 1.1298
0.541624 1.1298
1.08325 1.59321
1.62487 2.05661
2.1665 2.52002
2.70812 2.98342
3.20841 2.98342
3.70869 2.95164
4.20898 2.91986
4.70926 2.88808
5.20955 2.8563
5.70984 2.82452
6.21012 2.79274
6.7422 2.79274
7.27427 2.92057
7.80635 3.0484
8.33843 3.17623
8.8705 3.30406
9.38746 3.30406
9.90442 3.30866
10.4214 3.31325
10.9383 3.31785
11.4553 3.32245
11.9723 3.32704
12.4892 3.33164
13.0062 3.33623
13.5231 3.34083
14.0401 3.34543
14.5571 3.35002
15.0689 3.35002
15.5807 3.35002
16.0925 3.35002
16.6044 3.35002
17.1162 3.35002
17.628 3.35002
20.1182 4.64134
22.6083 4.64134
25.0985 4.64134
27.5886 4.64134
30.0788 4.64134
32.5689 4.64134
35.0591 4.64134
37.5492 4.64134
40.0394 4.64134
42.5295 4.64134
45.0197 4.64134
47.5098 4.64134
50.0 4.64134
0.0 1.15882
0.46616 1.15882
0.932321 1.51387
1.39848 1.86893
1.86464 2.22398
2.3308 2.57903
2.79696 2.93408
3.33481 2.93408
3.87265 2.91163
4.41049 2.88917
4.94833 2.86672
5.48618 2.84426
6.02402 2.82181
6.54642 2.82181
7.06881 2.92274
7.59121 3.02368
8.11361 3.12462
8.63601 3.22555
9.17673 3.22555
9.71746 3.24772
10.2582 3.26988
10.7989 3.29204
11.3396 3.3142
11.8238 3.3142
12.3079 3.3142
12.792 3.3142
13.2761 3.3142
13.7603 3.3142
14.2444 3.3142
14.7285 3.3142
15.2126 3.3142
15.6967 3.3142
16.1809 3.3142
16.665 3.3142
17.1491 3.3142
17.6332 3.3142
20.123 4.62784
22.6127 4.62784
25.1025 4.62784
27.5922 4.62784
30.082 4.62784
32.5717 4.62784
35.0615 4.62784
37.5512 4.62784
40.041 4.62784
42.5307 4.62784
45.0205 4.62784
47.5102 4.62784
50.0 4.62784
0.0 1.1445
0.503656 1.1445
1.00731 1.43051
1.51097 1.71652
2.01463 2.00253
2.51828 2.28855
3.02194 2.57456
3.5256 2.86057
4.02339 2.86057
4.52118 2.88614
5.01897 2.9117
5.51677 2.93727
6.01456 2.96284
6.51235 2.9884
7.01014 3.01397
7.50794 3.03954
8.00573 3.0651
8.50352 3.09067
9.00131 3.11624
9.49911 3.1418
9.9969 3.16737
10.4947 3.19294
10.9925 3.2185
11.4903 3.24407
11.9881 3.26964
12.4859 3.2952
12.9837 3.32077
13.4814 3.34634
13.9792 3.3719
14.4894 3.3719
14.9995 3.41813
15.5096 3.46436
16.0198 3.51059
16.5299 3.55682
17.0401 3.60305
17.5502 3.64927
18.0603 3.6955
18.5705 3.74173
19.0806 3.78796
19.5907 3.83419
20.1009 3.88042
20.611 3.92664
21.1211 3.97287
21.6313 4.0191
22.1414 4.06533
22.6515 4.11156
23.1617 4.15779
23.6636 4.15779
24.1654 4.17582
24.6673 4.19385
25.1692 4.21189
25.6711 4.22992
26.173 4.24795
26.6749 4.26598
27.1768 4.28402
27.6787 4.30205
28.1806 4.32008
28.6824 4.33812
29.1843 4.35615
29.6862 4.37418
30.1881 4.39222
30.69 4.41025
31.1919 4.42828
31.6938 4.44632
32.1957 4.46435
32.6975 4.48238
33.1994 4.50041
33.702 4.50041
34.2045 4.50041
34.7071 4.50041
35.2096 4.50041
35.7122 4.50041
36.2147 4.50041
36.7173 4.50041
37.2198 4.50041
37.7224 4.50041
38.2249 4.50041
38.7275 4.50041
39.23 4.50041
39.7326 4.50041
40.2351 4.50041
40.7377 4.50041
41.2402 4.50041
41.7428 4.50041
42.2454 4.50041
44.8302 4.5827
47.4151 4.5827
50.0 4.5827
0.0 1.22156
0.525403 1.22156
1.05081 1.46256
1.57621 1.70355
2.10161 1.94455
2.62702 2.18555
3.15242 2.42655
3.67782 2.66755
4.14618 2.66755
4.61453 2.73631
5.08288 2.80508
5.55123 2.87384
6.01958 2.94261
6.48793 3.01137
6.97251 3.01137
7.45709 3.02366
7.94167 3.03594
8.42625 3.04823
8.91083 3.06051
9.39541 3.0728
9.87999 3.08508
10.3646 3.09737
10.8491 3.10965
11.3337 3.12194
11.8183 3.13422
12.3029 3.14651
12.8126 3.14651
13.3224 3.22574
13.8321 3.30498
14.3418 3.38421
14.8516 3.46345
15.3613 3.54268
15.871 3.62192
16.3808 3.70115
16.8905 3.78039
17.4002 3.85962
17.8968 3.85962
18.3935 3.85962
18.8901 3.85962
19.3867 3.85962
19.8833 3.85962
20.3799 3.85962
20.8765 3.85962
21.3732 3.85962
21.8698 3.85962
22.3664 3.85962
22.863 3.85962
23.3596 3.85962
23.8562 3.85962
24.3529 3.85962
24.8495 3.85962
25.3461 3.85962
25.8427 3.85962
26.3393 3.85962
26.8359 3.85962
27.3326 3.85962
27.8292 3.85962
28.3258 3.85962
28.8224 3.85962
29.319 3.85962
29.8156 3.85962
30.3123 3.85962
30.8089 3.85962
33.2078 4.58512
35.6067 4.58512
38.0055 4.58512
40.4044 4.58512
42.8033 4.58512
45.2022 4.58512
47.6011 4.58512
50.0 4.58512
0.0 1.29028
0.513552 1.29028
1.0271 1.54442
1.54066 1.79856
2.05421 2.05271
2.56776 2.30685
3.08131 2.56099
3.58286 2.56099
4.0844 2.59564
4.58595 2.63029
5.0875 2.66493
5.58904 2.69958
6.09059 2.73423
6.59213 2.76887
7.09368 2.80352
7.59522 2.83817
8.09677 2.87281
8.59832 2.90746
9.09986 2.94211
9.60141 2.97675
10.103 3.0114
10.6045 3.04605
11.106 3.08069
11.6076 3.11534
12.1091 3.14999
12.6107 3.18463
13.1122 3.21928
13.6083 3.21928
14.1044 3.44916
14.6005 3.67903
15.0965 3.90891
15.5926 4.13878
16.0907 4.13878
16.5887 4.10675
17.0867 4.07472
17.5848 4.04269
18.0828 4.01066
18.5809 3.97862
19.0789 3.94659
19.5769 3.91456
20.075 3.88253
20.573 3.8505
21.0711 3.81847
21.5691 3.78643
22.0671 3.7544
22.5652 3.72237
23.0632 3.69034
23.5858 3.69034
24.1084 3.69034
24.6311 3.69034
25.1537 3.69034
25.6763 3.69034
26.1989 3.69034
26.7215 3.69034
29.308 4.44385
31.8945 4.44385
34.481 4.44385
37.0675 4.44385
39.654 4.44385
42.2405 4.44385
44.827 4.44385
47.4135 4.44385
50.0 4.44385
0.0 1.23206
0.507956 1.23206
1.01591 1.60411
1.52387 1.97616
2.03182 2.34821
2.53978 2.72026
3.04774 3.0923
3.51481 3.0923
3.98189 3.0046
4.44897 2.91689
4.91604 2.82918
5.38312 2.74148
5.8502 2.65377
6.3642 2.65377
6.87821 2.7182
7.39221 2.78263
7.90621 2.84707
8.42022 2.9115
8.93422 2.97593
9.44823 3.04036
9.96223 3.10479
10.4762 3.16922
10.9902 3.23366
11.502 3.23366
12.0137 3.21526
12.5255 3.19687
13.0373 3.17848
13.5481 3.17848
14.059 3.17848
14.5699 3.17848
15.0808 3.17848
15.5917 3.17848
16.1026 3.17848
16.6135 3.17848
17.1244 3.17848
17.6353 3.17848
20.1249 4.58967
22.6145 4.58967
25.1041 4.58967
27.5937 4.58967
30.0833 4.58967
32.5728 4.58967
35.0624 4.58967
37.552 4.58967
40.0416 4.58967
42.5312 4.58967
45.0208 4.58967
47.5104 4.58967
50.0 4.58967
0.0 1.23243
0.526528 1.23243
1.05306 1.54716
1.57958 1.86188
2.10611 2.17661
2.63264 2.49134
3.13875 2.49134
3.64487 2.53687
4.15098 2.58239
4.6571 2.62792
5.16321 2.67344
5.66933 2.71897
6.17544 2.7645
6.68156 2.81002
7.18767 2.85555
7.69378 2.90107
8.1999 2.9466
8.70601 2.99212
9.21213 3.03765
9.71824 3.08318
10.2244 3.1287
10.7305 3.17423
11.2366 3.21975
11.7427 3.26528
12.2488 3.3108
12.7549 3.35633
13.261 3.40186
13.7672 3.44738
14.2733 3.49291
14.7794 3.53843
15.2855 3.58396
15.7887 3.58396
16.2919 3.61619
16.7952 3.64843
17.2984 3.68066
17.8016 3.71289
18.3048 3.74512
18.808 3.77736
19.3112 3.80959
19.8145 3.84182
20.3177 3.87405
20.8209 3.90629
21.3241 3.93852
21.8273 3.97075
22.3306 4.00298
22.8338 4.03522
23.353 4.03522
23.8722 4.04765
24.3914 4.06009
24.9106 4.07253
25.4298 4.08496
25.949 4.0974
26.4682 4.10984
26.9874 4.12227
27.5066 4.13471
28.0258 4.14715
28.545 4.15958
29.0642 4.17202
29.5834 4.18446
30.0879 4.18446
30.5924 4.18446
31.0968 4.18446
33.4597 4.38885
35.8226 4.38885
38.1855 4.38885
40.5484 4.38885
42.9113 4.38885
45.2742 4.38885
47.6371 4.38885
50.0 4.38885
0.0 1.03316
0.49032 1.03316
0.980639 1.43378
1.47096 1.83441
1.96128 2.23504
2.4516 2.63567
2.94192 3.03629
3.42833 3.03629
3.91474 3.0246
4.40115 3.01291
4.88756 3.00122
5.37397 2.98952
5.86038 2.97783
6.34679 2.96614
6.8332 2.95445
7.31961 2.94275
7.80602 2.93106
8.29243 2.91937
8.77884 2.90768
9.26525 2.89598
9.78966 2.89598
10.3141 3.00787
10.8385 3.11975
11.3629 3.23163
11.8873 3.34352
12.4117 3.4554
12.9361 3.56729
13.4081 3.56729
13.88 3.53813
14.3519 3.50898
14.8239 3.47983
15.2958 3.45067
15.7678 3.42152
16.2397 3.39237
16.7116 3.36322
17.2455 3.36322
17.7794 3.36322
18.3133 3.36322
18.8473 3.36322
21.4433 4.59151
24.0394 4.59151
26.6354 4.59151
29.2315 4.59151
31.8276 4.59151
34.4236 4.59151
37.0197 4.59151
39.6158 4.59151
42.2118 4.59151
44.8079 4.59151
47.4039 4.59151
50.0 4.59151
0.0 1.29077
0.465062 1.29077
0.930124 1.52749
1.39519 1.76421
1.86025 2.00092
2.32531 2.23764
2.79037 2.47436
3.28172 2.47436
3.77308 2.52224
4.26443 2.57012
4.75579 2.61799
5.24714 2.66587
5.73849 2.71375
6.22985 2.76163
6.7212 2.80951
7.21256 2.85739
7.70391 2.90526
8.19526 2.95314
8.68662 3.00102
9.17797 3.0489
9.66932 3.09678
10.1607 3.14465
10.652 3.19253
11.1434 3.24041
11.6347 3.28829
12.1261 3.33617
12.6174 3.38405
13.1088 3.43192
13.6002 3.4798
14.0915 3.52768
14.5937 3.52768
15.0958 3.56743
15.5979 3.60719
16.1001 3.64694
16.6022 3.68669
17.1044 3.72645
17.6065 3.7662
18.1086 3.80595
18.6108 3.84571
19.1129 3.88546
19.6151 3.92522
20.1172 3.96497
20.6193 4.00472
21.1303 4.00472
21.6413 4.01416
22.1522 4.0236
22.6632 4.03304
23.1742 4.04248
23.6851 4.05192
24.1961 4.06135
24.707 4.07079
25.218 4.08023
25.729 4.08967
26.2399 4.09911
26.7509 4.10855
27.2619 4.11799
27.7728 4.12743
28.2838 4.13686
28.7947 4.1463
29.3057 4.15574
29.8887 4.15574
30.4717 4.15574
31.0547 4.15574
33.4229 4.43188
35.7911 4.43188
38.1592 4.43188
40.5274 4.43188
42.8955 4.43188
45.2637 4.43188
47.6318 4.43188
50.0 4.43188
0.0 1.3408
0.518867 1.3408
1.03773 1.54616
1.5566 1.75152
2.07547 1.95689
2.59433 2.16225
3.1132 2.36761
3.63207 2.57298
4.13254 2.57298
4.63301 2.61485
5.13348 2.65671
5.63395 2.69858
6.13442 2.74045
6.63488 2.78232
7.13535 2.82418
7.63582 2.86605
8.13629 2.90792
8.63676 2.94979
9.13723 2.99166
9.6377 3.03352
10.1382 3.07539
10.6386 3.11726
11.1391 3.15913
11.6396 3.20099
12.14 3.24286
12.6405 3.28473
13.141 3.3266
13.6415 3.36846
14.1419 3.41033
14.6424 3.4522
15.1429 3.49407
15.6433 3.53594
16.1432 3.53594
16.643 3.58011
17.1429 3.62429
17.6427 3.66846
18.1426 3.71264
18.6424 3.75681
19.1423 3.80099
19.6421 3.84516
20.1419 3.88934
20.6418 3.93351
21.1416 3.97769
21.6415 4.02186
22.1254 4.02186
22.6094 4.03669
23.0933 4.05152
23.5772 4.06635
24.0612 4.08118
24.5451 4.09601
25.0291 4.11084
25.513 4.12567
25.997 4.1405
26.4809 4.15533
26.9648 4.17016
27.4488 4.18499
27.9327 4.19982
28.4167 4.21465
28.917 4.21465
29.4174 4.21465
29.9177 4.21465
30.418 4.21465
30.9184 4.21465
33.3036 4.44559
35.6888 4.44559
38.074 4.44559
40.4592 4.44559
42.8444 4.44559
45.2296 4.44559
47.6148 4.44559
50.0 4.44559
0.0 1.50662
0.422056 1.50662
0.896852 1.39601
1.37165 1.60351
1.84644 1.81101
2.32124 2.01851
2.79603 2.22601
3.27083 2.43351
3.74563 2.64101
4.22042 2.84851
4.69522 3.05601
5.20233 3.05601
5.70944 3.08027
6.21655 3.10453
6.72366 3.12879
7.23077 3.15305
7.73788 3.17731
8.24499 3.20157
8.7521 3.22583
9.25921 3.25009
9.76632 3.27435
10.2734 3.29861
10.7805 3.32287
11.2877 3.34713
11.7948 3.37139
12.3019 3.39565
12.809 3.41991
13.3161 3.44417
13.8232 3.46843
14.3303 3.49268
14.8374 3.51694
15.3445 3.5412
15.8516 3.56546
16.3588 3.58972
16.8659 3.61398
17.373 3.63824
17.8801 3.6625
18.3872 3.68676
18.8943 3.71102
19.4014 3.73528
19.9085 3.75954
20.4156 3.7838
20.9227 3.80806
21.4299 3.83232
21.937 3.85658
22.4292 3.85658
22.9215 3.88707
23.4137 3.91756
23.906 3.94806
24.3983 3.97855
24.8905 4.00904
25.3828 4.03953
25.875 4.07002
26.3673 4.10051
26.8596 4.13101
27.3518 4.1615
27.8441 4.19199
28.3363 4.22248
28.8286 4.25297
29.3209 4.28346
29.8131 4.31396
30.3054 4.34445
30.7976 4.37494
31.2873 4.37494
31.7769 4.37494
32.2665 4.37494
32.7562 4.37494
33.2458 4.37494
33.7354 4.37494
34.2251 4.37494
34.7147 4.37494
35.2044 4.37494
35.694 4.37494
36.1836 4.37494
36.6733 4.37494
37.1629 4.37494
37.6525 4.37494
38.1422 4.37494
38.6318 4.37494
39.1214 4.37494
39.6111 4.37494
40.1007 4.37494
40.5903 4.37494
41.08 4.37494
43.31 4.78607
45.54 4.78607
47.77 4.78607
50.0 4.78607
0.0 1.18243
0.481356 1.18243
0.962713 1.50626
1.44407 1.8301
1.92543 2.15393
2.40678 2.47777
2.88814 2.8016
3.36949 3.12543
3.89565 3.12543
4.4218 2.9877
4.94795 2.84998
5.4741 2.71225
5.98088 2.71225
6.48765 2.77174
6.99442 2.83122
7.5012 2.89071
8.00797 2.9502
8.51474 3.00969
9.02152 3.06918
9.52829 3.12867
10.0351 3.18816
10.5418 3.24765
11.0915 3.24765
11.6412 3.22471
12.1909 3.20178
12.7405 3.17885
13.237 3.17885
13.7334 3.17885
14.2299 3.17885
14.7263 3.17885
15.2228 3.17885
15.7192 3.17885
16.2157 3.17885
16.7122 3.17885
17.2086 3.17885
17.7051 3.17885
20.1893 4.59698
22.6735 4.59698
25.1577 4.59698
27.642 4.59698
30.1262 4.59698
32.6104 4.59698
35.0946 4.59698
37.5789 4.59698
40.0631 4.59698
42.5473 4.59698
45.0315 4.59698
47.5158 4.59698
50.0 4.59698
0.0 1.17911
0.490449 1.17911
0.980897 1.46042
1.47135 1.74172
1.96179 2.02302
2.45224 2.30432
2.94269 2.58562
3.43314 2.86692
3.92388 2.86692
4.41462 2.89838
4.90536 2.92985
5.39609 2.96131
5.88683 2.99277
6.37757 3.02423
6.86831 3.0557
7.35905 3.08716
7.84979 3.11862
8.34053 3.15009
8.83126 3.18155
9.322 3.21301
9.81274 3.24448
10.3035 3.27594
10.7942 3.3074
11.285 3.33886
11.7757 3.37033
12.2664 3.40179
12.7595 3.40179
13.2525 3.43211
13.7456 3.46242
14.2386 3.49274
14.7317 3.52306
15.2247 3.55337
15.7178 3.58369
16.2108 3.61401
16.7039 3.64432
17.1969 3.67464
17.69 3.70496
18.183 3.73527
18.6761 3.76559
19.1691 3.79591
19.6622 3.82622
20.1552 3.85654
20.6483 3.88686
21.1413 3.91717
21.6344 3.94749
22.1274 3.97781
22.6205 4.00812
23.1135 4.03844
23.6065 4.06876
24.0996 4.09907
24.5887 4.09907
25.0778 4.12815
25.5669 4.15722
26.056 4.1863
26.5451 4.21537
27.0342 4.24444
27.5233 4.27352
28.0124 4.30259
28.5015 4.33167
28.9906 4.36074
29.4797 4.38982
29.9688 4.41889
30.4579 4.44796
30.947 4.47704
31.4361 4.50611
31.9448 4.50611
32.4535 4.50611
32.9622 4.50611
33.471 4.50611
33.9797 4.50611
34.4884 4.50611
34.9971 4.50611
35.5058 4.50611
36.0146 4.50611
36.5233 4.50611
37.032 4.50611
37.5407 4.50611
38.0495 4.50611
38.5582 4.50611
39.0669 4.50611
39.5756 4.50611
40.0843 4.50611
40.5931 4.50611
41.1018 4.50611
41.6105 4.50611
42.1192 4.50611
44.7462 4.52204
47.3731 4.52204
50.0 4.52204
0.0 1.14901
0.536679 1.14901
1.07336 1.48153
1.61004 1.81406
2.14672 2.14659
2.6834 2.47911
3.22007 2.81164
3.71007 2.81164
4.20007 2.84453
4.69007 2.87742
5.18007 2.91031
5.67007 2.9432
6.16007 2.97609
6.65006 3.00898
7.14006 3.04187
7.63006 3.07476
8.12006 3.10765
8.61006 3.14054
9.10006 3.17343
9.59006 3.20632
10.0801 3.23921
10.5701 3.2721
11.0601 3.30499
11.55 3.33788
12.04 3.37077
12.5322 3.37077
13.0244 3.41279
13.5165 3.45481
14.0087 3.49683
14.5008 3.53885
14.993 3.58087
15.4851 3.62289
15.9773 3.66492
16.4694 3.70694
16.9616 3.74896
17.4537 3.79098
17.9459 3.833
18.4381 3.87502
18.9302 3.91704
19.4224 3.95906
19.9145 4.00108
20.4067 4.0431
20.8988 4.08512
21.3875 4.08512
21.8761 4.10236
22.3647 4.11959
22.8534 4.13682
23.342 4.15405
23.8307 4.17128
24.3193 4.18851
24.8079 4.20575
25.2966 4.22298
25.7852 4.24021
26.2738 4.25744
26.7625 4.27467
27.2511 4.2919
27.7398 4.30914
28.2284 4.32637
28.717 4.3436
29.2057 4.36083
29.6943 4.37806
30.1829 4.39529
30.6716 4.41253
31.1714 4.41253
31.6712 4.41253
32.1711 4.41253
32.6709 4.41253
33.1707 4.41253
33.6706 4.41253
34.1704 4.41253
34.6702 4.41253
35.17 4.41253
35.6699 4.41253
36.1697 4.41253
36.6695 4.41253
37.1694 4.41253
37.6692 4.41253
38.169 4.41253
38.6689 4.41253
39.1687 4.41253
39.6685 4.41253
40.1684 4.41253
40.6682 4.41253
41.168 4.41253
41.6678 4.41253
42.1677 4.41253
44.7784 4.61493
47.3892 4.61493
50.0 4.61493
0.0 1.4169
0.492354 1.4169
0.984709 1.60022
1.47706 1.78354
1.96942 1.96685
2.46177 2.15017
2.95413 2.33349
3.44648 2.5168
3.93884 2.70012
4.4361 2.70012
4.93336 2.73532
5.43063 2.77053
5.92789 2.80573
6.42515 2.84094
6.92242 2.87614
7.41968 2.91135
7.91695 2.94655
8.41421 2.98176
8.91147 3.01696
9.40874 3.05216
9.906 3.08737
10.4033 3.12257
10.9005 3.15778
11.3978 3.19298
11.8951 3.22819
12.3923 3.26339
12.8896 3.2986
13.3868 3.3338
13.8841 3.369
14.3984 3.369
14.9127 3.46379
15.427 3.55857
15.9413 3.65336
16.4556 3.74815
16.9699 3.84293
17.4842 3.93772
17.9985 4.0325
18.498 4.0325
18.9976 4.01391
19.4972 3.99532
19.9967 3.97673
20.4963 3.95814
20.9958 3.93955
21.4954 3.92096
21.9949 3.90238
22.4945 3.88379
22.994 3.8652
23.4936 3.84661
23.9931 3.82802
24.4927 3.80943
24.9923 3.79084
25.4918 3.77225
25.9914 3.75366
26.3712 3.75366
26.7511 3.75366
29.3343 4.36675
31.9175 4.36675
34.5007 4.36675
37.0839 4.36675
39.6671 4.36675
42.2504 4.36675
44.8336 4.36675
47.4168 4.36675
50.0 4.36675
0.0 1.04673
0.473348 1.04673
0.946695 1.36706
1.42004 1.68739
1.89339 2.00772
2.36674 2.32805
2.84009 2.64838
3.34411 2.64838
3.84813 2.68954
4.35215 2.73071
4.85617 2.77188
5.36019 2.81305
5.86421 2.85422
6.36823 2.89538
6.87225 2.93655
7.37627 2.97772
7.88029 3.01889
8.38431 3.06006
8.88833 3.10122
9.39235 3.14239
9.89637 3.18356
10.4004 3.22473
10.9044 3.2659
11.4084 3.30707
11.9125 3.34823
12.4165 3.3894
12.9205 3.43057
13.4245 3.47174
13.9285 3.51291
14.4112 3.51291
14.8939 3.57905
15.3765 3.64518
15.8592 3.71132
16.3419 3.77746
16.8246 3.8436
17.3072 3.90974
17.7899 3.97588
18.2944 3.97588
18.7989 3.98473
19.3033 3.99358
19.8078 4.00242
20.3123 4.01127
20.8167 4.02012
21.3212 4.02897
21.8257 4.03781
22.3302 4.04666
22.8346 4.05551
23.3391 4.06436
23.8436 4.0732
24.348 4.08205
24.8525 4.0909
25.357 4.09975
25.8615 4.10859
26.3659 4.11744
26.8704 4.12629
27.3749 4.13514
27.8794 4.14398
28.3838 4.15283
28.8658 4.15283
29.3478 4.15283
29.8297 4.15283
30.3117 4.15283
30.7937 4.15283
31.2756 4.15283
33.9505 4.35446
36.6255 4.35446
39.3004 4.35446
41.9753 4.35446
44.6502 4.35446
47.3251 4.35446
50.0 4.35446
0.0 1.01838
0.5258 1.01838
1.0516 1.34054
1.5774 1.66269
2.1032 1.98485
2.629 2.30701
3.1548 2.62917
3.65378 2.62917
4.15276 2.66387
4.65174 2.69856
5.15072 2.73325
5.6497 2.76795
6.14869 2.80264
6.64767 2.83733
7.14665 2.87202
7.64563 2.90672
8.14461 2.94141
8.64359 2.9761
9.14257 3.0108
9.64155 3.04549
10.1405 3.08018
10.6395 3.11487
11.1385 3.14957
11.6375 3.18426
12.1365 3.21895
12.6354 3.25365
13.1344 3.28834
13.6334 3.32303
14.1324 3.35772
14.6314 3.39242
15.1303 3.42711
15.6293 3.4618
16.1378 3.4618
16.6462 3.5574
17.1547 3.65301
17.6631 3.74861
18.1715 3.84421
18.68 3.93981
19.1884 4.03541
19.6881 4.03541
20.1877 4.04467
20.6874 4.05392
21.187 4.06318
21.6867 4.07243
22.1863 4.08169
22.6859 4.09094
23.1856 4.1002
23.6852 4.10945
24.1849 4.11871
24.6845 4.12796
25.1842 4.13722
25.6838 4.14647
26.1835 4.15573
26.6831 4.16498
27.1827 4.17424
27.6824 4.18349
28.182 4.19275
28.6817 4.202
29.1898 4.202
29.698 4.202
30.2061 4.202
30.7143 4.202
31.2224 4.202
33.5696 4.35611
35.9168 4.35611
38.264 4.35611
40.6112 4.35611
42.9584 4.35611
45.3056 4.35611
47.6528 4.35611
50.0 4.35611
0.0 1.18662
0.475304 1.18662
0.950608 1.4955
1.42591 1.80439
1.90122 2.11327
2.37652 2.42215
2.85182 2.73104
3.35794 2.73104
3.86406 2.79635
4.37018 2.86166
4.8763 2.92698
5.38242 2.99229
5.88854 3.0576
6.39465 3.12292
6.90077 3.18823
7.40689 3.25354
7.91301 3.31886
8.41913 3.38417
8.91492 3.38417
9.4107 3.41445
9.90649 3.44474
10.4023 3.47502
10.8981 3.5053
11.3939 3.53559
11.8896 3.56587
12.3854 3.59615
12.8812 3.62643
13.377 3.65672
13.8728 3.687
14.3686 3.71728
14.8644 3.74757
15.3602 3.77785
15.8559 3.80813
16.3517 3.83841
16.8475 3.8687
17.3433 3.89898
17.8391 3.92926
18.3349 3.95955
18.8307 3.98983
19.3265 4.02011
19.8222 4.05039
20.318 4.08068
20.8192 4.08068
21.3203 4.10171
21.8214 4.12273
22.3225 4.14376
22.8237 4.16479
23.3248 4.18582
23.8259 4.20685
24.327 4.22787
24.8282 4.2489
25.3293 4.26993
25.8304 4.29096
26.3315 4.31199
26.8327 4.33301
27.3338 4.35404
27.8349 4.37507
28.336 4.3961
28.8372 4.41713
29.3383 4.43815
29.8394 4.45918
30.3405 4.48021
30.8395 4.48021
31.3385 4.48021
31.8375 4.48021
32.3365 4.48021
32.8355 4.48021
33.3345 4.48021
33.8335 4.48021
34.3326 4.48021
34.8316 4.48021
35.3306 4.48021
35.8296 4.48021
36.3286 4.48021
36.8276 4.48021
37.3266 4.48021
37.8256 4.48021
38.3246 4.48021
38.8236 4.48021
39.3226 4.48021
39.8216 4.48021
40.3206 4.48021
40.8196 4.48021
41.3186 4.48021
41.8176 4.48021
42.3166 4.48021
44.8777 4.67706
47.4389 4.67706
50.0 4.67706
0.0 1.20819
0.511711 1.20819
1.02342 1.49589
1.53513 1.78359
2.04684 2.07129
2.55855 2.35899
3.07026 2.64669
3.61106 2.64669
4.15186 2.73468
4.69266 2.82267
5.23346 2.91067
5.77426 2.99866
6.26988 2.99866
6.7655 3.01638
7.26113 3.03411
7.75675 3.05183
8.25237 3.06955
8.74799 3.08728
9.24361 3.105
9.73923 3.12273
10.2349 3.14045
10.7305 3.15817
11.2261 3.1759
11.7217 3.19362
12.2173 3.21135
12.713 3.22907
13.2086 3.24679
13.695 3.24679
14.1814 3.3313
14.6679 3.4158
15.1543 3.5003
15.6407 3.5848
16.1271 3.6693
16.6136 3.75381
17.1 3.83831
17.5864 3.92281
18.0959 3.92281
18.6055 3.92281
19.115 3.92281
19.6245 3.92281
20.1341 3.92281
20.6436 3.92281
21.1531 3.92281
21.6626 3.92281
22.1722 3.92281
22.6817 3.92281
23.1912 3.92281
23.7008 3.92281
24.2103 3.92281
24.7198 3.92281
25.2294 3.92281
25.7389 3.92281
26.2484 3.92281
26.7579 3.92281
27.2675 3.92281
27.777 3.92281
28.2865 3.92281
28.7961 3.92281
29.3056 3.92281
29.8151 3.92281
30.3246 3.92281
30.8342 3.92281
33.2299 4.569
35.6256 4.569
38.0214 4.569
40.4171 4.569
42.8128 4.569
45.2085 4.569
47.6043 4.569
50.0 4.569
0.0 0.979755
0.49626 0.979755
0.992521 1.29791
1.48878 1.61606
1.98504 1.93421
2.4813 2.25236
2.97756 2.57051
3.47239 2.57051
3.96721 2.60807
4.46204 2.64562
4.95687 2.68318
5.45169 2.72074
5.94652 2.7583
6.44134 2.79586
6.93617 2.83342
7.43099 2.87098
7.92582 2.90854
8.42065 2.94609
8.91547 2.98365
9.4103 3.02121
9.90512 3.05877
10.3999 3.09633
10.8948 3.13389
11.3896 3.17145
11.8844 3.20901
12.3793 3.24657
12.8741 3.28412
13.3689 3.32168
13.8637 3.35924
14.3586 3.3968
14.8396 3.3968
15.3207 3.44696
15.8017 3.49712
16.2828 3.54728
16.7639 3.59744
17.2449 3.6476
17.726 3.69776
18.207 3.74792
18.6881 3.79808
19.1692 3.84824
19.6502 3.8984
20.1313 3.94857
20.6123 3.99873
21.1091 3.99873
21.6058 4.01261
22.1026 4.02649
22.5994 4.04038
23.0961 4.05426
23.5929 4.06814
24.0896 4.08203
24.5864 4.09591
25.0831 4.10979
25.5799 4.12368
26.0766 4.13756
26.5734 4.15144
27.0701 4.16533
27.5669 4.17921
28.0636 4.19309
28.5604 4.20698
29.0571 4.22086
29.5539 4.23475
30.0717 4.23475
30.5896 4.23475
31.1074 4.23475
33.469 4.43798
35.8306 4.43798
38.1921 4.43798
40.5537 4.43798
42.9153 4.43798
45.2769 4.43798
47.6384 4.43798
50.0 4.43798
0.0 1.15151
0.494186 1.15151
0.988372 1.46835
1.48256 1.7852
1.97674 2.10205
2.47093 2.4189
2.96511 2.73575
3.48992 2.73575
4.01473 2.79635
4.53953 2.85695
5.06434 2.91755
5.58915 2.97815
6.11395 3.03876
6.63876 3.09936
7.16357 3.15996
7.68837 3.22056
8.21318 3.28117
8.70307 3.28117
9.19295 3.32096
9.68284 3.36076
10.1727 3.40056
10.6626 3.44035
11.1525 3.48015
11.6424 3.51995
12.1323 3.55974
12.6222 3.59954
13.112 3.63934
13.6019 3.67913
14.0918 3.71893
14.5817 3.75873
15.0716 3.79852
15.5615 3.83832
16.0514 3.87811
16.5412 3.91791
17.0311 3.95771
17.521 3.9975
18.0109 4.0373
18.5008 4.0771
18.9907 4.11689
19.4806 4.15669
19.9857 4.15669
20.4909 4.16488
20.996 4.17307
21.5011 4.18125
22.0063 4.18944
22.5114 4.19763
23.0166 4.20582
23.5217 4.214
24.0269 4.22219
24.532 4.23038
25.0371 4.23857
25.5423 4.24676
26.0474 4.25494
26.5526 4.26313
27.0577 4.27132
27.5629 4.27951
28.068 4.28769
28.5731 4.29588
29.0783 4.30407
29.5834 4.31226
30.0886 4.32044
30.5937 4.32863
31.0989 4.33682
31.604 4.34501
32.1091 4.35319
32.6143 4.36138
33.1194 4.36957
33.6246 4.37776
34.1297 4.38594
34.6349 4.39413
35.14 4.40232
35.6451 4.41051
36.1503 4.41869
36.6554 4.42688
37.1606 4.43507
37.6657 4.44326
38.1709 4.45144
38.676 4.45963
39.2 4.45963
39.724 4.45963
40.248 4.45963
40.772 4.45963
41.2959 4.45963
41.8199 4.45963
42.3439 4.45963
44.8959 4.7248
47.448 4.7248
50.0 4.7248
0.0 1.26883
0.505693 1.26883
1.01139 1.49891
1.51708 1.72899
2.02277 1.95907
2.52847 2.18915
3.03416 2.41922
3.53985 2.6493
4.03726 2.6493
4.53466 2.73649
5.03206 2.82367
5.52946 2.91085
6.02686 2.99804
6.51292 2.99804
6.99898 3.0166
7.48504 3.03517
7.9711 3.05373
8.45716 3.0723
8.94323 3.09086
9.42929 3.10943
9.91535 3.12799
10.4014 3.14656
10.8875 3.16512
11.3735 3.18369
11.8596 3.20225
12.3457 3.22082
12.8317 3.23939
13.3178 3.25795
13.831 3.25795
14.3442 3.311
14.8574 3.36405
15.3706 3.41709
15.8838 3.47014
16.397 3.52319
16.9102 3.57624
17.4234 3.62929
17.9366 3.68233
18.4498 3.73538
18.963 3.78843
19.4762 3.84148
19.9894 3.89453
20.4911 3.89453
20.9928 3.89453
21.4945 3.89453
21.9962 3.89453
22.4979 3.89453
22.9996 3.89453
23.5013 3.89453
24.003 3.89453
24.5047 3.89453
25.0064 3.89453
25.5081 3.89453
26.0097 3.89453
26.5114 3.89453
27.0131 3.89453
27.5148 3.89453
28.0165 3.89453
28.5182 3.89453
29.0199 3.89453
29.5216 3.89453
30.0233 3.89453
30.525 3.89453
31.0267 3.89453
33.3984 4.58401
35.77 4.58401
38.1417 4.58401
40.5134 4.58401
42.885 4.58401
45.2567 4.58401
47.6283 4.58401
50.0 4.58401
0.0 0.98975
0.493071 0.98975
0.986142 1.30782
1.47921 1.62588
1.97228 1.94395
2.46536 2.26202
2.95843 2.58008
3.46393 2.58008
3.96944 2.6173
4.47495 2.65452
4.98045 2.69174
5.48596 2.72896
5.99147 2.76618
6.49697 2.8034
7.00248 2.84062
7.50799 2.87784
8.01349 2.91506
8.519 2.95228
9.02451 2.9895
9.53001 3.02672
10.0355 3.06394
10.541 3.10116
11.0465 3.13838
11.552 3.1756
12.0575 3.21282
12.5631 3.25004
13.0686 3.28726
13.5741 3.32448
14.0796 3.3617
14.5851 3.39892
15.0906 3.43614
15.5961 3.47336
16.0891 3.47336
16.5822 3.51431
17.0752 3.55526
17.5683 3.5962
18.0614 3.63715
18.5544 3.6781
19.0475 3.71905
19.5405 3.75999
20.0336 3.80094
20.5266 3.84189
21.0197 3.88284
21.5127 3.92379
22.0058 3.96473
22.4988 4.00568
22.9946 4.00568
23.4903 4.02344
23.9861 4.04119
24.4818 4.05894
24.9776 4.0767
25.4734 4.09445
25.9691 4.11221
26.4649 4.12996
26.9606 4.14772
27.4564 4.16547
27.9521 4.18323
28.4479 4.20098
28.9436 4.21873
29.4394 4.23649
30.0085 4.23649
30.5775 4.23649
31.1466 4.23649
33.5033 4.37884
35.86 4.37884
38.2166 4.37884
40.5733 4.37884
42.93 4.37884
45.2867 4.37884
47.6433 4.37884
50.0 4.37884
0.0 1.3809
0.523056 1.3809
1.04611 1.57012
1.56917 1.75934
2.09222 1.94856
2.61528 2.13777
3.13834 2.32699
3.66139 2.51621
4.18445 2.70543
4.68547 2.70543
5.1865 2.74054
5.68752 2.77564
6.18855 2.81074
6.68958 2.84585
7.1906 2.88095
7.69163 2.91605
8.19265 2.95116
8.69368 2.98626
9.1947 3.02137
9.69573 3.05647
10.1968 3.09157
10.6978 3.12668
11.1988 3.16178
11.6998 3.19689
12.2009 3.23199
12.7019 3.26709
13.2029 3.3022
13.7039 3.3373
14.205 3.37241
14.706 3.40751
15.207 3.44261
15.6842 3.44261
16.1613 3.53265
16.6385 3.62269
17.1157 3.71273
17.5929 3.80277
18.07 3.89281
18.5472 3.98284
19.0244 4.07288
19.5025 4.07288
19.9806 4.05934
20.4587 4.04579
20.9369 4.03225
21.415 4.0187
21.8931 4.00516
22.3713 3.99162
22.8494 3.97807
23.3275 3.96453
23.8056 3.95098
24.2838 3.93744
24.7681 3.93744
25.2525 3.93744
25.7369 3.93744
26.2212 3.93744
26.7056 3.93744
29.2939 4.39597
31.8821 4.39597
34.4704 4.39597
37.0587 4.39597
39.6469 4.39597
42.2352 4.39597
44.8235 4.39597
47.4117 4.39597
50.0 4.39597
0.0 1.17546
0.50747 1.17546
1.01494 1.42943
1.52241 1.6834
2.02988 1.93738
2.53735 2.19135
3.04482 2.44532
3.55229 2.6993
4.05267 2.6993
4.55304 2.75806
5.05342 2.81683
5.5538 2.87559
6.05418 2.93436
6.55456 2.99312
7.05493 3.05189
7.55531 3.11065
8.05569 3.16942
8.55607 3.22819
9.05551 3.22819
9.55496 3.26124
10.0544 3.29429
10.5538 3.32734
11.0533 3.36039
11.5527 3.39344
12.0522 3.42649
12.5516 3.45954
13.0511 3.49259
13.5505 3.52564
14.05 3.55868
14.5494 3.59173
15.0488 3.62478
15.5483 3.65783
16.0477 3.69088
16.5472 3.72393
17.0466 3.75698
17.5461 3.79003
18.0455 3.82308
18.5449 3.85613
19.0444 3.88918
19.5438 3.92223
20.0433 3.95528
20.5427 3.98833
21.0422 4.02138
21.5416 4.05443
22.0411 4.08748
22.5405 4.12053
23.0399 4.15358
23.5291 4.15358
24.0183 4.17229
24.5075 4.191
24.9966 4.20971
25.4858 4.22842
25.975 4.24713
26.4641 4.26584
26.9533 4.28454
27.4425 4.30325
27.9316 4.32196
28.4208 4.34067
28.91 4.35938
29.3991 4.37809
29.8883 4.3968
30.3775 4.41551
30.8667 4.43421
31.3558 4.45292
31.845 4.47163
32.347 4.47163
32.8491 4.47163
33.3511 4.47163
33.8532 4.47163
34.3552 4.47163
34.8573 4.47163
35.3593 4.47163
35.8614 4.47163
36.3634 4.47163
36.8655 4.47163
37.3675 4.47163
37.8696 4.47163
38.3716 4.47163
38.8737 4.47163
39.3758 4.47163
39.8778 4.47163
40.3799 4.47163
40.8819 4.47163
41.384 4.47163
41.886 4.47163
42.3881 4.47163
44.9254 4.83109
47.4627 4.83109
50.0 4.83109
0.0 1.3823
0.524155 1.3823
1.04831 1.66338
1.57247 1.94446
2.09662 2.22553
2.62078 2.50661
3.14493 2.78769
3.66909 3.06877
4.13662 3.06877
4.60415 3.01502
5.07168 2.96127
5.53922 2.90752
6.00675 2.85377
6.47428 2.80002
6.94493 2.80002
7.41558 2.85586
7.88623 2.9117
8.35688 2.96753
8.82754 3.02337
9.29819 3.07921
9.76884 3.13504
10.2395 3.19088
10.719 3.19088
11.1984 3.20009
11.6779 3.2093
12.1574 3.21851
12.6369 3.22772
13.1163 3.23693
13.6046 3.23693
14.0928 3.23693
14.5811 3.23693
15.0693 3.23693
15.5576 3.23693
16.0459 3.23693
16.5341 3.23693
17.0224 3.23693
17.5106 3.23693
17.9989 3.23693
20.4605 4.57175
22.9221 4.57175
25.3838 4.57175
27.8454 4.57175
30.307 4.57175
32.7686 4.57175
35.2303 4.57175
37.6919 4.57175
40.1535 4.57175
42.6151 4.57175
45.0768 4.57175
47.5384 4.57175
50.0 4.57175
0.0 1.33787
0.509315 1.33787
1.01863 1.62524
1.52795 1.9126
2.03726 2.19997
2.54658 2.48733
3.05589 2.7747
3.56521 3.06206
4.10029 3.06206
4.63537 3.0282
5.17046 2.99434
5.70554 2.96047
6.24062 2.92661
6.74725 2.92661
7.25388 2.95487
7.7605 2.98313
8.26713 3.01139
8.77376 3.03965
9.28038 3.06791
9.78701 3.09618
10.2936 3.12444
10.8003 3.1527
11.3069 3.18096
11.7832 3.18096
12.2595 3.18419
12.7358 3.18742
13.212 3.19066
13.6883 3.19389
14.1646 3.19712
14.6409 3.20035
15.1249 3.20035
15.6088 3.20035
16.0927 3.20035
16.5767 3.20035
17.0606 3.20035
17.5445 3.20035
18.0285 3.20035
20.4878 4.56747
22.9472 4.56747
25.4065 4.56747
27.8659 4.56747
30.3252 4.56747
32.7846 4.56747
35.2439 4.56747
37.7033 4.56747
40.1626 4.56747
42.622 4.56747
45.0813 4.56747
47.5407 4.56747
50.0 4.56747
0.0 0.981735
0.536023 0.981735
1.07205 1.47631
1.60807 1.97089
2.14409 2.46547
2.68012 2.96005
3.14161 2.96005
3.60311 2.95909
4.0646 2.95813
4.5261 2.95716
5.01632 2.95716
5.50655 2.98979
5.99677 3.02242
6.487 3.05505
6.97722 3.08768
7.46745 3.12031
7.95767 3.15293
8.4479 3.18556
8.93812 3.21819
9.42835 3.25082
9.91857 3.28345
10.4088 3.31607
10.899 3.3487
11.3892 3.38133
11.8795 3.41396
12.3396 3.41396
12.7997 3.39459
13.2597 3.37521
13.7198 3.35584
14.1799 3.33647
14.64 3.3171
15.1446 3.3171
15.6491 3.3171
16.1537 3.3171
16.6583 3.3171
17.1628 3.3171
17.6674 3.3171
18.172 3.3171
18.6765 3.3171
21.086 4.72589
23.4955 4.72589
25.905 4.72589
28.3145 4.72589
30.724 4.72589
33.1335 4.72589
35.543 4.72589
37.9525 4.72589
40.362 4.72589
42.7715 4.72589
45.181 4.72589
47.5905 4.72589
50.0 4.72589
0.0 1.18772
0.468511 1.18772
0.937022 1.44987
1.40553 1.71201
1.87404 1.97416
2.34255 2.2363
2.81106 2.49845
3.27958 2.76059
3.77601 2.76059
4.27244 2.81556
4.76887 2.87053
5.26531 2.92549
5.76174 2.98046
6.25817 3.03542
6.75461 3.09039
7.25104 3.14536
7.74747 3.20032
8.24391 3.25529
8.75169 3.25529
9.25947 3.28817
9.76725 3.32105
10.275 3.35393
10.7828 3.38681
11.2906 3.41969
11.7984 3.45257
12.3061 3.48545
12.8139 3.51833
13.3217 3.55121
13.8295 3.58409
14.3373 3.61697
14.8451 3.64985
15.3528 3.68273
15.8606 3.71561
16.3684 3.74849
16.8762 3.78137
17.384 3.81425
17.8917 3.84713
18.3995 3.88001
18.9073 3.91289
19.4151 3.94577
19.9229 3.97865
20.4306 4.01153
20.9384 4.04441
21.4462 4.07729
21.954 4.11017
22.4618 4.14305
22.9695 4.17593
23.4741 4.17593
23.9786 4.19631
24.4832 4.21668
24.9877 4.23706
25.4923 4.25744
25.9968 4.27782
26.5014 4.2982
27.0059 4.31858
27.5105 4.33896
28.015 4.35933
28.5195 4.37971
29.0241 4.40009
29.5286 4.42047
30.0332 4.44085
30.5377 4.46123
31.0423 4.48161
31.5344 4.48161
32.0265 4.48161
32.5187 4.48161
33.0108 4.48161
33.5029 4.48161
33.9951 4.48161
34.4872 4.48161
34.9793 4.48161
35.4715 4.48161
35.9636 4.48161
36.4557 4.48161
36.9479 4.48161
37.44 4.48161
37.9321 4.48161
38.4243 4.48161
38.9164 4.48161
39.4085 4.48161
39.9007 4.48161
40.3928 4.48161
40.885 4.48161
41.3771 4.48161
41.8692 4.48161
42.3614 4.48161
44.9076 4.79448
47.4538 4.79448
50.0 4.79448
0.0 1.43376
0.460409 1.43376
0.932608 1.46687
1.40481 1.68295
1.877 1.89903
2.3492 2.11511
2.8214 2.33119
3.2936 2.54728
3.7658 2.76336
4.238 2.97944
4.73394 2.97944
5.22989 3.01079
5.72583 3.04214
6.22177 3.07349
6.71772 3.10484
7.21366 3.13619
7.70961 3.16753
8.20555 3.19888
8.7015 3.23023
9.19744 3.26158
9.69339 3.29293
10.1893 3.32428
10.6853 3.35563
11.1812 3.38698
11.6772 3.41832
12.1731 3.44967
12.6691 3.48102
13.165 3.51237
13.6609 3.54372
14.1569 3.57507
14.6528 3.60642
15.1488 3.63777
15.6447 3.66912
16.1407 3.70046
16.6366 3.73181
17.1326 3.76316
17.6285 3.79451
18.1244 3.82586
18.6204 3.85721
19.1163 3.88856
19.6123 3.91991
20.1082 3.95125
20.6042 3.9826
21.1001 4.01395
21.5961 4.0453
22.0932 4.0453
22.5903 4.0618
23.0874 4.07829
23.5846 4.09478
24.0817 4.11128
24.5788 4.12777
25.076 4.14427
25.5731 4.16076
26.0702 4.17725
26.5674 4.19375
27.0645 4.21024
27.5616 4.22674
28.0588 4.24323
28.5559 4.25973
29.053 4.27622
29.5501 4.29271
30.0473 4.30921
30.5444 4.3257
31.0415 4.3422
31.5387 4.35869
32.0358 4.37518
32.5329 4.39168
33.0301 4.40817
33.5272 4.42467
34.0243 4.44116
34.5215 4.45766
35.0186 4.47415
35.5157 4.49064
36.0128 4.50714
36.51 4.52363
37.0071 4.54013
37.5042 4.55662
38.0014 4.57311
38.4985 4.58961
38.9956 4.6061
39.4461 4.6061
39.8966 4.6061
40.3471 4.6061
40.7976 4.6061
41.2481 4.6061
43.4361 4.76
45.624 4.76
47.812 4.76
50.0 4.76
0.0 1.12019
0.481311 1.12019
0.962622 1.50497
1.44393 1.88976
1.92524 2.27455
2.40656 2.65934
2.88787 3.04412
3.40822 3.04412
3.92857 3.01362
4.44892 2.98312
4.96927 2.95262
5.48963 2.92212
5.9931 2.92212
6.49657 2.97972
7.00005 3.03732
7.50352 3.09491
8.007 3.15251
8.51047 3.21011
9.01395 3.26771
9.51742 3.32531
10.0077 3.32531
10.498 3.3297
10.9883 3.33409
11.4786 3.33848
11.969 3.34287
12.4593 3.34726
12.9496 3.35165
13.4565 3.35165
13.9635 3.35165
14.4705 3.35165
14.9775 3.35165
15.4845 3.35165
15.9914 3.35165
16.4984 3.35165
17.0054 3.35165
17.5124 3.35165
18.0194 3.35165
18.5263 3.35165
20.9474 4.66248
23.3684 4.66248
25.7895 4.66248
28.2105 4.66248
30.6316 4.66248
33.0526 4.66248
35.4737 4.66248
37.8947 4.66248
40.3158 4.66248
42.7368 4.66248
45.1579 4.66248
47.5789 4.66248
50.0 4.66248
0.0 1.33167
0.459692 1.33167
0.919385 1.58309
1.37908 1.83451
1.83877 2.08593
2.29846 2.33734
2.75815 2.58876
3.25753 2.58876
3.75691 2.6969
4.25628 2.80504
4.75566 2.91318
5.27122 2.91318
5.78677 2.95256
6.30233 2.99194
6.81789 3.03133
7.33345 3.07071
7.849 3.1101
8.36456 3.14948
8.88012 3.18887
9.39567 3.22825
9.91123 3.26763
10.4268 3.30702
10.9155 3.30702
11.4042 3.335
11.8929 3.36298
12.3816 3.39097
12.8703 3.41895
13.359 3.44693
13.8477 3.47492
14.3364 3.5029
14.8251 3.53088
15.3138 3.55886
15.8025 3.58685
16.2912 3.61483
16.7799 3.64281
17.2686 3.67079
17.7573 3.69878
18.246 3.72676
18.7347 3.75474
19.2234 3.78273
19.7121 3.81071
20.2008 3.83869
20.6895 3.86667
21.1782 3.89466
21.6751 3.89466
22.1721 3.89466
22.669 3.89466
23.166 3.89466
23.6629 3.89466
24.1599 3.89466
24.6569 3.89466
25.1538 3.89466
25.6508 3.89466
26.1477 3.89466
26.6447 3.89466
27.1416 3.89466
27.6386 3.89466
28.1355 3.89466
28.6325 3.89466
29.1294 3.89466
29.6264 3.89466
30.1233 3.89466
30.6203 3.89466
31.1172 3.89466
33.4776 4.5976
35.8379 4.5976
38.1983 4.5976
40.5586 4.5976
42.919 4.5976
45.2793 4.5976
47.6397 4.5976
50.0 4.5976
0.0 1.1291
0.493849 1.1291
0.987699 1.38257
1.48155 1.63603
1.9754 1.88949
2.46925 2.14295
2.9631 2.39641
3.45695 2.64987
3.95744 2.64987
4.45794 2.69276
4.95844 2.73566
5.45894 2.77855
5.95944 2.82144
6.45994 2.86433
6.96044 2.90722
7.46094 2.95011
7.96144 2.993
8.46194 3.03589
8.96244 3.07878
9.46293 3.12168
9.96343 3.16457
10.4639 3.20746
10.9644 3.25035
11.4649 3.29324
11.9654 3.33613
12.4659 3.37902
12.9664 3.42191
13.4669 3.4648
13.9674 3.5077
14.4679 3.55059
14.9811 3.55059
15.4943 3.57251
16.0074 3.59443
16.5206 3.61635
17.0338 3.63827
17.547 3.66019
18.0601 3.68211
18.5733 3.70404
19.0865 3.72596
19.5997 3.74788
20.1128 3.7698
20.626 3.79172
21.1392 3.81364
21.6523 3.83556
22.1655 3.85748
22.6787 3.87941
23.1712 3.87941
23.6638 3.90817
24.1563 3.93693
24.6489 3.9657
25.1414 3.99446
25.634 4.02322
26.1265 4.05199
26.6191 4.08075
27.1116 4.10951
27.6042 4.13828
28.0967 4.16704
28.5893 4.1958
29.0818 4.22457
29.565 4.22457
30.0481 4.22457
30.5313 4.22457
31.0145 4.22457
31.4976 4.22457
34.1408 4.41312
36.784 4.41312
39.4272 4.41312
42.0704 4.41312
44.7136 4.41312
47.3568 4.41312
50.0 4.41312
0.0 1.34455
0.485256 1.34455
0.970513 1.54307
1.45577 1.74159
1.94103 1.9401
2.42628 2.13862
2.91154 2.33713
3.3968 2.53565
3.88205 2.73417
4.34648 2.73417
4.81092 2.78686
5.27535 2.83955
5.73978 2.89224
6.20421 2.94493
6.70271 2.94493
7.20121 2.96712
7.69971 2.9893
8.19821 3.01148
8.69671 3.03366
9.19521 3.05584
9.69371 3.07802
10.1922 3.10021
10.6907 3.12239
11.1892 3.14457
11.6877 3.16675
12.1862 3.18893
12.6847 3.21111
13.1832 3.23329
13.6817 3.25548
14.1802 3.27766
14.6894 3.27766
15.1986 3.31227
15.7078 3.34689
16.217 3.38151
16.7262 3.41612
17.2355 3.45074
17.7447 3.48535
18.2539 3.51997
18.7631 3.55459
19.2723 3.5892
19.7815 3.62382
20.2907 3.65843
20.7999 3.69305
21.3091 3.72767
21.8183 3.76228
22.3275 3.7969
22.8367 3.83152
23.3459 3.86613
23.8552 3.90075
24.3399 3.90075
24.8247 3.90075
25.3095 3.90075
25.7943 3.90075
26.279 3.90075
26.7638 3.90075
27.2486 3.90075
27.7334 3.90075
28.2182 3.90075
28.7029 3.90075
29.1877 3.90075
29.6725 3.90075
30.1573 3.90075
30.642 3.90075
31.1268 3.90075
33.486 4.50096
35.8451 4.50096
38.2043 4.50096
40.5634 4.50096
42.9226 4.50096
45.2817 4.50096
47.6409 4.50096
50.0 4.50096
0.0 1.43589
0.513758 1.43589
1.02752 1.59522
1.54127 1.75454
2.05503 1.91386
2.56879 2.07319
3.08255 2.23251
3.59631 2.39183
4.11007 2.55116
4.62382 2.71048
5.1261 2.71048
5.62838 2.76943
6.13066 2.82838
6.63294 2.88732
7.13522 2.94627
7.6375 3.00522
8.13978 3.06416
8.64205 3.12311
9.14433 3.18206
9.64661 3.241
10.1461 3.241
10.6456 3.26613
11.1451 3.29125
11.6446 3.31638
12.1441 3.3415
12.6435 3.36663
13.143 3.39175
13.6425 3.41688
14.142 3.44201
14.6415 3.46713
15.141 3.49226
15.6405 3.51738
16.14 3.54251
16.6395 3.56763
17.139 3.59276
17.6384 3.61788
18.1379 3.64301
18.6374 3.66813
19.1369 3.69326
19.6364 3.71838
20.1359 3.74351
20.6354 3.76863
21.1349 3.79376
21.6503 3.79376
22.1657 3.82717
22.6811 3.86059
23.1965 3.894
23.7119 3.92742
24.2273 3.96083
24.7427 3.99424
25.2581 4.02766
25.7735 4.06107
26.2148 4.06107
26.656 4.06107
27.0972 4.06107
29.642 4.34205
32.1867 4.34205
34.7315 4.34205
37.2762 4.34205
39.821 4.34205
42.3657 4.34205
44.9105 4.34205
47.4552 4.34205
50.0 4.34205
0.0 1.38105
0.47557 1.38105
0.951139 1.52806
1.42671 1.67506
1.90228 1.82207
2.37785 1.96907
2.85342 2.11607
3.32899 2.26308
3.80456 2.41008
4.28013 2.55709
4.7557 2.70409
5.24662 2.70409
5.73754 2.75251
6.22847 2.80093
6.71939 2.84936
7.21031 2.89778
7.70124 2.9462
8.19216 2.99462
8.68308 3.04304
9.174 3.09147
9.66493 3.13989
10.1559 3.18831
10.6567 3.18831
11.1576 3.21315
11.6585 3.238
12.1594 3.26285
12.6603 3.28769
13.1612 3.31254
13.6621 3.33738
14.163 3.36223
14.6639 3.38707
15.1647 3.41192
15.6656 3.43676
16.1665 3.46161
16.6674 3.48645
17.1683 3.5113
17.6692 3.53614
18.1701 3.56099
18.671 3.58583
19.1719 3.61068
19.6728 3.63553
20.1736 3.66037
20.6745 3.68522
21.1754 3.71006
21.6763 3.73491
22.2044 3.73491
22.7325 3.78512
23.2607 3.83533
23.7888 3.88554
24.3169 3.93575
24.845 3.98596
25.3731 4.03617
25.8202 4.03617
26.2673 4.03617
26.7144 4.03617
27.1615 4.03617
29.6991 4.34803
32.2367 4.34803
34.7743 4.34803
37.312 4.34803
39.8496 4.34803
42.3872 4.34803
44.9248 4.34803
47.4624 4.34803
50.0 4.34803
0.0 1.42414
0.469675 1.42414
0.936701 1.47946
1.40373 1.73177
1.87075 1.98409
2.33778 2.23641
2.8048 2.48872
3.27183 2.74104
3.73885 2.99336
4.23969 2.99336
4.74052 3.02143
5.24136 3.04951
5.74219 3.07759
6.24303 3.10567
6.74386 3.13374
7.24469 3.16182
7.74553 3.1899
8.24636 3.21798
8.7472 3.24605
9.24803 3.27413
9.74887 3.30221
10.2497 3.33029
10.7505 3.35836
11.2514 3.38644
11.7522 3.41452
12.253 3.4426
12.7539 3.47067
13.2547 3.49875
13.7555 3.52683
14.2564 3.55491
14.7572 3.58298
15.258 3.61106
15.7589 3.63914
16.2597 3.66722
16.7605 3.69529
17.2614 3.72337
17.7622 3.75145
18.2631 3.77953
18.7639 3.8076
19.2647 3.83568
19.7656 3.86376
20.2664 3.89184
20.7672 3.91991
21.2681 3.94799
21.7689 3.97607
22.2697 4.00415
22.7706 4.03223
23.2714 4.0603
23.7722 4.08838
24.2706 4.08838
24.7689 4.10828
25.2672 4.12818
25.7655 4.14808
26.2639 4.16798
26.7622 4.18788
27.2605 4.20778
27.7588 4.22768
28.2572 4.24758
28.7555 4.26748
29.2538 4.28738
29.7521 4.30728
30.2505 4.32718
30.7488 4.34708
31.2471 4.36698
31.7455 4.38688
32.2438 4.40678
32.7421 4.42668
33.2404 4.44658
33.7388 4.46648
34.2371 4.48638
34.7354 4.50628
35.2337 4.52618
35.7321 4.54608
36.2304 4.56598
36.7287 4.58588
37.227 4.60578
37.7254 4.62568
38.2237 4.64558
38.742 4.64558
39.2603 4.64558
39.7787 4.64558
40.297 4.64558
40.8153 4.64558
41.3336 4.64558
44.2224 4.77239
47.1112 4.77239
50.0 4.77239
0.0 1.8396
0.481725 1.8396
0.96345 1.95319
1.44517 2.06679
1.9269 2.18038
2.40862 2.29398
2.89035 2.40757
3.37207 2.52117
3.8538 2.63476
4.33552 2.74836
4.81725 2.86195
5.29897 2.97555
5.80031 2.97555
6.30165 3.11783
6.80298 3.26012
7.30432 3.4024
7.80566 3.54468
8.30699 3.68696
8.8261 3.68696
9.34521 3.66406
9.86432 3.64116
10.3834 3.61826
10.9025 3.59535
11.4216 3.57245
11.9408 3.54955
12.4599 3.52664
12.979 3.50374
13.4981 3.48084
14.0172 3.45793
14.5363 3.43503
15.05 3.43503
15.5638 3.47195
16.0775 3.50887
16.5913 3.5458
17.1051 3.58272
17.6188 3.61964
18.1142 3.61964
18.6096 3.61964
19.105 3.61964
19.6004 3.61964
20.0958 3.61964
22.5878 4.71399
25.0798 4.71399
27.5718 4.71399
30.0639 4.71399
32.5559 4.71399
35.0479 4.71399
37.5399 4.71399
40.0319 4.71399
42.5239 4.71399
45.016 4.71399
47.508 4.71399
50.0 4.71399
0.0 1.35789
0.483853 1.35789
0.967706 1.55229
1.45156 1.74668
1.93541 1.94108
2.41926 2.13547
2.90312 2.32986
3.38697 2.52426
3.87082 2.71865
4.32609 2.71865
4.78135 2.79379
5.23661 2.86894
5.69188 2.94408
6.14714 3.01922
6.64202 3.01922
7.1369 3.03551
7.63178 3.0518
8.12666 3.06809
8.62153 3.08438
9.11641 3.10067
9.61129 3.11696
10.1062 3.13324
10.601 3.14953
11.0959 3.16582
11.5908 3.18211
12.0857 3.1984
12.5806 3.21469
13.0754 3.23098
13.5703 3.24727
14.0793 3.24727
14.5883 3.3021
15.0973 3.35693
15.6063 3.41176
16.1153 3.46659
16.6243 3.52142
17.1333 3.57625
17.6423 3.63108
18.1512 3.68591
18.6602 3.74073
19.1692 3.79556
19.6782 3.85039
20.1723 3.85039
20.6663 3.85039
21.1604 3.85039
21.6544 3.85039
22.1485 3.85039
22.6426 3.85039
23.1366 3.85039
23.6307 3.85039
24.1247 3.85039
24.6188 3.85039
25.1128 3.85039
25.6069 3.85039
26.1009 3.85039
26.595 3.85039
27.0891 3.85039
27.5831 3.85039
28.0772 3.85039
28.5712 3.85039
29.0653 3.85039
29.5593 3.85039
30.0534 3.85039
30.5474 3.85039
31.0415 3.85039
33.4113 4.55438
35.7811 4.55438
38.1509 4.55438
40.5207 4.55438
42.8906 4.55438
45.2604 4.55438
47.6302 4.55438
50.0 4.55438
0.0 1.35494
0.507095 1.35494
1.01419 1.53976
1.52129 1.72458
2.02838 1.9094
2.53548 2.09422
3.04257 2.27904
3.54967 2.46386
4.05676 2.64868
4.57803 2.64868
5.09931 2.70552
5.62058 2.76237
6.14185 2.81922
6.66312 2.87606
7.18439 2.93291
7.70566 2.98976
8.22694 3.04661
8.74821 3.10345
9.23885 3.10345
9.7295 3.13724
10.2201 3.17103
10.7108 3.20483
11.2014 3.23862
11.6921 3.27241
12.1827 3.3062
12.6734 3.33999
13.164 3.37378
13.6547 3.40757
14.1453 3.44136
14.6359 3.47515
15.1266 3.50894
15.6172 3.54274
16.1079 3.57653
16.5985 3.61032
17.0892 3.64411
17.5798 3.6779
18.0705 3.71169
18.5611 3.74548
19.0517 3.77927
19.531 3.77927
20.0102 3.80129
20.4894 3.82332
20.9687 3.84534
21.4722 3.84534
21.9758 3.84534
22.4794 3.84534
22.983 3.84534
23.4866 3.84534
23.9901 3.84534
24.4937 3.84534
24.9973 3.84534
25.5009 3.84534
26.0044 3.84534
26.508 3.84534
27.0116 3.84534
29.5659 4.33431
32.1201 4.33431
34.6744 4.33431
37.2287 4.33431
39.7829 4.33431
42.3372 4.33431
44.8915 4.33431
47.4457 4.33431
50.0 4.33431
0.0 1.30337
0.496369 1.30337
0.992739 1.49388
1.48911 1.6844
1.98548 1.87491
2.48185 2.06542
2.97822 2.25594
3.47459 2.44645
3.97095 2.63696
4.49348 2.63696
5.016 2.68785
5.53852 2.73873
6.06105 2.78961
6.58357 2.8405
7.10609 2.89138
7.62862 2.94227
8.15114 2.99315
8.67366 3.04403
9.19618 3.09492
9.687 3.09492
10.1778 3.12851
10.6686 3.16209
11.1594 3.19568
11.6503 3.22927
12.1411 3.26286
12.6319 3.29645
13.1227 3.33004
13.6135 3.36363
14.1043 3.39721
14.5952 3.4308
15.086 3.46439
15.5768 3.49798
16.0676 3.53157
16.5584 3.56516
17.0492 3.59875
17.5401 3.63234
18.0309 3.66592
18.5217 3.69951
19.0125 3.7331
19.5033 3.76669
19.9212 3.76669
20.3391 3.78499
20.757 3.8033
21.2698 3.8033
21.7825 3.8033
22.2953 3.8033
22.808 3.8033
23.3208 3.8033
23.8336 3.8033
24.3463 3.8033
24.8591 3.8033
25.3719 3.8033
25.8846 3.8033
26.3974 3.8033
26.9101 3.8033
29.4757 4.33492
32.0412 4.33492
34.6068 4.33492
37.1723 4.33492
39.7378 4.33492
42.3034 4.33492
44.8689 4.33492
47.4345 4.33492
50.0 4.33492
0.0 1.24906
0.530174 1.24906
1.06035 1.52916
1.59052 1.80926
2.1207 2.08936
2.65087 2.36946
3.18104 2.64956
3.71122 2.92966
4.17797 2.92966
4.64472 2.95642
5.11147 2.98318
5.57823 3.00993
6.07662 3.00993
6.57502 3.02159
7.07342 3.03324
7.57182 3.0449
8.07022 3.05655
8.56862 3.0682
9.06702 3.07986
9.56542 3.09151
10.0638 3.10317
10.5622 3.11482
11.0606 3.12648
11.5467 3.12648
12.0328 3.14632
12.5189 3.16617
13.005 3.18601
13.4911 3.20586
13.9772 3.2257
14.4633 3.24555
14.9494 3.2654
15.4355 3.28524
15.9216 3.30509
16.4077 3.32493
16.8938 3.34478
17.4031 3.34478
17.9125 3.34478
18.4218 3.34478
20.8509 4.50398
23.28 4.50398
25.7091 4.50398
28.1382 4.50398
30.5673 4.50398
32.9964 4.50398
35.4254 4.50398
37.8545 4.50398
40.2836 4.50398
42.7127 4.50398
45.1418 4.50398
47.5709 4.50398
50.0 4.50398
0.0 1.36965
0.504902 1.36965
1.0098 1.54396
1.51471 1.71828
2.01961 1.89259
2.52451 2.0669
3.02941 2.24122
3.53432 2.41553
4.03922 2.58984
4.54412 2.76416
5.09653 2.76416
5.64894 2.87075
6.20135 2.97735
6.75376 3.08395
7.24503 3.08395
7.73629 3.09076
8.22756 3.09758
8.71883 3.10439
9.2101 3.1112
9.70136 3.11802
10.1926 3.12483
10.6839 3.13164
11.1752 3.13845
11.6664 3.14527
12.1577 3.15208
12.649 3.15889
13.147 3.15889
13.645 3.20804
14.143 3.25718
14.641 3.30633
15.139 3.35548
15.637 3.40462
16.135 3.45377
16.633 3.50291
17.131 3.55206
17.629 3.6012
18.127 3.65035
18.625 3.6995
19.123 3.74864
19.621 3.79779
20.119 3.84693
20.617 3.89608
21.1173 3.89608
21.6176 3.89608
22.118 3.89608
22.6183 3.89608
23.1186 3.89608
23.619 3.89608
24.1193 3.89608
24.6196 3.89608
25.12 3.89608
25.6203 3.89608
26.1206 3.89608
26.621 3.89608
27.1213 3.89608
27.6217 3.89608
28.122 3.89608
28.6223 3.89608
29.1227 3.89608
29.623 3.89608
30.1233 3.89608
30.6237 3.89608
31.124 3.89608
33.4835 4.56983
35.843 4.56983
38.2025 4.56983
40.562 4.56983
42.9215 4.56983
45.281 4.56983
47.6405 4.56983
50.0 4.56983
0.0 1.20943
0.521057 1.20943
1.04211 1.48825
1.56317 1.76706
2.08423 2.04588
2.60528 2.32469
3.12634 2.60351
3.62321 2.60351
4.12009 2.63289
4.61696 2.66227
5.11383 2.69165
5.61071 2.72103
6.10758 2.75042
6.60445 2.7798
7.10132 2.80918
7.5982 2.83856
8.09507 2.86795
8.59194 2.89733
9.08882 2.92671
9.58569 2.95609
10.0826 2.98547
10.5794 3.01486
11.0763 3.04424
11.5732 3.07362
12.0701 3.103
12.578 3.103
13.086 3.16374
13.594 3.22447
14.1019 3.28521
14.6099 3.34594
15.1179 3.40668
15.6258 3.46741
16.1338 3.52815
16.6418 3.58888
17.1498 3.64962
17.6577 3.71035
18.1558 3.71035
18.6538 3.72542
19.1518 3.74049
19.6499 3.75556
20.1479 3.77063
20.646 3.7857
21.144 3.80077
21.6421 3.81584
22.1401 3.83091
22.6381 3.84597
23.168 3.84597
23.6979 3.84597
24.2277 3.84597
24.7576 3.84597
25.2875 3.84597
25.8173 3.84597
26.3472 3.84597
26.877 3.84597
29.4463 4.38283
32.0155 4.38283
34.5847 4.38283
37.1539 4.38283
39.7231 4.38283
42.2923 4.38283
44.8616 4.38283
47.4308 4.38283
50.0 4.38283
0.0 1.11916
0.477266 1.11916
0.954532 1.33714
1.4318 1.55512
1.90906 1.7731
2.38633 1.99109
2.8636 2.20907
3.34086 2.42705
3.81813 2.64503
4.32236 2.64503
4.82659 2.67141
5.33081 2.69779
5.83504 2.72417
6.33927 2.75055
6.8435 2.77693
7.34772 2.80331
7.85195 2.82969
8.35618 2.85607
8.86041 2.88245
9.36463 2.90882
9.86886 2.9352
10.3731 2.96158
10.8773 2.98796
11.3815 3.01434
11.8858 3.04072
12.3763 3.04072
12.8669 3.12228
13.3575 3.20383
13.8481 3.28539
14.3386 3.36694
14.8292 3.4485
15.3198 3.53005
15.8103 3.61161
16.3009 3.69316
16.796 3.69316
17.291 3.70964
17.7861 3.72611
18.2812 3.74258
18.7763 3.75906
19.2713 3.77553
19.7664 3.79201
20.2615 3.80848
20.7566 3.82495
21.2516 3.84143
21.7467 3.8579
22.2418 3.87438
22.7553 3.87438
23.2688 3.87438
23.7824 3.87438
24.2959 3.87438
24.8094 3.87438
25.3229 3.87438
25.8364 3.87438
26.35 3.87438
26.8635 3.87438
29.4342 4.36053
32.0049 4.36053
34.5756 4.36053
37.1464 4.36053
39.7171 4.36053
42.2878 4.36053
44.8585 4.36053
47.4293 4.36053
50.0 4.36053
0.0 1.08688
0.478708 1.08688
0.957417 1.35715
1.43613 1.62741
1.91483 1.89767
2.39354 2.16794
2.87225 2.4382
3.35096 2.70847
3.83657 2.70847
4.32218 2.73485
4.80779 2.76123
5.2934 2.78761
5.77901 2.814
6.26462 2.84038
6.75023 2.86676
7.23584 2.89314
7.72145 2.91953
8.20706 2.94591
8.69267 2.97229
9.17828 2.99867
9.66389 3.02506
10.1628 3.02506
10.6616 3.06507
11.1605 3.10508
11.6593 3.14509
12.1582 3.1851
12.657 3.22511
13.1559 3.26513
13.6548 3.30514
14.1536 3.34515
14.6525 3.38516
15.1513 3.42517
15.6502 3.46518
16.1491 3.5052
16.6479 3.54521
17.1468 3.58522
17.6355 3.58522
18.1243 3.62879
18.6131 3.67235
19.1019 3.71592
19.5906 3.75948
20.0794 3.80305
20.5682 3.84662
21.057 3.89018
21.556 3.89018
22.055 3.89018
22.554 3.89018
23.0531 3.89018
23.5521 3.89018
24.0511 3.89018
24.5501 3.89018
25.0492 3.89018
25.5482 3.89018
26.0472 3.89018
26.5462 3.89018
27.0453 3.89018
29.5958 4.36492
32.1463 4.36492
34.6968 4.36492
37.2474 4.36492
39.7979 4.36492
42.3484 4.36492
44.8989 4.36492
47.4495 4.36492
50.0 4.36492
0.0 1.16687
0.510193 1.16687
1.02039 1.49296
1.53058 1.81905
2.04077 2.14515
2.55097 2.47124
3.06116 2.79733
3.56051 2.79733
4.05987 2.85982
4.55923 2.92231
5.05858 2.98481
5.55794 3.0473
6.05729 3.10979
6.55665 3.17228
7.056 3.23477
7.55536 3.29726
8.05471 3.35976
8.55407 3.42225
9.03357 3.42225
9.51307 3.35827
9.99257 3.29428
10.4721 3.2303
10.9516 3.16632
11.4311 3.10234
11.9106 3.03836
12.3901 2.97438
12.8696 2.9104
13.3491 2.84641
13.8286 2.78243
14.1851 2.78243
14.5417 3.54611
15.0728 3.54611
15.6039 3.54611
16.135 3.54611
16.6661 3.54611
17.1972 3.54611
19.7205 4.51176
22.2438 4.51176
24.7671 4.51176
27.2904 4.51176
29.8137 4.51176
32.337 4.51176
34.8603 4.51176
37.3835 4.51176
39.9068 4.51176
42.4301 4.51176
44.9534 4.51176
47.4767 4.51176
50.0 4.51176
0.0 1.18272
0.508916 1.18272
1.01783 1.48371
1.52675 1.78471
2.03566 2.0857
2.54458 2.38669
3.0535 2.68769
3.56241 2.98868
4.03974 2.98868
4.51708 3.02247
4.99441 3.05626
5.47174 3.09005
5.94907 3.12384
6.4264 3.15763
6.90374 3.19142
7.38107 3.22521
7.8344 3.22521
8.28773 3.22558
8.74106 3.22596
9.1944 3.22634
9.64773 3.22672
10.1488 3.22672
10.6499 3.23305
11.151 3.23938
11.652 3.24572
12.1531 3.25205
12.6542 3.25838
13.1552 3.26472
13.6563 3.27105
14.1574 3.27738
14.6585 3.28371
15.1595 3.29005
15.6606 3.29638
16.1617 3.30271
16.6628 3.30904
17.1488 3.30904
17.6349 3.30904
18.121 3.30904
18.607 3.30904
21.0219 4.42905
23.4367 4.42905
25.8516 4.42905
28.2664 4.42905
30.6813 4.42905
33.0961 4.42905
35.5109 4.42905
37.9258 4.42905
40.3406 4.42905
42.7555 4.42905
45.1703 4.42905
47.5852 4.42905
50.0 4.42905
0.0 1.22158
0.479143 1.22158
0.958287 1.51224
1.43743 1.80289
1.91657 2.09355
2.39572 2.3842
2.87486 2.67485
3.354 2.96551
3.84316 2.96551
4.33232 2.99219
4.82147 3.01887
5.31063 3.04556
5.79979 3.07224
6.28894 3.09892
6.7781 3.12561
7.26726 3.15229
7.77749 3.15229
8.28772 3.19272
8.79796 3.23316
9.30819 3.27359
9.8262 3.27359
10.3442 3.26653
10.8622 3.25946
11.3802 3.2524
11.8983 3.24533
12.4163 3.23827
12.9343 3.2312
13.4523 3.22413
13.9703 3.21707
14.4883 3.21
15.0063 3.20294
15.5244 3.19587
16.0424 3.1888
16.5711 3.1888
17.0998 3.1888
17.6285 3.1888
18.1572 3.1888
18.6859 3.1888
21.0947 4.47318
23.5035 4.47318
25.9123 4.47318
28.321 4.47318
30.7298 4.47318
33.1386 4.47318
35.5474 4.47318
37.9561 4.47318
40.3649 4.47318
42.7737 4.47318
45.1825 4.47318
47.5912 4.47318
50.0 4.47318
0.0 1.31771
0.529596 1.31771
1.05919 1.5442
1.58879 1.77069
2.11838 1.99719
2.64798 2.22368
3.17758 2.45018
3.70717 2.67667
4.20551 2.67667
4.70385 2.75243
5.20219 2.82818
5.70053 2.90394
6.19886 2.9797
6.6972 3.05546
7.18453 3.05546
7.67186 3.06429
8.15918 3.07313
8.64651 3.08196
9.13384 3.0908
9.62116 3.09963
10.1085 3.10846
10.5958 3.1173
11.0831 3.12613
11.5705 3.13497
12.0578 3.1438
12.5451 3.15263
13.0324 3.16147
13.5198 3.1703
14.0241 3.1703
14.5283 3.2632
15.0326 3.35609
15.5369 3.44898
16.0412 3.54188
16.5454 3.63477
17.0497 3.72767
17.554 3.82056
18.0583 3.91345
18.556 3.91345
19.0538 3.91345
19.5515 3.91345
20.0493 3.91345
20.547 3.91345
21.0448 3.91345
21.5425 3.91345
22.0402 3.91345
22.538 3.91345
23.0357 3.91345
23.5335 3.91345
24.0312 3.91345
24.529 3.91345
25.0267 3.91345
25.5245 3.91345
26.0222 3.91345
26.52 3.91345
27.0177 3.91345
27.5155 3.91345
28.0132 3.91345
28.5109 3.91345
29.0087 3.91345
29.5064 3.91345
30.0042 3.91345
30.5019 3.91345
30.9997 3.91345
33.3747 4.61257
35.7498 4.61257
38.1248 4.61257
40.4998 4.61257
42.8749 4.61257
45.2499 4.61257
47.625 4.61257
50.0 4.61257
0.0 1.11981
0.501248 1.11981
1.0025 1.39043
1.50374 1.66105
2.00499 1.93167
2.50624 2.20229
3.00749 2.47291
3.50874 2.74353
4.04375 2.74353
4.57876 2.77153
5.11377 2.79953
5.64879 2.82754
6.1838 2.85554
6.71881 2.88355
7.25382 2.91155
7.77021 2.91155
8.2866 2.95285
8.80298 2.99414
9.31937 3.03544
9.83575 3.07673
10.3521 3.11803
10.8685 3.15933
11.3849 3.20062
11.9013 3.24192
12.4177 3.28321
12.9341 3.32451
13.4505 3.3658
13.9668 3.4071
14.4832 3.4484
15.0038 3.4484
15.5243 3.55803
16.0448 3.66767
16.5653 3.7773
17.0859 3.88694
17.6064 3.99657
18.1269 4.10621
18.6263 4.10621
19.1256 4.10621
19.625 4.10621
20.1243 4.10621
20.6236 4.10621
21.123 4.10621
21.6223 4.10621
22.1216 4.10621
22.621 4.10621
23.1203 4.10621
23.6197 4.10621
24.119 4.10621
24.6183 4.10621
25.1177 4.10621
25.617 4.10621
26.1164 4.10621
26.6157 4.10621
27.115 4.10621
29.6578 4.45287
32.2006 4.45287
34.7434 4.45287
37.2861 4.45287
39.8289 4.45287
42.3717 4.45287
44.9145 4.45287
47.4572 4.45287
50.0 4.45287
0.0 1.13117
0.532793 1.13117
1.06559 1.39956
1.59838 1.66796
2.13117 1.93636
2.66397 2.20476
3.19676 2.47315
3.72955 2.74155
4.23063 2.74155
4.7317 2.76125
5.23278 2.78096
5.73385 2.80066
6.23492 2.82037
6.736 2.84007
7.23707 2.85977
7.73815 2.87948
8.23922 2.89918
8.7403 2.91889
9.24137 2.93859
9.74245 2.95829
10.2382 2.95829
10.7339 2.99226
11.2296 3.02623
11.7253 3.0602
12.221 3.09417
12.7168 3.12814
13.2125 3.16211
13.7082 3.19608
14.2039 3.23004
14.6996 3.26401
15.1954 3.29798
15.6911 3.33195
16.1868 3.36592
16.6825 3.39989
17.1782 3.43386
17.6739 3.46783
18.1697 3.5018
18.6654 3.53576
19.1661 3.53576
19.6667 3.63727
20.1674 3.73878
20.6681 3.84029
21.1688 3.9418
21.6695 4.04331
22.1701 4.14481
22.6634 4.14481
23.1567 4.14481
23.6499 4.14481
24.1432 4.14481
24.6365 4.14481
25.1297 4.14481
25.623 4.14481
26.1163 4.14481
26.6095 4.14481
27.1028 4.14481
29.6469 4.39378
32.1911 4.39378
34.7352 4.39378
37.2793 4.39378
39.8235 4.39378
42.3676 4.39378
44.9117 4.39378
47.4559 4.39378
50.0 4.39378
0.0 1.13788
0.519032 1.13788
1.03806 1.40259
1.5571 1.66729
2.07613 1.932
2.59516 2.1967
3.11419 2.4614
3.63322 2.72611
4.11558 2.72611
4.59794 2.75711
5.08031 2.78811
5.56267 2.8191
6.04503 2.8501
6.52739 2.8811
7.00975 2.9121
7.49211 2.94309
7.97447 2.97409
8.46337 2.97409
8.95228 3.00627
9.44118 3.03846
9.93008 3.07064
10.419 3.10282
10.9079 3.135
11.3968 3.16719
11.8857 3.19937
12.3746 3.23155
12.8635 3.26373
13.3524 3.29591
13.8413 3.3281
14.3302 3.36028
14.8191 3.39246
15.308 3.42464
15.7969 3.45682
16.2858 3.48901
16.7747 3.52119
17.3254 3.52119
17.8761 3.69387
18.4268 3.86656
18.9775 4.03925
19.4928 4.03925
20.0081 4.03925
20.5233 4.03925
21.0386 4.03925
21.5539 4.03925
22.0691 4.03925
22.5844 4.03925
23.0997 4.03925
23.6149 4.03925
24.1302 4.03925
24.6455 4.03925
25.1607 4.03925
25.676 4.03925
26.1913 4.03925
26.7065 4.03925
27.2218 4.03925
29.7527 4.37453
32.2836 4.37453
34.8145 4.37453
37.3455 4.37453
39.8764 4.37453
42.4073 4.37453
44.9382 4.37453
47.4691 4.37453
50.0 4.37453
0.0 1.05286
0.516267 1.05286
1.03253 1.37788
1.5488 1.7029
2.06507 2.02792
2.58133 2.35294
3.0976 2.67795
3.62517 2.67795
4.15274 2.73188
4.68031 2.7858
5.20788 2.83973
5.73545 2.89365
6.26302 2.94758
6.79059 3.0015
7.29018 3.0015
7.78977 3.03205
8.28936 3.06259
8.78896 3.09313
9.28855 3.12368
9.78814 3.15422
10.2877 3.18476
10.7873 3.21531
11.2869 3.24585
11.7865 3.27639
12.2861 3.30694
12.7857 3.33748
13.2853 3.36802
13.7849 3.39857
14.2845 3.42911
14.7841 3.45965
15.2837 3.4902
15.762 3.4902
16.2403 3.60334
16.7186 3.71648
17.1969 3.82962
17.6753 3.94276
18.1536 4.0559
18.6574 4.0559
19.1612 4.0559
19.665 4.0559
20.1689 4.0559
20.6727 4.0559
21.1765 4.0559
21.6803 4.0559
22.1842 4.0559
22.688 4.0559
23.1918 4.0559
23.6956 4.0559
24.1995 4.0559
24.7033 4.0559
25.2071 4.0559
25.7109 4.0559
26.2147 4.0559
26.7186 4.0559
27.2224 4.0559
29.7532 4.32515
32.2841 4.32515
34.8149 4.32515
37.3458 4.32515
39.8766 4.32515
42.4075 4.32515
44.9383 4.32515
47.4692 4.32515
50.0 4.32515
0.0 1.07963
0.521118 1.07963
1.04224 1.3919
1.56335 1.70418
2.08447 2.01646
2.60559 2.32874
3.12671 2.64101
3.61478 2.64101
4.10284 2.68906
4.59091 2.7371
5.07898 2.78514
5.56704 2.83319
6.05511 2.88123
6.54317 2.92927
7.03124 2.97732
7.51931 3.02536
8.03238 3.02536
8.54546 3.05776
9.05853 3.09016
9.57161 3.12256
10.0847 3.15496
10.5978 3.18736
11.1108 3.21976
11.6239 3.25216
12.137 3.28456
12.6501 3.31696
13.1631 3.34936
13.6762 3.38176
14.1699 3.38176
14.6635 3.4082
15.1572 3.43464
15.6508 3.46108
16.1445 3.48752
16.6381 3.51396
17.1318 3.5404
17.6254 3.56684
18.1191 3.59328
18.6127 3.61972
19.1064 3.64616
19.6 3.6726
20.0937 3.69904
20.5873 3.72548
21.081 3.75192
21.5746 3.77836
22.0683 3.8048
22.5619 3.83124
23.0556 3.85768
23.5492 3.88412
24.0427 3.88412
24.5361 3.88412
25.0296 3.88412
25.523 3.88412
26.0165 3.88412
26.51 3.88412
27.0034 3.88412
29.5586 4.31217
32.1138 4.31217
34.6689 4.31217
37.2241 4.31217
39.7793 4.31217
42.3345 4.31217
44.8896 4.31217
47.4448 4.31217
50.0 4.31217
0.0 1.72535
0.490665 1.72535
0.981331 1.86774
1.472 2.01013
1.96266 2.15252
2.45333 2.29491
2.94399 2.4373
3.43466 2.57969
3.92532 2.72208
4.41599 2.86447
4.90665 3.00686
5.44486 3.00686
5.98306 3.13974
6.52127 3.27262
7.05947 3.4055
7.59768 3.53837
8.08352 3.53837
8.56936 3.52857
9.05521 3.51876
9.54105 3.50895
10.0269 3.49914
10.5127 3.48933
10.9986 3.47952
11.4844 3.46971
11.9703 3.4599
12.4561 3.45009
12.9419 3.44028
13.4278 3.43047
13.9136 3.42066
14.3995 3.41085
14.9292 3.41085
15.4588 3.62202
15.9339 3.62202
16.409 3.62202
16.8841 3.62202
17.3591 3.62202
17.8342 3.62202
18.3093 3.62202
18.7843 3.62202
19.2594 3.62202
19.7345 3.62202
20.2095 3.62202
22.6921 4.68883
25.1746 4.68883
27.6572 4.68883
30.1397 4.68883
32.6222 4.68883
35.1048 4.68883
37.5873 4.68883
40.0698 4.68883
42.5524 4.68883
45.0349 4.68883
47.5175 4.68883
50.0 4.68883
0.0 1.30475
0.512288 1.30475
1.02458 1.57543
1.53687 1.84612
2.04915 2.11681
2.56144 2.38749
3.07373 2.65818
3.57792 2.65818
4.08211 2.71955
4.5863 2.78092
5.09048 2.8423
5.59467 2.90367
6.09886 2.96504
6.60305 3.02641
7.12 3.02641
7.63696 3.03276
8.15391 3.03911
8.67086 3.04545
9.18782 3.0518
9.70477 3.05815
10.2217 3.0645
10.7387 3.07084
11.2556 3.07719
11.7726 3.08354
12.2895 3.08988
12.8065 3.09623
13.3234 3.10258
13.8404 3.10892
14.3344 3.10892
14.8285 3.19097
15.3225 3.27302
15.8166 3.35507
16.3106 3.43711
16.8046 3.51916
17.2987 3.60121
17.7927 3.68326
18.2868 3.76531
18.7808 3.84735
19.2748 3.9294
19.7852 3.9294
20.2955 3.9294
20.8058 3.9294
21.3162 3.9294
21.8265 3.9294
22.3368 3.9294
22.8471 3.9294
23.3575 3.9294
23.8678 3.9294
24.3781 3.9294
24.8884 3.9294
25.3988 3.9294
25.9091 3.9294
26.4194 3.9294
26.9297 3.9294
27.4401 3.9294
27.9504 3.9294
28.4607 3.9294
28.971 3.9294
29.4814 3.9294
29.9917 3.9294
30.502 3.9294
31.0123 3.9294
33.3858 4.58789
35.7593 4.58789
38.1327 4.58789
40.5062 4.58789
42.8796 4.58789
45.2531 4.58789
47.6265 4.58789
50.0 4.58789
0.0 1.12934
0.523401 1.12934
1.0468 1.3876
1.5702 1.64587
2.09361 1.90413
2.61701 2.16239
3.14041 2.42065
3.66381 2.67891
4.17385 2.67891
4.6839 2.72733
5.19394 2.77575
5.70398 2.82417
6.21402 2.87259
6.72407 2.92101
7.23411 2.96942
7.74415 3.01784
8.25419 3.06626
8.74918 3.06626
9.24416 3.10227
9.73914 3.13827
10.2341 3.17428
10.7291 3.21029
11.2241 3.2463
11.7191 3.28231
12.214 3.31831
12.709 3.35432
13.2025 3.35432
13.6961 3.38338
14.1896 3.41244
14.6831 3.44149
15.1766 3.47055
15.6701 3.49961
16.1637 3.52867
16.6572 3.55772
17.1507 3.58678
17.6442 3.61584
18.1377 3.6449
18.6312 3.67396
19.1248 3.70301
19.6183 3.73207
20.1118 3.76113
20.6053 3.79019
21.0988 3.81924
21.5923 3.8483
22.0859 3.87736
22.5794 3.90642
23.0729 3.93548
23.5591 3.93548
24.0453 3.93548
24.5315 3.93548
25.0177 3.93548
25.5039 3.93548
25.9902 3.93548
26.4764 3.93548
26.9626 3.93548
29.5223 4.28154
32.082 4.28154
34.6417 4.28154
37.2014 4.28154
39.7611 4.28154
42.3209 4.28154
44.8806 4.28154
47.4403 4.28154
50.0 4.28154
0.0 1.69591
0.530523 1.69591
1.06105 1.85864
1.59157 2.02136
2.12209 2.18408
2.65262 2.34681
3.18314 2.50953
3.71366 2.67226
4.24419 2.83498
4.73029 2.83498
5.21638 2.95378
5.70248 3.07258
6.18858 3.19138
6.67468 3.31018
7.16078 3.42898
7.64687 3.54778
8.15282 3.54778
8.65877 3.5286
9.16472 3.50942
9.67067 3.49024
10.1681 3.49024
10.6655 3.49474
11.1629 3.49923
11.6603 3.50373
12.1577 3.50823
12.6718 3.50823
13.1859 3.50823
13.6999 3.50823
14.214 3.50823
14.7281 3.50823
15.2421 3.50823
15.7562 3.50823
16.2702 3.50823
16.7843 3.50823
17.2984 3.50823
17.8124 3.50823
18.3265 3.50823
18.8406 3.50823
19.3546 3.50823
19.8687 3.50823
20.3828 3.50823
22.8509 4.73515
25.319 4.73515
27.7871 4.73515
30.2552 4.73515
32.7233 4.73515
35.1914 4.73515
37.6595 4.73515
40.1276 4.73515
42.5957 4.73515
45.0638 4.73515
47.5319 4.73515
50.0 4.73515
0.0 1.16374
0.520191 1.16374
1.04038 1.53993
1.56057 1.91613
2.08076 2.29232
2.60096 2.66852
3.12115 3.04471
3.59474 3.04471
4.06833 3.02883
4.54192 3.01294
5.01551 2.99706
5.4891 2.98117
5.96269 2.96529
6.44193 2.96529
6.92117 3.00658
7.4004 3.04788
7.87964 3.08918
8.35888 3.13048
8.83812 3.17177
9.31735 3.21307
9.79659 3.25437
10.2758 3.29566
10.7551 3.33696
11.2487 3.33696
11.7423 3.34183
12.2359 3.34671
12.7295 3.35158
13.2231 3.35645
13.7167 3.36132
14.2104 3.36619
14.6887 3.36619
15.1671 3.36619
15.6455 3.36619
16.1239 3.36619
16.6022 3.36619
17.0806 3.36619
17.559 3.36619
18.0374 3.36619
18.5158 3.36619
20.9376 4.67658
23.3595 4.67658
25.7814 4.67658
28.2032 4.67658
30.6251 4.67658
33.0469 4.67658
35.4688 4.67658
37.8907 4.67658
40.3125 4.67658
42.7344 4.67658
45.1563 4.67658
47.5781 4.67658
50.0 4.67658
0.0 1.27977
0.474165 1.27977
0.94833 1.45064
1.42249 1.62151
1.89666 1.79238
2.37082 1.96325
2.84499 2.13412
3.31915 2.30499
3.79332 2.47586
4.26748 2.64673
4.71083 2.64673
5.15417 3.02187
5.68115 3.02187
6.20812 3.03076
6.7351 3.03965
7.26208 3.04854
7.78905 3.05743
8.31603 3.06631
8.84301 3.0752
9.36999 3.08409
9.86808 3.08409
10.3662 3.11695
10.8643 3.1498
11.3624 3.18266
11.8604 3.21552
12.3585 3.24837
12.8566 3.28123
13.3547 3.31409
13.8528 3.34694
14.3509 3.3798
14.849 3.41266
15.3471 3.44551
15.8452 3.47837
16.3433 3.51123
16.8414 3.54409
17.3394 3.57694
17.8375 3.6098
18.3356 3.64266
18.8337 3.67551
19.3318 3.70837
19.8299 3.74123
20.328 3.77408
20.8261 3.80694
21.3242 3.8398
21.8223 3.87265
22.3204 3.90551
22.8185 3.93837
23.3274 3.93837
23.8364 3.93837
24.3453 3.93837
24.8543 3.93837
25.3633 3.93837
25.8722 3.93837
26.3812 3.93837
26.8901 3.93837
27.3991 3.93837
27.9081 3.93837
28.417 3.93837
28.926 3.93837
29.4349 3.93837
29.9439 3.93837
30.4528 3.93837
30.9618 3.93837
33.3416 4.65458
35.7214 4.65458
38.1011 4.65458
40.4809 4.65458
42.8607 4.65458
45.2405 4.65458
47.6202 4.65458
50.0 4.65458
0.0 1.20071
0.509435 1.20071
1.01887 1.49511
1.5283 1.7895
2.03774 2.0839
2.54717 2.37829
3.05661 2.67268
3.55522 2.67268
4.05384 2.74107
4.55246 2.80945
5.05108 2.87783
5.54969 2.94622
6.04831 3.0146
6.54693 3.08299
7.04555 3.15137
7.54416 3.21975
8.04278 3.28814
8.5414 3.35652
9.04002 3.42491
9.53527 3.42491
10.0305 3.4521
10.5258 3.4793
11.021 3.5065
11.5163 3.5337
12.0115 3.5609
12.5068 3.5881
13.002 3.6153
13.4973 3.6425
13.9926 3.6697
14.4878 3.69689
14.9831 3.72409
15.4783 3.75129
15.9736 3.77849
16.4688 3.80569
16.9641 3.83289
17.4593 3.86009
17.9546 3.88729
18.4498 3.91448
18.9451 3.94168
19.4403 3.96888
19.9356 3.99608
20.4309 4.02328
20.9261 4.05048
21.4214 4.07768
21.9166 4.10488
22.4119 4.13207
22.9071 4.15927
23.4024 4.18647
23.8976 4.21367
24.4104 4.21367
24.9231 4.22537
25.4359 4.23707
25.9486 4.24877
26.4614 4.26047
26.9742 4.27217
27.4869 4.28387
27.9997 4.29557
28.5124 4.30727
29.0252 4.31897
29.5379 4.33066
30.0507 4.34236
30.5634 4.35406
31.0762 4.36576
31.5889 4.37746
32.1017 4.38916
32.6144 4.40086
33.1136 4.40086
33.6127 4.40086
34.1119 4.40086
34.611 4.40086
35.1101 4.40086
35.6093 4.40086
36.1084 4.40086
36.6076 4.40086
37.1067 4.40086
37.6058 4.40086
38.105 4.40086
38.6041 4.40086
39.1033 4.40086
39.6024 4.40086
40.1015 4.40086
40.6007 4.40086
41.0998 4.40086
41.599 4.40086
42.0981 4.40086
44.7321 4.77586
47.366 4.77586
50.0 4.77586
0.0 1.22024
0.471646 1.22024
0.943291 1.4308
1.41494 1.64136
1.88658 1.85192
2.35823 2.06248
2.82987 2.27304
3.30152 2.4836
3.77317 2.69417
4.34939 2.69417
4.92562 2.89589
5.50184 3.09761
5.9695 3.09761
6.43716 3.09202
6.90481 3.08643
7.37247 3.08083
7.84012 3.07524
8.30778 3.06965
8.77543 3.06406
9.27347 3.06406
9.77151 3.10384
10.2695 3.14362
10.7676 3.1834
11.2656 3.22318
11.7637 3.26296
12.2617 3.30274
12.7597 3.34252
13.2578 3.3823
13.7558 3.42208
14.2538 3.46186
14.7519 3.50164
15.2499 3.54142
15.748 3.5812
16.246 3.62098
16.744 3.66076
17.2421 3.70054
17.7401 3.74032
18.2381 3.7801
18.7362 3.81988
19.2342 3.85966
19.7323 3.89944
20.2303 3.93922
20.7283 3.979
21.2395 3.979
21.7507 3.979
22.2619 3.979
22.7731 3.979
23.2843 3.979
23.7955 3.979
24.3067 3.979
24.8179 3.979
25.3291 3.979
25.8403 3.979
26.3515 3.979
26.8627 3.979
27.3739 3.979
27.8851 3.979
28.3963 3.979
28.9075 3.979
29.4187 3.979
29.9299 3.979
30.4411 3.979
30.9523 3.979
33.3332 4.68293
35.7142 4.68293
38.0952 4.68293
40.4761 4.68293
42.8571 4.68293
45.2381 4.68293
47.619 4.68293
50.0 4.68293
0.0 1.71067
0.482093 1.71067
0.964185 1.85243
1.44628 1.99418
1.92837 2.13594
2.41046 2.2777
2.89256 2.41945
3.37465 2.56121
3.85674 2.70296
4.33883 2.84472
4.81746 2.84472
5.29608 2.94205
5.7747 3.03938
6.25332 3.13671
6.73195 3.23404
7.21057 3.33137
7.68919 3.4287
8.16781 3.52603
8.64644 3.62336
9.13776 3.62336
9.62909 3.60807
10.1204 3.59277
10.6117 3.57748
11.1031 3.56219
11.5944 3.5469
12.0857 3.53161
12.5771 3.51632
13.0684 3.50103
13.589 3.50103
14.1097 3.492
14.6304 3.48298
15.151 3.47395
15.6717 3.46493
16.1923 3.4559
16.713 3.44688
17.2092 3.44688
17.7053 3.44688
18.2015 3.44688
18.6977 3.44688
19.1938 3.44688
19.69 3.44688
20.1862 3.44688
20.6823 3.44688
23.1255 4.76493
25.5686 4.76493
28.0118 4.76493
30.4549 4.76493
32.898 4.76493
35.3412 4.76493
37.7843 4.76493
40.2274 4.76493
42.6706 4.76493
45.1137 4.76493
47.5569 4.76493
50.0 4.76493
0.0 1.14456
0.526878 1.14456
1.05376 1.51062
1.58063 1.87667
2.10751 2.24273
2.63439 2.60879
3.16127 2.97484
3.65187 2.97484
4.14248 2.97113
4.63308 2.96742
5.12369 2.96371
5.61429 2.95999
6.1049 2.95628
6.5955 2.95257
7.08611 2.94886
7.57672 2.94515
8.09294 2.94515
8.60917 2.9902
9.12539 3.03526
9.64162 3.08031
10.1578 3.12537
10.6741 3.17042
11.1903 3.21548
11.7065 3.26053
12.2227 3.30559
12.7526 3.30559
13.2824 3.31407
13.8123 3.32255
14.3421 3.33103
14.8719 3.33951
15.4018 3.34799
15.9095 3.34799
16.4172 3.34799
16.925 3.34799
17.4327 3.34799
17.9405 3.34799
18.4482 3.34799
20.8753 4.67175
23.3023 4.67175
25.7294 4.67175
28.1565 4.67175
30.5835 4.67175
33.0106 4.67175
35.4376 4.67175
37.8647 4.67175
40.2918 4.67175
42.7188 4.67175
45.1459 4.67175
47.5729 4.67175
50.0 4.67175
0.0 1.18707
0.504027 1.18707
1.00805 1.49132
1.51208 1.79557
2.01611 2.09982
2.52014 2.40407
3.02416 2.70831
3.52841 2.70831
4.03266 2.76819
4.53691 2.82806
5.04116 2.88793
5.54541 2.94781
6.04966 3.00768
6.55392 3.06755
7.05817 3.12743
7.56242 3.1873
8.06667 3.24717
8.57092 3.30705
9.07517 3.36692
9.57942 3.42679
10.0834 3.42679
10.5874 3.45587
11.0914 3.48495
11.5954 3.51403
12.0994 3.54311
12.6034 3.57219
13.1074 3.60127
13.6114 3.63035
14.1154 3.65943
14.6194 3.6885
15.1234 3.71758
15.6274 3.74666
16.1314 3.77574
16.6354 3.80482
17.1394 3.8339
17.6434 3.86298
18.1474 3.89206
18.6514 3.92114
19.1554 3.95021
19.6594 3.97929
20.1634 4.00837
20.6674 4.03745
21.1714 4.06653
21.6754 4.09561
22.1794 4.12469
22.6833 4.15377
23.1873 4.18284
23.6913 4.21192
24.1953 4.241
24.6993 4.27008
25.1875 4.27008
25.6756 4.28405
26.1638 4.29802
26.6519 4.312
27.1401 4.32597
27.6282 4.33994
28.1163 4.35391
28.6045 4.36788
29.0926 4.38185
29.5808 4.39582
30.0689 4.4098
30.5571 4.42377
31.0452 4.43774
31.5333 4.45171
32.0215 4.46568
32.5096 4.47965
33.0115 4.47965
33.5133 4.47965
34.0151 4.47965
34.517 4.47965
35.0188 4.47965
35.5206 4.47965
36.0225 4.47965
36.5243 4.47965
37.0261 4.47965
37.5279 4.47965
38.0298 4.47965
38.5316 4.47965
39.0334 4.47965
39.5353 4.47965
40.0371 4.47965
40.5389 4.47965
41.0408 4.47965
41.5426 4.47965
42.0444 4.47965
44.6963 4.75324
47.3481 4.75324
50.0 4.75324
0.0 1.22532
0.518133 1.22532
1.03627 1.46587
1.5544 1.70642
2.07253 1.94697
2.59066 2.18752
3.1088 2.42807
3.62693 2.66862
4.12238 2.66862
4.61784 2.7198
5.11329 2.77098
5.60875 2.82216
6.1042 2.87334
6.59966 2.92452
7.09511 2.9757
7.59057 3.02688
8.08602 3.07806
8.58972 3.07806
9.09342 3.07108
9.59713 3.06411
10.1008 3.05713
10.6045 3.05016
11.1082 3.04318
11.6119 3.03621
12.1156 3.02924
12.6193 3.02226
13.123 3.01529
13.6216 3.01529
14.1201 3.07409
14.6186 3.1329
15.1171 3.1917
15.6156 3.25051
16.1141 3.30931
16.6127 3.36812
17.1112 3.42692
17.6097 3.48573
18.1082 3.54453
18.6067 3.60334
19.1053 3.66214
19.6038 3.72095
20.1023 3.77976
20.6008 3.83856
21.0993 3.89737
21.5978 3.95617
22.0964 4.01498
22.5949 4.07378
23.0865 4.07378
23.5781 4.07378
24.0697 4.07378
24.5613 4.07378
25.0529 4.07378
25.5446 4.07378
26.0362 4.07378
26.5278 4.07378
27.0194 4.07378
27.511 4.07378
28.0026 4.07378
28.4942 4.07378
28.9858 4.07378
29.4775 4.07378
29.9691 4.07378
30.4607 4.07378
30.9523 4.07378
33.3333 4.65264
35.7142 4.65264
38.0952 4.65264
40.4761 4.65264
42.8571 4.65264
45.2381 4.65264
47.619 4.65264
50.0 4.65264
0.0 1.18165
0.519111 1.18165
1.03822 1.4554
1.55733 1.72916
2.07644 2.00291
2.59556 2.27666
3.11467 2.55041
3.63378 2.82416
4.12347 2.82416
4.61316 2.86006
5.10284 2.89596
5.59253 2.93186
6.08222 2.96775
6.57191 3.00365
7.0616 3.03955
7.55129 3.07544
8.04097 3.11134
8.53066 3.14724
9.02387 3.14724
9.51708 3.12573
10.0103 3.10422
10.5035 3.08271
10.9967 3.0612
11.4899 3.03969
11.9831 3.01818
12.4862 3.01818
12.9892 3.0731
13.4923 3.12802
13.9953 3.18294
14.4984 3.23786
15.0014 3.29277
15.5045 3.34769
16.0075 3.40261
16.5105 3.45753
17.0136 3.51245
17.5166 3.56737
18.0197 3.62229
18.5227 3.6772
19.0258 3.73212
19.5288 3.78704
20.0319 3.84196
20.5349 3.89688
21.038 3.9518
21.541 4.00672
22.044 4.06163
22.5391 4.06163
23.0341 4.06163
23.5291 4.06163
24.0241 4.06163
24.5191 4.06163
25.0141 4.06163
25.5091 4.06163
26.0041 4.06163
26.4991 4.06163
26.9941 4.06163
27.4892 4.06163
27.9842 4.06163
28.4792 4.06163
28.9742 4.06163
29.4692 4.06163
29.9642 4.06163
30.4592 4.06163
30.9542 4.06163
33.335 4.5782
35.7157 4.5782
38.0964 4.5782
40.4771 4.5782
42.8578 4.5782
45.2386 4.5782
47.6193 4.5782
50.0 4.5782
0.0 1.07433
0.533286 1.07433
1.06657 1.36452
1.59986 1.65471
2.13315 1.9449
2.66643 2.2351
3.19972 2.52529
3.73301 2.81548
4.25268 2.81548
4.77236 2.82729
5.29204 2.8391
5.81172 2.85091
6.3314 2.86272
6.85107 2.87454
7.37075 2.88635
7.89043 2.89816
8.41011 2.90997
8.92979 2.92178
9.44946 2.93359
9.96067 2.93359
10.4719 2.98329
10.9831 3.03299
11.4943 3.08269
12.0055 3.13239
12.5167 3.18209
13.0279 3.23179
13.5391 3.28149
14.0503 3.33119
14.5615 3.38088
15.0728 3.43058
15.584 3.48028
16.0952 3.52998
16.6149 3.52998
17.1346 3.58066
17.6544 3.63134
18.1741 3.68202
18.6939 3.73269
19.2136 3.78337
19.7334 3.83405
20.2531 3.88473
20.762 3.88473
21.2708 3.88473
21.7797 3.88473
22.2886 3.88473
22.7974 3.88473
23.3063 3.88473
23.8152 3.88473
24.324 3.88473
24.8329 3.88473
25.3418 3.88473
25.8506 3.88473
26.3595 3.88473
26.8684 3.88473
29.4386 4.34446
32.0087 4.34446
34.5789 4.34446
37.1491 4.34446
39.7193 4.34446
42.2895 4.34446
44.8596 4.34446
47.4298 4.34446
50.0 4.34446
0.0 1.03178
0.499059 1.03178
0.998118 1.4262
1.49718 1.82062
1.99624 2.21504
2.49529 2.60946
2.99435 3.00388
3.49082 3.00388
3.98728 2.99334
4.48374 2.98279
4.9802 2.97225
5.47667 2.9617
5.97313 2.95115
6.46959 2.94061
6.96606 2.93006
7.46252 2.91952
7.95898 2.90897
8.50493 2.90897
9.05088 3.01081
9.59683 3.11265
10.1428 3.21449
10.623 3.21449
11.1033 3.23392
11.5836 3.25334
12.0638 3.27276
12.5441 3.29219
13.0243 3.31161
13.5046 3.33103
13.9849 3.35046
14.4651 3.36988
14.9454 3.38931
15.4256 3.40873
15.9059 3.42815
16.426 3.42815
16.946 3.42815
17.4661 3.42815
17.9861 3.42815
18.5062 3.42815
20.9288 4.6082
23.3514 4.6082
25.774 4.6082
28.1966 4.6082
30.6192 4.6082
33.0418 4.6082
35.4644 4.6082
37.887 4.6082
40.3096 4.6082
42.7322 4.6082
45.1548 4.6082
47.5774 4.6082
50.0 4.6082
0.0 1.17087
0.532748 1.17087
1.0655 1.56467
1.59824 1.95847
2.13099 2.35227
2.66374 2.74607
3.19649 3.13987
3.69234 3.13987
4.1882 3.1009
4.68405 3.06192
5.17991 3.02295
5.67576 2.98398
6.17162 2.94501
6.66747 2.90604
7.16846 2.90604
7.66945 2.93822
8.17045 2.97041
8.67144 3.00259
9.17243 3.03477
9.67342 3.06695
10.1744 3.09914
10.6754 3.13132
11.1764 3.1635
11.6774 3.19569
12.1267 3.19569
12.5759 3.2515
13.0252 3.30731
13.5183 3.30731
14.0114 3.30731
14.5046 3.30731
14.9977 3.30731
15.4908 3.30731
15.9839 3.30731
16.477 3.30731
16.9701 3.30731
17.4633 3.30731
17.9564 3.30731
18.4495 3.30731
20.8764 4.63799
23.3034 4.63799
25.7304 4.63799
28.1573 4.63799
30.5843 4.63799
33.0113 4.63799
35.4382 4.63799
37.8652 4.63799
40.2921 4.63799
42.7191 4.63799
45.1461 4.63799
47.573 4.63799
50.0 4.63799
0.0 1.10957
0.467808 1.10957
0.935616 1.45178
1.40342 1.79399
1.87123 2.13619
2.33904 2.4784
2.80685 2.8206
3.27466 3.16281
3.78166 3.16281
4.28866 3.11256
4.79566 3.06232
5.30266 3.01208
5.80966 2.96184
6.31667 2.91159
6.84363 2.91159
7.3706 2.95192
7.89756 2.99226
8.42453 3.03259
8.9515 3.07292
9.47846 3.11325
10.0054 3.15358
10.5324 3.19391
11.0594 3.23424
11.6038 3.23424
12.1483 3.25074
12.6927 3.26725
13.2371 3.28375
13.7234 3.28375
14.2096 3.28375
14.6959 3.28375
15.1821 3.28375
15.6684 3.28375
16.1546 3.28375
16.6408 3.28375
17.1271 3.28375
17.6133 3.28375
18.0996 3.28375
18.5858 3.28375
21.0023 4.54383
23.4188 4.54383
25.8352 4.54383
28.2517 4.54383
30.6682 4.54383
33.0847 4.54383
35.5011 4.54383
37.9176 4.54383
40.3341 4.54383
42.7506 4.54383
45.167 4.54383
47.5835 4.54383
50.0 4.54383
0.0 1.66456
0.484768 1.66456
0.969537 1.79258
1.45431 1.92059
1.93907 2.04861
2.42384 2.17663
2.90861 2.30464
3.39338 2.43266
3.87815 2.56068
4.36292 2.68869
4.84768 2.81671
5.33653 2.81671
5.82537 3.00932
6.31421 3.20192
6.80305 3.39453
7.2919 3.58714
7.77615 3.58714
8.2604 3.56033
8.74466 3.53353
9.22891 3.50673
9.71317 3.47993
10.1974 3.45313
10.7032 3.45313
11.2089 3.46284
11.7146 3.47255
12.2204 3.48226
12.7261 3.49197
13.2224 3.49197
13.7187 3.49197
14.2149 3.49197
14.7112 3.49197
15.2075 3.49197
15.7038 3.49197
16.2001 3.49197
16.6964 3.49197
17.1926 3.49197
17.6889 3.49197
18.1852 3.49197
18.6815 3.49197
19.1778 3.49197
19.674 3.49197
20.1703 3.49197
20.6666 3.49197
23.1111 4.71451
25.5555 4.71451
28.0 4.71451
30.4444 4.71451
32.8889 4.71451
35.3333 4.71451
37.7778 4.71451
40.2222 4.71451
42.6667 4.71451
45.1111 4.71451
47.5556 4.71451
50.0 4.71451
0.0 1.02915
0.496073 1.02915
0.992146 1.42855
1.48822 1.82796
1.98429 2.22736
2.48037 2.62677
2.97644 3.02617
3.471 3.02617
3.96556 3.0138
4.46012 3.00144
4.95468 2.98907
5.44924 2.9767
5.9438 2.96434
6.43836 2.95197
6.75515 2.95197
7.07193 3.17484
7.56099 3.17484
8.05004 3.18733
8.5391 3.19981
9.02816 3.21229
9.51721 3.22478
10.0063 3.23726
10.4953 3.24974
10.9844 3.26223
11.4734 3.27471
11.9625 3.28719
12.4516 3.29968
12.9406 3.31216
13.4297 3.32464
13.9187 3.33713
14.4078 3.34961
14.8968 3.36209
15.3859 3.37458
15.8749 3.38706
16.364 3.39954
16.8531 3.41203
17.3421 3.42451
17.8899 3.42451
18.4377 3.42451
20.8655 4.65175
23.2934 4.65175
25.7213 4.65175
28.1492 4.65175
30.577 4.65175
33.0049 4.65175
35.4328 4.65175
37.8606 4.65175
40.2885 4.65175
42.7164 4.65175
45.1443 4.65175
47.5721 4.65175
50.0 4.65175
0.0 1.62796
0.510051 1.62796
1.0201 1.77153
1.53015 1.91511
2.0402 2.05869
2.55026 2.20226
3.06031 2.34584
3.57036 2.48941
4.08041 2.63299
4.59046 2.77657
5.0557 2.77657
5.52095 2.93695
5.98619 3.09733
6.45144 3.25772
6.91668 3.4181
7.38193 3.57848
7.89294 3.57848
8.40396 3.56743
8.91497 3.55637
9.42599 3.54532
9.93701 3.53427
10.448 3.52321
10.959 3.51216
11.4701 3.50111
11.9811 3.49005
12.4921 3.479
13.0031 3.46795
13.5471 3.46795
14.091 3.48198
14.6349 3.49601
15.1789 3.51004
15.6687 3.51004
16.1585 3.51004
16.6484 3.51004
17.1382 3.51004
17.628 3.51004
18.1178 3.51004
18.6077 3.51004
19.0975 3.51004
19.5873 3.51004
20.0771 3.51004
20.5669 3.51004
23.0197 4.71146
25.4725 4.71146
27.9252 4.71146
30.378 4.71146
32.8307 4.71146
35.2835 4.71146
37.7362 4.71146
40.189 4.71146
42.6417 4.71146
45.0945 4.71146
47.5472 4.71146
50.0 4.71146
0.0 1.14958
0.481778 1.14958
0.963555 1.48986
1.44533 1.83014
1.92711 2.17041
2.40889 2.51069
2.89067 2.85097
3.37244 3.19124
3.88449 3.19124
4.39654 3.1381
4.90858 3.08495
5.42063 3.0318
5.93268 2.97865
6.44472 2.9255
6.95677 2.87236
7.46793 2.87236
7.97909 2.93031
8.49025 2.98825
9.00141 3.0462
9.51257 3.10415
10.0237 3.1621
10.5349 3.22005
11.0452 3.22005
11.5556 3.22702
12.066 3.23399
12.5763 3.24096
13.0867 3.24793
13.597 3.25491
14.0863 3.25491
14.5756 3.25491
15.0648 3.25491
15.5541 3.25491
16.0434 3.25491
16.5327 3.25491
17.0219 3.25491
17.5112 3.25491
18.0005 3.25491
18.4898 3.25491
20.9136 4.5809
23.3375 4.5809
25.7613 4.5809
28.1852 4.5809
30.6091 4.5809
33.0329 4.5809
35.4568 4.5809
37.8807 4.5809
40.3045 4.5809
42.7284 4.5809
45.1523 4.5809
47.5761 4.5809
50.0 4.5809
0.0 1.19476
0.475744 1.19476
0.951488 1.38728
1.42723 1.5798
1.90298 1.77232
2.37872 1.96484
2.85446 2.15735
3.33021 2.34987
3.80595 2.54239
4.2817 2.73491
4.77326 2.73491
5.26481 2.80121
5.75637 2.86752
6.266 2.86752
6.77564 2.90414
7.28527 2.94076
7.7949 2.97738
8.30453 3.014
8.81416 3.05062
9.32379 3.08723
9.83342 3.12385
10.3431 3.16047
10.8527 3.19709
11.3623 3.23371
11.8719 3.27033
12.3816 3.30695
12.8912 3.34357
13.4008 3.38019
13.9105 3.41681
14.4201 3.45343
14.9297 3.49005
15.4394 3.52667
15.949 3.56328
16.4586 3.5999
16.9683 3.63652
17.4484 3.63652
17.9286 3.6537
18.4088 3.67088
18.8889 3.68806
19.3691 3.70524
19.8492 3.72242
20.3294 3.7396
20.8096 3.75678
21.2897 3.77396
21.7699 3.79114
22.2501 3.80832
22.732 3.80832
23.2139 3.80832
23.6958 3.80832
24.1777 3.80832
24.6596 3.80832
25.1415 3.80832
25.6234 3.80832
26.1052 3.80832
26.5871 3.80832
27.069 3.80832
27.5509 3.80832
30.0453 4.38172
32.5396 4.38172
35.034 4.38172
37.5283 4.38172
40.0226 4.38172
42.517 4.38172
45.0113 4.38172
47.5057 4.38172
50.0 4.38172
0.0 0.960746
0.490196 0.960746
0.980391 1.36918
1.47059 1.77762
1.96078 2.18606
2.45098 2.5945
2.94117 3.00294
3.46349 3.00294
3.98581 2.98293
4.50813 2.96293
5.03045 2.94292
5.55276 2.92292
6.07508 2.90291
6.56267 2.90291
7.05027 2.92979
7.53786 2.95666
8.02545 2.98353
8.51304 3.01041
9.00063 3.03728
9.48823 3.06415
9.97582 3.09103
10.4634 3.1179
10.951 3.14477
11.4386 3.17165
11.9262 3.19852
12.4229 3.19852
12.9197 3.24002
13.4164 3.28151
13.9132 3.32301
14.41 3.3645
14.9067 3.406
15.4035 3.4475
15.9002 3.48899
16.4367 3.48899
16.9732 3.48899
17.5097 3.48899
18.0462 3.48899
18.5826 3.48899
20.9994 4.63151
23.4161 4.63151
25.8328 4.63151
28.2495 4.63151
30.6662 4.63151
33.083 4.63151
35.4997 4.63151
37.9164 4.63151
40.3331 4.63151
42.7498 4.63151
45.1666 4.63151
47.5833 4.63151
50.0 4.63151
0.0 1.19474
0.549485 1.19474
1.09897 1.56168
1.64846 1.92862
2.19794 2.29556
2.74743 2.66251
3.23649 2.66251
3.72555 2.73038
4.21462 2.79826
4.70368 2.86613
5.19274 2.934
5.6818 3.00188
6.17087 3.06975
6.65993 3.13763
7.14899 3.2055
7.63805 3.27338
8.12712 3.34125
8.61618 3.40913
9.10914 3.40913
9.6021 3.43437
10.0951 3.45961
10.588 3.48485
11.081 3.51009
11.574 3.53533
12.0669 3.56057
12.5599 3.58581
13.0528 3.61105
13.5458 3.63629
14.0388 3.66153
14.5317 3.68677
15.0247 3.71201
15.5177 3.73725
16.0106 3.76249
16.5036 3.78773
16.9965 3.81297
17.4895 3.83821
17.9825 3.86345
18.4754 3.88869
18.9684 3.91393
19.4614 3.93917
19.9543 3.96441
20.4473 3.98965
20.9402 4.01489
21.4332 4.04013
21.9262 4.06537
22.4191 4.09061
22.9121 4.11585
23.4051 4.14109
23.898 4.16633
24.391 4.19157
24.8839 4.21681
25.3769 4.24205
25.8699 4.26729
26.3641 4.26729
26.8584 4.28389
27.3527 4.30049
27.8469 4.31708
28.3412 4.33368
28.8354 4.35028
29.3297 4.36688
29.824 4.38348
30.3182 4.40008
30.8125 4.41668
31.3068 4.43328
31.801 4.44988
32.2953 4.46648
32.7895 4.48308
33.2985 4.48308
33.8075 4.48308
34.3165 4.48308
34.8255 4.48308
35.3345 4.48308
35.8435 4.48308
36.3525 4.48308
36.8615 4.48308
37.3705 4.48308
37.8795 4.48308
38.3885 4.48308
38.8975 4.48308
39.4065 4.48308
39.9155 4.48308
40.4245 4.48308
40.9335 4.48308
41.4425 4.48308
41.9515 4.48308
44.6343 4.7462
47.3172 4.7462
50.0 4.7462
0.0 1.12102
0.510944 1.12102
1.02189 1.52017
1.53283 1.91932
2.04378 2.31847
2.55472 2.71762
3.06566 3.11677
3.56487 3.11677
4.06407 3.04769
4.56327 2.97861
5.06248 2.90953
5.56168 2.84045
6.04829 2.84045
6.53489 2.88383
7.0215 2.92721
7.5081 2.97058
7.99471 3.01396
8.48131 3.05734
8.96791 3.10072
9.45452 3.14409
9.94112 3.18747
10.4277 3.23085
10.9143 3.27422
11.4238 3.27422
11.9334 3.27234
12.4429 3.27046
12.9524 3.26858
13.4619 3.2667
13.9714 3.26482
14.4809 3.26294
14.968 3.26294
15.455 3.26294
15.9421 3.26294
16.4291 3.26294
16.9162 3.26294
17.4032 3.26294
17.8903 3.26294
18.3773 3.26294
20.8098 4.62688
23.2424 4.62688
25.6749 4.62688
28.1074 4.62688
30.5399 4.62688
32.9724 4.62688
35.4049 4.62688
37.8374 4.62688
40.2699 4.62688
42.7025 4.62688
45.135 4.62688
47.5675 4.62688
50.0 4.62688
0.0 0.960191
0.490622 0.960191
0.981245 1.37525
1.47187 1.79031
1.96249 2.20537
2.45311 2.62043
2.94373 3.03549
3.40076 3.03549
3.85779 2.9767
4.31481 2.91792
4.77184 2.85913
5.22886 2.80035
5.74102 2.80035
6.25317 2.84134
6.76533 2.88233
7.27749 2.92332
7.78964 2.96431
8.3018 3.0053
8.81396 3.0463
9.32611 3.08729
9.83827 3.12828
10.3504 3.16927
10.8626 3.21026
11.3442 3.21026
11.8258 3.25145
12.3073 3.29264
12.7889 3.33383
13.2705 3.37502
13.7521 3.41621
14.2337 3.4574
14.7153 3.49859
15.2063 3.49859
15.6973 3.49859
16.1883 3.49859
16.6793 3.49859
17.1703 3.49859
17.6613 3.49859
18.1523 3.49859
18.6433 3.49859
21.0554 4.63073
23.4674 4.63073
25.8795 4.63073
28.2915 4.63073
30.7036 4.63073
33.1156 4.63073
35.5277 4.63073
37.9397 4.63073
40.3518 4.63073
42.7638 4.63073
45.1759 4.63073
47.5879 4.63073
50.0 4.63073
0.0 1.12666
0.507184 1.12666
1.01437 1.46342
1.52155 1.80019
2.02874 2.13695
2.53592 2.47371
3.0431 2.81047
3.55029 3.14723
4.02429 3.14723
4.4983 3.07986
4.9723 3.01249
5.4463 2.94511
5.92031 2.87774
6.42285 2.87774
6.9254 2.91783
7.42795 2.95792
7.9305 2.99801
8.43305 3.0381
8.93559 3.07819
9.43814 3.11828
9.94069 3.15837
10.4432 3.19847
10.9458 3.23856
11.4483 3.27865
11.9508 3.27865
12.4533 3.27728
12.9558 3.27592
13.4583 3.27455
13.9608 3.27319
14.4632 3.27183
14.9657 3.27046
15.4682 3.2691
15.9829 3.2691
16.4977 3.2691
17.0124 3.2691
17.5272 3.2691
18.0419 3.2691
18.5566 3.2691
20.9753 4.63818
23.3941 4.63818
25.8128 4.63818
28.2315 4.63818
30.6502 4.63818
33.069 4.63818
35.4877 4.63818
37.9064 4.63818
40.3251 4.63818
42.7438 4.63818
45.1626 4.63818
47.5813 4.63818
50.0 4.63818
0.0 1.58544
0.478583 1.58544
0.957166 1.79002
1.43575 1.99459
1.91433 2.19916
2.39291 2.40374
2.8715 2.60831
3.35008 2.81289
3.82866 3.01746
4.33613 3.01746
4.8436 3.06816
5.35107 3.11885
5.85854 3.16955
6.36601 3.22025
6.87347 3.27095
7.38094 3.32164
7.88841 3.37234
8.39588 3.42304
8.90335 3.47374
9.41082 3.52443
9.92446 3.52443
10.4381 3.51801
10.9517 3.51159
11.4654 3.50518
11.979 3.49876
12.4927 3.49234
13.0063 3.48592
13.5199 3.4795
14.0336 3.47308
14.5472 3.46666
15.0609 3.46024
15.5745 3.45382
16.0774 3.45382
16.5804 3.47072
17.0833 3.48762
17.6236 3.48762
18.1638 3.48762
18.7041 3.48762
19.2443 3.48762
19.7846 3.48762
20.3249 3.48762
22.7978 4.69022
25.2707 4.69022
27.7436 4.69022
30.2166 4.69022
32.6895 4.69022
35.1624 4.69022
37.6354 4.69022
40.1083 4.69022
42.5812 4.69022
45.0541 4.69022
47.5271 4.69022
50.0 4.69022
0.0 1.15597
0.469039 1.15597
0.938078 1.37522
1.40712 1.59448
1.87616 1.81373
2.3452 2.03299
2.81423 2.25224
3.28327 2.47149
3.75231 2.69075
4.30105 2.69075
4.84979 2.74959
5.39853 2.80844
5.94727 2.86728
6.44288 2.86728
6.93848 2.90365
7.43408 2.94002
7.92968 2.97639
8.42529 3.01276
8.92089 3.04913
9.41649 3.0855
9.9121 3.12187
10.4077 3.15824
10.9033 3.19461
11.3989 3.23098
11.8945 3.26734
12.3901 3.30371
12.8857 3.34008
13.3813 3.37645
13.8769 3.41282
14.3725 3.44919
14.8681 3.48556
15.3637 3.52193
15.8593 3.5583
16.3549 3.59467
16.8643 3.59467
17.3738 3.60906
17.8832 3.62344
18.3926 3.63782
18.902 3.65221
19.4114 3.66659
19.9208 3.68098
20.4302 3.69536
20.9396 3.70974
21.4491 3.72413
21.9585 3.73851
22.4679 3.7529
22.9773 3.76728
23.4867 3.78166
23.9961 3.79605
24.497 3.79605
24.9979 3.79605
25.4988 3.79605
25.9997 3.79605
26.5006 3.79605
27.0015 3.79605
27.5023 3.79605
30.0021 4.35721
32.5018 4.35721
35.0016 4.35721
37.5013 4.35721
40.001 4.35721
42.5008 4.35721
45.0005 4.35721
47.5003 4.35721
50.0 4.35721
0.0 1.16311
0.468767 1.16311
0.937533 1.38942
1.4063 1.61573
1.87507 1.84204
2.34383 2.06836
2.8126 2.29467
3.28137 2.52098
3.75013 2.74729
4.23013 2.74729
4.71013 2.76155
5.19014 2.77581
5.67014 2.79006
6.15014 2.80432
6.63014 2.81858
7.11014 2.83283
7.59014 2.84709
8.09614 2.84709
8.60214 2.8893
9.10814 2.93151
9.61414 2.97372
10.1201 3.01593
10.6261 3.05814
11.1321 3.10035
11.6381 3.14256
12.1441 3.18477
12.6501 3.22698
13.1561 3.26919
13.6621 3.3114
14.1681 3.35361
14.6741 3.39582
15.1801 3.43803
15.6861 3.48024
16.1921 3.52245
16.6981 3.56466
17.1758 3.56466
17.6535 3.66644
18.1311 3.76821
18.6088 3.86999
19.1047 3.86999
19.6006 3.86999
20.0965 3.86999
20.5924 3.86999
21.0883 3.86999
21.5842 3.86999
22.0801 3.86999
22.576 3.86999
23.0719 3.86999
23.5678 3.86999
24.0637 3.86999
24.5596 3.86999
25.0555 3.86999
25.5514 3.86999
26.0473 3.86999
26.5432 3.86999
27.0391 3.86999
27.535 3.86999
30.0311 4.40602
32.5272 4.40602
35.0233 4.40602
37.5194 4.40602
40.0155 4.40602
42.5117 4.40602
45.0078 4.40602
47.5039 4.40602
50.0 4.40602
0.0 1.21458
0.471552 1.21458
0.943105 1.42356
1.41466 1.63255
1.88621 1.84153
2.35776 2.05051
2.82931 2.2595
3.30087 2.46848
3.77242 2.67746
4.26572 2.67746
4.75902 2.71484
5.25232 2.75222
5.74561 2.7896
6.23891 2.82698
6.73221 2.86436
7.22551 2.90174
7.71881 2.93912
8.21211 2.9765
8.70541 3.01388
9.19871 3.05126
9.69201 3.08864
10.1853 3.12602
10.6786 3.1634
11.1719 3.20078
11.6652 3.23816
12.1585 3.27554
12.6518 3.31291
13.1451 3.35029
13.6384 3.38767
14.1317 3.42505
14.625 3.46243
15.1183 3.49981
15.6116 3.53719
16.1049 3.57457
16.5982 3.61195
17.0915 3.64933
17.5848 3.68671
18.0781 3.72409
18.5714 3.76147
19.0647 3.79885
19.558 3.83623
20.0513 3.87361
20.5452 3.87361
21.039 3.89958
21.5329 3.92556
22.0268 3.95154
22.5206 3.97752
23.0145 4.0035
23.5084 4.02948
24.0022 4.05546
24.4961 4.08144
24.99 4.10742
25.4838 4.13339
25.9777 4.15937
26.4716 4.18535
26.9654 4.21133
27.4593 4.23731
27.9532 4.26329
28.447 4.28927
28.9409 4.31525
29.4348 4.34123
29.9286 4.3672
30.4225 4.39318
30.9512 4.39318
31.4799 4.36303
32.0085 4.33288
32.5372 4.30273
33.0659 4.27258
33.5945 4.24243
34.1232 4.21228
34.6319 4.21228
35.1405 4.21228
35.6492 4.21228
36.1579 4.21228
36.6666 4.21228
37.1753 4.21228
37.6839 4.21228
38.1926 4.21228
38.7013 4.21228
39.21 4.21228
39.7186 4.21228
40.2273 4.21228
40.736 4.21228
41.2447 4.21228
41.7533 4.21228
42.262 4.21228
42.7707 4.21228
43.2794 4.21228
43.7881 4.21228
44.2967 4.21228
44.8054 4.21228
45.3141 4.21228
45.8228 4.21228
46.3314 4.21228
46.8401 4.21228
48.4201 4.40887
50.0 4.40887
0.0 1.51775
0.514827 1.51775
1.02965 1.70949
1.54448 1.90124
2.05931 2.09299
2.57414 2.28473
3.08896 2.47648
3.60379 2.66823
4.11862 2.85997
4.63345 3.05172
5.14259 3.05172
5.65174 3.09367
6.16089 3.13561
6.67003 3.17756
7.17918 3.21951
7.68833 3.26146
8.19748 3.30341
8.70662 3.34535
9.21577 3.3873
9.72492 3.42925
10.2341 3.4712
10.7432 3.51315
11.2587 3.51315
11.7742 3.51846
12.2897 3.52378
12.8052 3.5291
13.3207 3.53441
13.8362 3.53973
14.3517 3.54505
14.8672 3.55036
15.3827 3.55568
15.8982 3.561
16.4137 3.56631
16.9292 3.57163
17.4448 3.57695
17.9048 3.57695
18.3649 3.54483
18.825 3.51272
19.2851 3.48061
19.7452 3.44849
20.1499 3.44849
22.6374 4.63987
25.1249 4.63987
27.6124 4.63987
30.0999 4.63987
32.5874 4.63987
35.0749 4.63987
37.5624 4.63987
40.05 4.63987
42.5375 4.63987
45.025 4.63987
47.5125 4.63987
50.0 4.63987
0.0 1.19603
0.517817 1.19603
1.03563 1.45276
1.55345 1.70948
2.07127 1.96621
2.58908 2.22294
3.1069 2.47967
3.62472 2.73639
4.13222 2.73639
4.63972 2.74833
5.14722 2.76027
5.65472 2.7722
6.16223 2.78414
6.66973 2.79608
7.17723 2.80801
7.68473 2.81995
8.19223 2.83189
8.69973 2.84382
9.20724 2.85576
9.71474 2.8677
10.2222 2.87963
10.7173 2.87963
11.2123 2.92801
11.7074 2.9764
12.2024 3.02478
12.6974 3.07316
13.1925 3.12155
13.6875 3.16993
14.1825 3.21831
14.6776 3.2667
15.1726 3.31508
15.6677 3.36346
16.1627 3.41185
16.6577 3.46023
17.1528 3.50861
17.6478 3.55699
18.1428 3.60538
18.6388 3.60538
19.1347 3.7437
19.6307 3.88201
20.1285 3.88201
20.6263 3.88201
21.1241 3.88201
21.6219 3.88201
22.1198 3.88201
22.6176 3.88201
23.1154 3.88201
23.6132 3.88201
24.111 3.88201
24.6088 3.88201
25.1066 3.88201
25.6044 3.88201
26.1022 3.88201
26.6001 3.88201
27.0979 3.88201
27.5957 3.88201
30.0851 4.47194
32.5744 4.47194
35.0638 4.47194
37.5532 4.47194
40.0425 4.47194
42.5319 4.47194
45.0213 4.47194
47.5106 4.47194
50.0 4.47194
0.0 1.12818
0.470392 1.12818
0.940785 1.46942
1.41118 1.81067
1.88157 2.15191
2.35196 2.49315
2.82235 2.83439
3.29275 3.17564
3.8189 3.17564
4.34505 3.11407
4.87121 3.05251
5.39736 2.99094
5.92351 2.92938
6.44967 2.86781
6.97389 2.86781
7.49812 2.91537
8.02235 2.96293
8.54658 3.01048
9.0708 3.05804
9.59503 3.10559
10.1193 3.15315
10.6435 3.2007
11.1695 3.2007
11.6954 3.20393
12.2214 3.20715
12.7474 3.21038
13.2734 3.2136
13.7994 3.21683
14.2777 3.21683
14.7561 3.21683
15.2345 3.21683
15.7128 3.21683
16.1912 3.21683
16.6696 3.21683
17.1479 3.21683
17.6263 3.21683
18.1046 3.21683
18.583 3.21683
20.9997 4.73916
23.4164 4.73916
25.8331 4.73916
28.2498 4.73916
30.6665 4.73916
33.0832 4.73916
35.4999 4.73916
37.9165 4.73916
40.3332 4.73916
42.7499 4.73916
45.1666 4.73916
47.5833 4.73916
50.0 4.73916
0.0 1.2215
0.473295 1.2215
0.946591 1.49488
1.41989 1.76826
1.89318 2.04164
2.36648 2.31502
2.83977 2.5884
3.31307 2.86178
3.80354 2.86178
4.294 2.88277
4.78447 2.90377
5.27494 2.92477
5.76541 2.94576
6.25588 2.96676
6.74635 2.98776
7.23682 3.00876
7.72729 3.02975
8.21776 3.05075
8.70822 3.07175
9.22052 3.07175
9.73282 3.07356
10.2451 3.07537
10.7574 3.07718
11.2697 3.07899
11.782 3.0808
12.2943 3.08261
12.8066 3.08442
13.3189 3.08623
13.8312 3.08804
14.3435 3.08985
14.823 3.08985
15.3025 3.18359
15.7819 3.27733
16.2614 3.37107
16.7409 3.46481
17.2203 3.55855
17.6998 3.65229
18.1793 3.74603
18.6587 3.83977
19.1382 3.93351
19.6177 4.02725
20.0972 4.12099
20.5917 4.12099
21.0862 4.12099
21.5807 4.12099
22.0752 4.12099
22.5697 4.12099
23.0642 4.12099
23.5587 4.12099
24.0533 4.12099
24.5478 4.12099
25.0423 4.12099
25.5368 4.12099
26.0313 4.12099
26.5258 4.12099
27.0203 4.12099
27.5149 4.12099
28.0094 4.12099
28.5039 4.12099
28.9984 4.12099
29.4929 4.12099
29.9874 4.12099
30.4819 4.12099
30.9764 4.12099
33.3544 4.55992
35.7323 4.55992
38.1103 4.55992
40.4882 4.55992
42.8662 4.55992
45.2441 4.55992
47.6221 4.55992
50.0 4.55992
0.0 1.13671
0.524063 1.13671
1.04813 1.41863
1.57219 1.70055
2.09625 1.98248
2.62031 2.2644
3.14438 2.54633
3.66844 2.82825
4.19608 2.82825
4.72372 2.87481
5.25136 2.92137
5.779 2.96792
6.30664 3.01448
6.83428 3.06104
7.36192 3.1076
7.86971 3.1076
8.37749 3.09717
8.88528 3.08675
9.39307 3.07633
9.90085 3.0659
10.4086 3.05548
10.9164 3.04506
11.4242 3.03463
11.9249 3.03463
12.4256 3.08848
12.9264 3.14232
13.4271 3.19617
13.9278 3.25001
14.4285 3.30386
14.9292 3.35771
15.4299 3.41155
15.9306 3.4654
16.4314 3.51924
16.9321 3.57309
17.4328 3.62693
17.9335 3.68078
18.4342 3.73462
18.9349 3.78847
19.4357 3.84232
19.9364 3.89616
20.4371 3.95001
20.9378 4.00385
21.4385 4.0577
21.9392 4.11154
22.4399 4.16539
22.9376 4.16539
23.4352 4.16539
23.9328 4.16539
24.4304 4.16539
24.928 4.16539
25.4256 4.16539
25.9233 4.16539
26.4209 4.16539
26.9185 4.16539
27.4161 4.16539
27.9137 4.16539
28.4113 4.16539
28.909 4.16539
29.4066 4.16539
29.9042 4.16539
30.4018 4.16539
30.8994 4.16539
33.287 4.49941
35.6746 4.49941
38.0621 4.49941
40.4497 4.49941
42.8373 4.49941
45.2249 4.49941
47.6124 4.49941
50.0 4.49941
0.0 1.50035
0.494725 1.50035
0.98945 1.71946
1.48418 1.93857
1.9789 2.15769
2.47363 2.3768
2.96835 2.59592
3.46308 2.81503
3.9578 3.03414
4.48812 3.03414
5.01843 3.11602
5.54875 3.19789
6.07906 3.27976
6.60938 3.36164
7.1397 3.44351
7.67001 3.52538
8.17342 3.52538
8.67682 3.52893
9.18023 3.53248
9.68363 3.53603
10.187 3.53958
10.6904 3.54313
11.1938 3.54668
11.6973 3.55024
12.2007 3.55379
12.7041 3.55734
13.2075 3.56089
13.7109 3.56444
14.2143 3.56799
14.7177 3.57154
15.2211 3.57509
15.7245 3.57864
16.2279 3.58219
16.7313 3.58574
17.2347 3.58929
17.7381 3.59284
18.2415 3.59639
18.6962 3.59639
19.1864 3.46184
19.6767 3.46184
20.1669 3.46184
22.653 4.62692
25.1391 4.62692
27.6252 4.62692
30.1113 4.62692
32.5973 4.62692
35.0834 4.62692
37.5695 4.62692
40.0556 4.62692
42.5417 4.62692
45.0278 4.62692
47.5139 4.62692
50.0 4.62692
0.0 1.51273
0.477365 1.51273
0.95473 1.7543
1.4321 1.99587
1.90946 2.23744
2.38683 2.47901
2.86419 2.72058
3.34156 2.96216
3.85091 2.96216
4.36026 3.00713
4.86962 3.0521
5.37897 3.09707
5.88833 3.14204
6.39768 3.18701
6.90703 3.23199
7.41639 3.27696
7.92574 3.32193
8.4351 3.3669
8.94445 3.41187
9.4538 3.45685
9.95778 3.45685
10.4618 3.46349
10.9657 3.47014
11.4697 3.47679
11.9737 3.48344
12.4777 3.49009
12.9817 3.49674
13.4856 3.50339
13.9896 3.51004
14.4936 3.51668
14.9976 3.52333
15.5016 3.52998
16.0055 3.53663
16.5095 3.54328
17.0135 3.54993
17.5175 3.55658
18.0215 3.56322
18.5254 3.56987
18.9199 3.56987
19.3143 3.39919
19.7372 3.39919
20.1601 3.39919
22.6467 4.63323
25.1334 4.63323
27.6201 4.63323
30.1067 4.63323
32.5934 4.63323
35.08 4.63323
37.5667 4.63323
40.0534 4.63323
42.54 4.63323
45.0267 4.63323
47.5133 4.63323
50.0 4.63323
0.0 1.19275
0.482457 1.19275
0.964914 1.4834
1.44737 1.77404
1.92983 2.06469
2.41228 2.35533
2.89474 2.64598
3.38411 2.64598
3.87347 2.70656
4.36283 2.76715
4.8522 2.82774
5.34156 2.88832
5.83093 2.94891
6.32029 3.0095
6.80965 3.07008
7.29902 3.13067
7.78838 3.19126
8.27774 3.25184
8.76711 3.31243
9.25647 3.37302
9.74584 3.4336
10.2352 3.49419
10.7279 3.49419
11.2206 3.52097
11.7133 3.54775
12.206 3.57454
12.6986 3.60132
13.1913 3.6281
13.684 3.65488
14.1767 3.68166
14.6694 3.70844
15.1621 3.73522
15.6548 3.762
16.1475 3.78878
16.6402 3.81557
17.1328 3.84235
17.6255 3.86913
18.1182 3.89591
18.6109 3.92269
19.1036 3.94947
19.5963 3.97625
20.089 4.00303
20.5817 4.02981
21.0744 4.0566
21.567 4.08338
22.0597 4.11016
22.5524 4.13694
23.0451 4.16372
23.5378 4.1905
24.0305 4.21728
24.5232 4.24406
25.0159 4.27084
25.5086 4.29763
26.0012 4.32441
26.5169 4.32441
27.0325 4.32929
27.5481 4.33417
28.0637 4.33906
28.5793 4.34394
29.0949 4.34882
29.6105 4.35371
30.1261 4.35859
30.6417 4.36347
31.1573 4.36836
31.6729 4.37324
32.1885 4.37812
32.7041 4.38301
33.2087 4.38301
33.7133 4.38301
34.2179 4.38301
34.7226 4.38301
35.2272 4.38301
35.7318 4.38301
36.2364 4.38301
36.741 4.38301
37.2456 4.38301
37.7503 4.38301
38.2549 4.38301
38.7595 4.38301
39.2641 4.38301
39.7687 4.38301
40.2734 4.38301
40.778 4.38301
41.2826 4.38301
41.7872 4.38301
44.5248 4.70935
47.2624 4.70935
50.0 4.70935
0.0 1.04743
0.496197 1.04743
0.992395 1.44723
1.48859 1.84703
1.98479 2.24683
2.48099 2.64663
2.97718 3.04643
3.49917 3.04643
4.02116 2.99394
4.54315 2.94145
5.06514 2.88896
5.58713 2.83647
6.10912 2.78398
6.63111 2.73149
7.12046 2.73149
7.60982 2.88367
8.09917 3.03584
8.58853 3.18802
9.08238 3.18802
9.57624 3.22399
10.0701 3.25996
10.564 3.29593
11.0578 3.33191
11.5517 3.36788
12.0455 3.40385
12.5394 3.43983
13.0333 3.4758
13.5235 3.4758
14.0137 3.4758
14.5039 3.4758
14.9941 3.4758
15.4843 3.4758
15.9745 3.4758
16.4647 3.4758
16.9549 3.4758
17.4451 3.4758
17.9353 3.4758
18.4256 3.4758
20.8544 4.57502
23.2832 4.57502
25.712 4.57502
28.1408 4.57502
30.5696 4.57502
32.9984 4.57502
35.4272 4.57502
37.856 4.57502
40.2848 4.57502
42.7136 4.57502
45.1424 4.57502
47.5712 4.57502
50.0 4.57502
0.0 1.39135
0.526624 1.39135
1.05325 1.60009
1.57987 1.80884
2.1065 2.01758
2.63312 2.22632
3.15974 2.43507
3.68637 2.64381
4.21299 2.85256
4.69234 2.85256
5.17169 2.9541
5.65104 3.05564
6.13039 3.15719
6.60974 3.25873
7.08908 3.36028
7.56843 3.46182
8.0613 3.46182
8.55416 3.47912
9.04702 3.49643
9.53988 3.51373
10.0327 3.53103
10.5256 3.54833
11.0185 3.56563
11.5113 3.58293
12.0042 3.60024
12.5503 3.60024
13.0964 3.56237
13.6426 3.52451
14.1574 3.52451
14.6722 3.52451
15.187 3.52451
15.7018 3.52451
16.2166 3.52451
16.7314 3.52451
17.2462 3.52451
17.761 3.52451
18.2758 3.52451
18.7906 3.52451
19.3054 3.52451
19.8202 3.52451
20.335 3.52451
22.8071 4.57221
25.2792 4.57221
27.7513 4.57221
30.2233 4.57221
32.6954 4.57221
35.1675 4.57221
37.6396 4.57221
40.1117 4.57221
42.5838 4.57221
45.0558 4.57221
47.5279 4.57221
50.0 4.57221
0.0 1.3783
0.505696 1.3783
1.01139 1.59381
1.51709 1.80932
2.02278 2.02483
2.52848 2.24034
3.03417 2.45585
3.53987 2.67136
4.04556 2.88687
4.55858 2.88687
5.07159 3.00201
5.5846 3.11714
6.09762 3.23228
6.61063 3.34741
7.12364 3.46255
7.60432 3.46255
8.085 3.47505
8.56569 3.48755
9.04637 3.50005
9.52705 3.51255
10.0077 3.52505
10.4884 3.53755
10.9691 3.55005
11.4498 3.56256
11.9305 3.57506
12.4111 3.58756
12.9121 3.58756
13.413 3.56209
13.914 3.53662
14.4149 3.51116
14.9055 3.51116
15.3961 3.51116
15.8867 3.51116
16.3774 3.51116
16.868 3.51116
17.3586 3.51116
17.8492 3.51116
18.3398 3.51116
18.8304 3.51116
19.3211 3.51116
19.8117 3.51116
20.3023 3.51116
22.7771 4.61743
25.2519 4.61743
27.7267 4.61743
30.2015 4.61743
32.6763 4.61743
35.1511 4.61743
37.626 4.61743
40.1008 4.61743
42.5756 4.61743
45.0504 4.61743
47.5252 4.61743
50.0 4.61743
0.0 1.0881
0.48474 1.0881
0.96948 1.42451
1.45422 1.76092
1.93896 2.09733
2.4237 2.43374
2.90844 2.77015
3.39318 3.10656
3.86322 3.10656
4.33327 3.07887
4.80331 3.05118
5.27335 3.02349
5.7434 2.9958
6.21344 2.96811
6.68348 2.94042
7.15353 2.91274
7.63187 2.91274
8.11022 2.96686
8.58856 3.02098
9.06691 3.0751
9.54525 3.12922
10.0236 3.18334
10.5105 3.18334
10.9974 3.19511
11.4842 3.20689
11.9711 3.21867
12.458 3.23044
12.9449 3.24222
13.4317 3.254
13.9186 3.26577
14.4055 3.27755
14.8924 3.28933
15.3792 3.3011
15.8673 3.3011
16.3554 3.3011
16.8435 3.3011
17.3315 3.3011
17.8196 3.3011
18.3077 3.3011
20.7455 4.62093
23.1834 4.62093
25.6213 4.62093
28.0592 4.62093
30.497 4.62093
32.9349 4.62093
35.3728 4.62093
37.8106 4.62093
40.2485 4.62093
42.6864 4.62093
45.1243 4.62093
47.5621 4.62093
50.0 4.62093
0.0 1.32726
0.511288 1.32726
1.02258 1.59356
1.53386 1.85987
2.04515 2.12618
2.55644 2.39248
3.06773 2.65879
3.56771 2.65879
4.06769 2.71888
4.56767 2.77897
5.06764 2.83907
5.56762 2.89916
6.0676 2.95925
6.56758 3.01934
7.06756 3.07944
7.56754 3.13953
8.06752 3.19962
8.5675 3.25971
9.05832 3.25971
9.54914 3.19086
10.04 3.122
10.5308 3.05314
11.0216 2.98428
11.5124 2.91542
12.0032 2.84656
12.4941 2.7777
12.969 2.7777
13.444 2.9324
13.919 3.0871
14.394 3.24179
14.8689 3.39649
15.3439 3.55119
15.8566 3.55119
16.3694 3.55119
16.8821 3.55119
17.3948 3.55119
19.9029 4.48682
22.411 4.48682
24.9191 4.48682
27.4272 4.48682
29.9353 4.48682
32.4434 4.48682
34.9515 4.48682
37.4596 4.48682
39.9676 4.48682
42.4757 4.48682
44.9838 4.48682
47.4919 4.48682
50.0 4.48682
0.0 1.23241
0.510025 1.23241
1.02005 1.43004
1.53007 1.62767
2.0401 1.8253
2.55012 2.02293
3.06015 2.22056
3.57017 2.41819
4.0802 2.61582
4.59022 2.81345
5.07113 2.81345
5.55203 2.83307
6.03294 2.85269
6.51385 2.87231
6.99475 2.89192
7.47566 2.91154
7.95656 2.93116
8.43747 2.95078
8.91838 2.97039
9.39928 2.99001
9.88154 2.99001
10.3638 3.03504
10.8461 3.08006
11.3283 3.12508
11.8106 3.17011
12.2929 3.21513
12.7751 3.26016
13.2574 3.30518
13.7396 3.35021
14.2219 3.39523
14.7042 3.44026
15.1864 3.48528
15.6687 3.53031
16.1509 3.57533
16.6676 3.57533
17.1844 3.60861
17.7011 3.64188
18.2178 3.67516
18.7345 3.70844
19.2512 3.74171
19.7679 3.77499
20.2846 3.80826
20.7988 3.80826
21.3129 3.80826
21.8271 3.80826
22.3413 3.80826
22.8555 3.80826
23.3696 3.80826
23.8838 3.80826
24.398 3.80826
24.9121 3.80826
25.4263 3.80826
25.9405 3.80826
26.4547 3.80826
26.9688 3.80826
27.483 3.80826
29.9849 4.41337
32.4868 4.41337
34.9887 4.41337
37.4906 4.41337
39.9924 4.41337
42.4943 4.41337
44.9962 4.41337
47.4981 4.41337
50.0 4.41337
0.0 1.59494
0.484548 1.59494
0.969097 1.78685
1.45364 1.97875
1.93819 2.17066
2.42274 2.36257
2.90729 2.55448
3.39184 2.74638
3.87639 2.93829
4.37767 2.93829
4.87895 3.02135
5.38023 3.10441
5.88151 3.18747
6.38279 3.27053
6.88407 3.35359
7.38536 3.43665
7.88664 3.51971
8.38792 3.60277
8.8511 3.60277
9.31428 3.60565
9.77746 3.60852
10.2406 3.6114
10.7038 3.61427
11.2294 3.61427
11.755 3.60166
12.2805 3.58905
12.8061 3.57644
13.3317 3.56383
13.8572 3.55122
14.3754 3.55122
14.8936 3.55122
15.4117 3.55122
15.9299 3.55122
16.4481 3.55122
16.9662 3.55122
17.4844 3.55122
18.0025 3.55122
18.5207 3.55122
19.0389 3.55122
19.557 3.55122
20.0752 3.55122
20.5934 3.55122
23.0439 4.72928
25.4945 4.72928
27.945 4.72928
30.3956 4.72928
32.8461 4.72928
35.2967 4.72928
37.7472 4.72928
40.1978 4.72928
42.6483 4.72928
45.0989 4.72928
47.5494 4.72928
50.0 4.72928
0.0 1.26412
0.495251 1.26412
0.990502 1.48478
1.48575 1.70545
1.981 1.92611
2.47625 2.14677
2.97151 2.36744
3.46676 2.5881
3.96201 2.80876
4.48241 2.80876
5.00282 2.84195
5.52323 2.87514
6.04364 2.90834
6.56404 2.94153
7.08445 2.97472
7.60486 3.00791
8.10209 3.00791
8.59932 3.05585
9.09655 3.10379
9.59378 3.15172
10.091 3.19966
10.5882 3.2476
11.0855 3.29554
11.5827 3.34347
12.0799 3.39141
12.5772 3.43935
13.0744 3.48729
13.5716 3.53522
14.0688 3.58316
14.5685 3.58316
15.0681 3.6125
15.5678 3.64184
16.0674 3.67118
16.567 3.70051
17.0667 3.72985
17.5663 3.75919
18.0659 3.78853
18.5656 3.81787
19.0652 3.84721
19.5621 3.84721
20.059 3.84721
20.556 3.84721
21.0529 3.84721
21.5498 3.84721
22.0467 3.84721
22.5436 3.84721
23.0405 3.84721
23.5375 3.84721
24.0344 3.84721
24.5313 3.84721
25.0282 3.84721
25.5251 3.84721
26.0221 3.84721
26.519 3.84721
27.0159 3.84721
27.5128 3.84721
30.0114 4.40433
32.51 4.40433
35.0085 4.40433
37.5071 4.40433
40.0057 4.40433
42.5043 4.40433
45.0028 4.40433
47.5014 4.40433
50.0 4.40433
0.0 1.25817
0.514701 1.25817
1.0294 1.46005
1.5441 1.66193
2.0588 1.86381
2.5735 2.06569
3.0882 2.26758
3.60291 2.46946
4.11761 2.67134
4.63231 2.87322
5.1232 2.87322
5.6141 2.88944
6.10499 2.90566
6.59589 2.92188
7.08679 2.9381
7.57768 2.95432
8.06858 2.97054
8.55947 2.98676
9.05037 3.00297
9.54127 3.01919
10.0498 3.01919
10.5583 3.08427
11.0668 3.14935
11.5753 3.21444
12.0838 3.27952
12.5923 3.3446
13.1008 3.40968
13.6093 3.47476
14.1178 3.53984
14.6264 3.60492
15.1349 3.67
15.6401 3.67
16.1454 3.68694
16.6506 3.70388
17.1559 3.72082
17.6612 3.73776
18.1664 3.7547
18.6717 3.77164
19.1769 3.78858
19.6822 3.80552
20.1875 3.82245
20.6927 3.83939
21.1754 3.83939
21.6581 3.83939
22.1408 3.83939
22.6235 3.83939
23.1062 3.83939
23.5889 3.83939
24.0716 3.83939
24.5543 3.83939
25.037 3.83939
25.5197 3.83939
26.0024 3.83939
26.485 3.83939
26.9677 3.83939
27.4504 3.83939
29.9559 4.48609
32.4614 4.48609
34.967 4.48609
37.4725 4.48609
39.978 4.48609
42.4835 4.48609
44.989 4.48609
47.4945 4.48609
50.0 4.48609
0.0 1.14469
0.475105 1.14469
0.95021 1.44456
1.42532 1.74443
1.90042 2.0443
2.37553 2.34417
2.85063 2.64403
3.19854 2.64403
3.54645 2.80883
4.06743 2.80883
4.58841 2.81158
5.10939 2.81433
5.63037 2.81708
6.15135 2.81983
6.67233 2.82258
7.19331 2.82533
7.67594 2.82533
8.15856 2.87649
8.64118 2.92765
9.12381 2.97882
9.60643 3.02998
10.0891 3.08114
10.5717 3.13231
11.0543 3.18347
11.5369 3.23463
12.0195 3.28579
12.5022 3.33696
13.0068 3.33696
13.5114 3.33696
14.0161 3.33696
14.5207 3.33696
15.0253 3.33696
15.5299 3.33696
16.0346 3.33696
16.5392 3.33696
17.0438 3.33696
17.5484 3.33696
20.0447 4.44973
22.541 4.44973
25.0373 4.44973
27.5335 4.44973
30.0298 4.44973
32.5261 4.44973
35.0224 4.44973
37.5186 4.44973
40.0149 4.44973
42.5112 4.44973
45.0075 4.44973
47.5037 4.44973
50.0 4.44973
0.0 1.0981
0.48687 1.0981
0.973741 1.38057
1.46061 1.66305
1.94748 1.94552
2.43435 2.22799
2.92122 2.51046
3.40809 2.79294
3.90735 2.79294
4.4066 2.84694
4.90586 2.90094
5.40511 2.95494
5.90437 3.00894
6.40362 3.06295
6.90288 3.11695
7.39005 3.11695
7.87722 3.11192
8.36439 3.10688
8.85157 3.10185
9.33874 3.09682
9.82591 3.09179
10.3131 3.08676
10.8003 3.08173
11.2874 3.0767
11.7746 3.07167
12.2618 3.06663
12.7489 3.0616
13.2361 3.05657
13.7233 3.05154
14.2105 3.04651
14.709 3.04651
15.2075 3.1059
15.706 3.16529
16.2046 3.22469
16.7031 3.28408
17.2016 3.34347
17.7001 3.40286
18.1987 3.46225
18.6972 3.52165
19.1957 3.58104
19.6942 3.64043
20.1927 3.69982
20.6913 3.75921
21.1898 3.81861
21.6883 3.878
22.1868 3.93739
22.6854 3.99678
23.1839 4.05618
23.6824 4.11557
24.1809 4.17496
24.6795 4.23435
25.2003 4.23435
25.7211 4.23435
26.2419 4.23435
26.7627 4.23435
27.2835 4.23435
27.8043 4.23435
28.3251 4.23435
28.8459 4.23435
29.3668 4.23435
29.8876 4.23435
30.4084 4.23435
30.9292 4.23435
33.313 4.48277
35.6969 4.48277
38.0807 4.48277
40.4646 4.48277
42.8484 4.48277
45.2323 4.48277
47.6161 4.48277
50.0 4.48277
0.0 1.25403
0.527215 1.25403
1.05443 1.57716
1.58165 1.9003
2.10886 2.22344
2.63608 2.54657
3.12481 2.54657
3.61355 2.64237
4.10229 2.73816
4.59102 2.83396
5.07976 2.92975
5.5685 3.02555
6.05723 3.12134
6.54597 3.21714
7.03471 3.31293
7.52344 3.40873
8.01218 3.50452
8.50092 3.60032
8.99929 3.60032
9.49766 3.61692
9.99603 3.63352
10.4944 3.65011
10.9928 3.66671
11.4911 3.68331
11.9895 3.69991
12.4879 3.71651
12.9862 3.73311
13.4846 3.7497
13.983 3.7663
14.4814 3.7829
14.9797 3.7995
15.4781 3.8161
15.9765 3.83269
16.4748 3.84929
16.9732 3.86589
17.4716 3.88249
17.9699 3.89909
18.4683 3.91569
18.9667 3.93228
19.465 3.94888
19.9634 3.96548
20.4618 3.98208
20.9602 3.99868
21.4585 4.01528
21.9569 4.03187
22.4553 4.04847
22.9536 4.06507
23.452 4.08167
23.9504 4.09827
24.4487 4.11487
24.9471 4.13146
25.4455 4.14806
25.9439 4.16466
26.4422 4.18126
26.9406 4.19786
27.439 4.21445
27.9373 4.23105
28.4357 4.24765
28.9341 4.26425
29.4324 4.28085
29.9308 4.29745
30.4292 4.31404
30.9275 4.33064
31.4259 4.34724
31.9243 4.36384
32.4444 4.36384
32.9645 4.36947
33.4846 4.3751
34.0047 4.38073
34.5248 4.38636
35.0449 4.39199
35.565 4.39762
36.0851 4.40325
36.6052 4.40888
37.1253 4.4145
37.619 4.4145
38.1127 4.4145
38.6064 4.4145
39.1001 4.4145
39.5938 4.4145
40.0876 4.4145
40.5813 4.4145
41.075 4.4145
41.5687 4.4145
44.3791 4.64091
47.1896 4.64091
50.0 4.64091
0.0 1.23043
0.519839 1.23043
1.03968 1.43699
1.55952 1.64354
2.07935 1.8501
2.59919 2.05665
3.11903 2.26321
3.63887 2.46976
4.15871 2.67632
4.67855 2.88287
5.19147 2.88287
5.70439 2.89633
6.21731 2.90979
6.73023 2.92324
7.24315 2.9367
7.75608 2.95016
8.269 2.96361
8.78192 2.97707
9.29484 2.99053
9.80776 3.00398
10.3207 3.01744
10.8336 3.0309
11.3465 3.04435
11.8594 3.05781
12.3547 3.05781
12.8499 3.1071
13.3452 3.15639
13.8404 3.20568
14.3357 3.25497
14.8309 3.30426
15.3261 3.35355
15.8214 3.40284
16.3166 3.45213
16.8119 3.50142
17.3071 3.55071
17.7931 3.55071
18.2791 3.59245
18.7651 3.63419
19.2511 3.67594
19.7371 3.71768
20.2231 3.75942
20.7091 3.80117
21.1951 3.84291
21.7111 3.84291
22.227 3.84291
22.743 3.84291
23.259 3.84291
23.775 3.84291
24.2909 3.84291
24.8069 3.84291
25.3229 3.84291
25.8389 3.84291
26.3549 3.84291
26.8708 3.84291
27.3868 3.84291
29.8994 4.43172
32.412 4.43172
34.9245 4.43172
37.4371 4.43172
39.9497 4.43172
42.4623 4.43172
44.9748 4.43172
47.4874 4.43172
50.0 4.43172
0.0 1.30793
0.530583 1.30793
1.06117 1.52111
1.59175 1.73429
2.12233 1.94747
2.65292 2.16065
3.1835 2.37383
3.71408 2.587
4.24467 2.80018
4.7502 2.80018
5.25573 2.82538
5.76126 2.85058
6.26679 2.87578
6.77232 2.90099
7.27785 2.92619
7.78338 2.95139
8.28891 2.97659
8.79444 3.00179
9.29997 3.02699
9.80551 3.05219
10.311 3.07739
10.8166 3.10259
11.3221 3.12779
11.8276 3.15299
12.3332 3.17819
12.8387 3.2034
13.3442 3.2286
13.8498 3.2538
14.3553 3.279
14.8608 3.3042
15.3663 3.3294
15.8719 3.3546
16.3774 3.3798
16.8829 3.405
17.3885 3.4302
17.894 3.4554
18.3995 3.4806
18.9051 3.50581
19.4106 3.53101
19.9161 3.55621
20.4217 3.58141
20.9272 3.60661
21.4327 3.63181
21.9382 3.65701
22.4339 3.65701
22.9295 3.72694
23.4251 3.79686
23.9207 3.86679
24.4163 3.93671
24.9119 4.00664
25.4075 4.07657
25.9031 4.14649
26.3987 4.21642
26.8944 4.28634
27.39 4.35627
27.8856 4.4262
28.3738 4.4262
28.8621 4.42184
29.3504 4.41748
29.8386 4.41313
30.3269 4.40877
30.8152 4.40441
31.3034 4.40006
31.7917 4.3957
32.28 4.39135
32.7682 4.38699
33.2565 4.38263
33.7448 4.37828
34.233 4.37392
34.7302 4.37392
35.2275 4.37392
35.7247 4.37392
36.2219 4.37392
36.7191 4.37392
37.2164 4.37392
37.7136 4.37392
38.2108 4.37392
38.708 4.37392
39.2052 4.37392
39.7025 4.37392
40.1997 4.37392
40.6969 4.37392
41.1941 4.37392
41.6913 4.37392
42.1886 4.37392
42.6858 4.37392
43.183 4.37392
43.6802 4.37392
44.1775 4.37392
44.6747 4.37392
45.1719 4.37392
45.6691 4.37392
46.1663 4.37392
46.6636 4.37392
48.3318 4.45127
50.0 4.45127
0.0 1.00903
0.537235 1.00903
1.07447 1.41226
1.6117 1.8155
2.14894 2.21873
2.68617 2.62196
3.22341 3.02519
3.75644 3.02519
4.28947 2.97227
4.8225 2.91935
5.35553 2.86643
5.88856 2.8135
6.4216 2.76058
6.88702 2.76058
7.35244 3.0145
7.81786 3.26842
8.32657 3.26842
8.83527 3.27913
9.34398 3.28985
9.85269 3.30056
10.3614 3.31128
10.8701 3.32199
11.3788 3.3327
11.8875 3.34342
12.3962 3.35413
12.9049 3.36485
13.3988 3.36485
13.8926 3.36485
14.3864 3.36485
14.8802 3.36485
15.3741 3.36485
15.8679 3.36485
16.3617 3.36485
16.8555 3.36485
17.3494 3.36485
17.8432 3.36485
18.337 3.36485
20.7726 4.56545
23.2083 4.56545
25.6439 4.56545
28.0795 4.56545
30.5151 4.56545
32.9507 4.56545
35.3863 4.56545
37.8219 4.56545
40.2575 4.56545
42.6932 4.56545
45.1288 4.56545
47.5644 4.56545
50.0 4.56545
0.0 1.2987
0.51699 1.2987
1.03398 1.5114
1.55097 1.72409
2.06796 1.93678
2.58495 2.14947
3.10194 2.36216
3.61893 2.57486
4.13592 2.78755
4.63583 2.78755
5.13574 2.82069
5.63566 2.85384
6.13557 2.88698
6.63549 2.92012
7.1354 2.95327
7.63531 2.98641
8.13523 3.01955
8.63514 3.0527
9.13505 3.08584
9.63497 3.11898
10.1349 3.15213
10.6348 3.18527
11.1347 3.21841
11.6346 3.25155
12.1345 3.2847
12.6345 3.31784
13.1344 3.35098
13.6343 3.38413
14.1342 3.41727
14.6341 3.45041
15.134 3.48356
15.6339 3.5167
16.1338 3.54984
16.6338 3.58299
17.1337 3.61613
17.6336 3.64927
18.141 3.64927
18.6485 3.67759
19.156 3.70592
19.6634 3.73424
20.1709 3.76256
20.6783 3.79088
21.1858 3.8192
21.6932 3.84752
22.2007 3.87584
22.7081 3.90416
23.2156 3.93248
23.723 3.9608
24.2305 3.98913
24.7379 4.01745
25.2454 4.04577
25.7529 4.07409
26.2603 4.10241
26.7678 4.13073
27.2752 4.15905
27.7827 4.18737
28.2901 4.21569
28.7976 4.24401
29.305 4.27234
29.8125 4.30066
30.3199 4.32898
30.8274 4.3573
31.3349 4.38562
31.8423 4.41394
32.3498 4.44226
32.8572 4.47058
33.3649 4.47058
33.8726 4.46457
34.3803 4.45856
34.8879 4.45255
35.3956 4.44653
35.9033 4.44052
36.411 4.43451
36.9186 4.4285
37.4263 4.42249
37.934 4.41647
38.4417 4.41046
38.9493 4.40445
39.457 4.39844
39.9647 4.39243
40.4724 4.38641
40.9801 4.3804
41.4877 4.37439
41.9954 4.36838
42.5031 4.36237
43.0108 4.35635
43.5184 4.35034
44.0261 4.34433
44.5338 4.33832
45.0415 4.33231
45.5778 4.33231
46.1141 4.33231
46.6504 4.33231
48.3252 4.37883
50.0 4.37883
0.0 0.983766
0.514531 0.983766
1.02906 1.40944
1.54359 1.83512
2.05813 2.2608
2.57266 2.68648
3.08719 3.11216
3.55203 3.11216
4.01687 3.03195
4.48171 2.95174
4.94655 2.87153
5.41139 2.79132
5.93664 2.79132
6.4619 2.86604
6.98715 2.94077
7.5124 3.0155
8.03766 3.09023
8.56291 3.16495
9.08817 3.23968
9.61342 3.31441
10.1387 3.38914
10.6461 3.38914
11.1535 3.39043
11.6609 3.39172
12.1683 3.39302
12.6758 3.39431
13.1832 3.3956
13.6906 3.3969
14.198 3.39819
14.7054 3.39948
15.1813 3.39948
15.6571 3.39948
16.1329 3.39948
16.6088 3.39948
17.0846 3.39948
17.5605 3.39948
18.0363 3.39948
18.5121 3.39948
20.9343 4.58165
23.3564 4.58165
25.7786 4.58165
28.2007 4.58165
30.6229 4.58165
33.045 4.58165
35.4671 4.58165
37.8893 4.58165
40.3114 4.58165
42.7336 4.58165
45.1557 4.58165
47.5779 4.58165
50.0 4.58165
0.0 1.15703
0.509582 1.15703
1.01916 1.39411
1.52875 1.6312
2.03833 1.86829
2.54791 2.10537
3.05749 2.34246
3.56708 2.57955
4.07666 2.81663
4.57838 2.81663
5.0801 2.85744
5.58183 2.89826
6.08355 2.93907
6.58527 2.97988
7.08699 3.02069
7.58872 3.0615
8.09044 3.10231
8.59216 3.14312
9.09388 3.18393
9.59561 3.22475
10.0973 3.26556
10.6716 3.26556
11.2458 3.06303
11.7393 3.06303
12.2328 3.11126
12.7263 3.15948
13.2198 3.2077
13.7133 3.25592
14.2068 3.30415
14.7003 3.35237
15.1938 3.40059
15.6873 3.44881
16.1808 3.49704
16.6744 3.54526
17.1679 3.59348
17.6614 3.6417
18.1549 3.68993
18.6484 3.73815
19.1419 3.78637
19.6354 3.8346
20.1289 3.88282
20.6224 3.93104
21.1159 3.97926
21.6094 4.02749
22.1029 4.07571
22.5964 4.12393
23.0962 4.12393
23.5961 4.12393
24.0959 4.12393
24.5958 4.12393
25.0957 4.12393
25.5955 4.12393
26.0954 4.12393
26.5952 4.12393
27.0951 4.12393
27.595 4.12393
28.0948 4.12393
28.5947 4.12393
29.0946 4.12393
29.5944 4.12393
30.0943 4.12393
30.5941 4.12393
33.0199 4.53323
35.4456 4.53323
37.8713 4.53323
40.2971 4.53323
42.7228 4.53323
45.1485 4.53323
47.5743 4.53323
50.0 4.53323
0.0 1.10825
0.50661 1.10825
1.01322 1.35503
1.51983 1.60182
2.02644 1.8486
2.53305 2.09538
3.03966 2.34216
3.54627 2.58894
4.05288 2.83572
4.55177 2.83572
5.05066 2.86699
5.54955 2.89825
6.04844 2.92952
6.54732 2.96078
7.04621 2.99205
7.5451 3.02331
8.04399 3.05458
8.54288 3.08584
9.04177 3.1171
9.54066 3.14837
10.0396 3.17963
10.5384 3.2109
11.0373 3.24216
11.5362 3.27343
12.0351 3.30469
12.1866 3.30469
12.6977 3.06666
13.2089 3.11513
13.72 3.16361
14.2312 3.21208
14.7423 3.26056
15.2535 3.30904
15.7646 3.35751
16.2758 3.40599
16.7869 3.45447
17.2981 3.50294
17.8092 3.55142
18.3204 3.59989
18.8315 3.64837
19.3427 3.69685
19.8538 3.74532
20.365 3.7938
20.8761 3.84227
21.3873 3.89075
21.8984 3.93923
22.4096 3.9877
22.9207 4.03618
23.4319 4.08466
23.9431 4.08466
24.4543 4.08466
24.9655 4.08466
25.4767 4.08466
25.9878 4.08466
26.499 4.08466
27.0102 4.08466
27.5214 4.08466
28.0326 4.08466
28.5438 4.08466
29.055 4.08466
29.5662 4.08466
30.0774 4.08466
30.5886 4.08466
33.015 4.55947
35.4414 4.55947
37.8679 4.55947
40.2943 4.55947
42.7207 4.55947
45.1471 4.55947
47.5736 4.55947
50.0 4.55947
0.0 1.15824
0.50309 1.15824
1.00618 1.39927
1.50927 1.64029
2.01236 1.88132
2.51545 2.12235
3.01854 2.36337
3.52163 2.6044
4.02472 2.84542
4.53572 2.84542
5.04671 2.86643
5.55771 2.88744
6.06871 2.90844
6.57971 2.92945
7.09071 2.95046
7.6017 2.97146
8.1127 2.99247
8.6237 3.01348
9.1347 3.03448
9.6457 3.05549
10.1567 3.0765
10.6677 3.0975
11.1787 3.11851
11.6897 3.13952
12.2007 3.16052
12.7117 3.18153
13.2227 3.20253
13.7033 3.20253
14.1839 3.10507
14.6644 3.0076
15.1684 3.0076
15.6723 3.06596
16.1762 3.12433
16.6801 3.1827
17.184 3.24107
17.6879 3.29943
18.1918 3.3578
18.6957 3.41617
19.1996 3.47454
19.7035 3.53291
20.2075 3.59127
20.7114 3.64964
21.2153 3.70801
21.7192 3.76638
22.2231 3.82474
22.727 3.88311
23.2309 3.94148
23.7348 3.99985
24.2387 4.05821
24.7426 4.11658
25.2465 4.17495
25.7616 4.17495
26.2767 4.17495
26.7918 4.17495
27.3068 4.17495
27.8219 4.17495
28.337 4.17495
28.852 4.17495
29.3671 4.17495
29.8822 4.17495
30.3972 4.17495
32.8476 4.52704
35.2979 4.52704
37.7483 4.52704
40.1986 4.52704
42.649 4.52704
45.0993 4.52704
47.5497 4.52704
50.0 4.52704
0.0 1.33346
0.507393 1.33346
1.01479 1.52263
1.52218 1.7118
2.02957 1.90098
2.53697 2.09015
3.04436 2.27932
3.55175 2.46849
4.05914 2.65766
4.56654 2.84683
5.06092 2.84683
5.55529 2.8766
6.04967 2.90637
6.54405 2.93613
7.03843 2.9659
7.53281 2.99567
8.02719 3.02544
8.52156 3.05521
9.01594 3.08498
9.51032 3.11474
10.0047 3.14451
10.4991 3.17428
10.9935 3.20405
11.4878 3.23382
11.9822 3.26359
12.4766 3.29335
12.971 3.32312
13.4653 3.35289
13.9597 3.38266
14.4541 3.41243
14.9485 3.44219
15.4429 3.47196
15.9372 3.50173
16.4316 3.5315
16.926 3.56127
17.4204 3.59104
17.9148 3.6208
18.4091 3.65057
18.905 3.65057
19.4008 3.68379
19.8966 3.717
20.3924 3.75021
20.8882 3.78343
21.3841 3.81664
21.8799 3.84985
22.3757 3.88307
22.8715 3.91628
23.3673 3.94949
23.8632 3.98271
24.359 4.01592
24.8548 4.04913
25.3506 4.08235
25.8464 4.11556
26.3423 4.14877
26.8381 4.18199
27.3339 4.2152
27.8297 4.24841
28.3255 4.28163
28.8214 4.31484
29.3172 4.34805
29.813 4.38127
30.3088 4.41448
30.8046 4.44769
31.3005 4.48091
31.8004 4.48091
32.3004 4.47388
32.8003 4.46685
33.3003 4.45983
33.8003 4.4528
34.3002 4.44577
34.8002 4.43875
35.3001 4.43172
35.8001 4.42469
36.3001 4.41767
36.8 4.41064
37.3 4.40361
37.7999 4.39659
38.2999 4.38956
38.7999 4.38253
39.2998 4.37551
39.7998 4.36848
40.2998 4.36145
40.7997 4.35443
41.2997 4.3474
41.7819 4.3474
42.2642 4.3474
42.7465 4.3474
43.2288 4.3474
43.711 4.3474
44.1933 4.3474
44.6756 4.3474
45.1579 4.3474
45.6401 4.3474
46.1224 4.3474
46.6047 4.3474
48.3023 4.38462
50.0 4.38462
0.0 1.27342
0.5145 1.27342
1.029 1.48185
1.5435 1.69027
2.058 1.89869
2.5725 2.10711
3.087 2.31553
3.6015 2.52395
4.116 2.73237
4.6305 2.94079
5.12365 2.94079
5.6168 2.95183
6.10995 2.96286
6.6031 2.9739
7.09626 2.98494
7.58941 2.99597
8.08256 3.00701
8.57571 3.01804
9.06886 3.02908
9.56201 3.04011
10.0552 3.05115
10.5483 3.06218
11.0415 3.07322
11.5346 3.08425
12.0278 3.09529
12.5209 3.10632
13.0141 3.11736
13.52 3.11736
14.0259 3.15907
14.5319 3.20078
15.0378 3.24249
15.5438 3.2842
16.0497 3.32592
16.5556 3.36763
17.0616 3.40934
17.5675 3.45105
18.0734 3.49276
18.5794 3.53447
19.0607 3.53447
19.5421 3.58305
20.0234 3.63162
20.5048 3.68019
20.9861 3.72876
21.4675 3.77733
21.9488 3.8259
22.4302 3.87448
22.9325 3.87448
23.4349 3.87448
23.9372 3.87448
24.4396 3.87448
24.942 3.87448
25.4443 3.87448
25.9467 3.87448
26.449 3.87448
26.9514 3.87448
27.4537 3.87448
29.9589 4.43313
32.464 4.43313
34.9692 4.43313
37.4743 4.43313
39.9794 4.43313
42.4846 4.43313
44.9897 4.43313
47.4949 4.43313
50.0 4.43313
0.0 1.1116
0.527248 1.1116
1.0545 1.5109
1.58175 1.9102
2.10899 2.3095
2.63624 2.7088
3.16349 3.1081
3.65129 3.1081
4.13909 3.08465
4.62689 3.0612
5.11469 3.03775
5.6025 3.01431
6.0903 2.99086
6.5781 2.96741
7.0659 2.94396
7.5537 2.92051
8.0415 2.89706
8.5293 2.87362
9.10316 2.87362
9.67702 3.00969
10.2509 3.14576
10.7607 3.14576
11.2706 3.17183
11.7805 3.1979
12.2904 3.22397
12.8002 3.25003
13.3101 3.2761
13.82 3.30217
14.3299 3.32824
14.8397 3.3543
15.3444 3.3543
15.849 3.3543
16.3537 3.3543
16.8583 3.3543
17.363 3.3543
17.8676 3.3543
18.3723 3.3543
20.8052 4.59586
23.2381 4.59586
25.671 4.59586
28.1039 4.59586
30.5368 4.59586
32.9697 4.59586
35.4026 4.59586
37.8355 4.59586
40.2684 4.59586
42.7013 4.59586
45.1342 4.59586
47.5671 4.59586
50.0 4.59586
0.0 1.00073
0.508481 1.00073
1.01696 1.41599
1.52544 1.83126
2.03392 2.24653
2.54241 2.66179
3.05089 3.07706
3.56348 3.07706
4.07607 3.05696
4.58867 3.03686
5.10126 3.01676
5.61385 2.99666
6.12645 2.97656
6.63904 2.95646
7.15163 2.93636
7.66907 2.93636
8.18651 2.97136
8.70395 3.00636
9.22139 3.04136
9.73883 3.07636
10.2563 3.11136
10.7737 3.14636
11.289 3.14636
11.8044 3.19245
12.3197 3.23854
12.8351 3.28463
13.3504 3.33071
13.8658 3.3768
14.3494 3.3768
14.833 3.3768
15.3167 3.3768
15.8003 3.3768
16.2839 3.3768
16.7676 3.3768
17.2512 3.3768
17.7348 3.3768
18.2185 3.3768
20.6632 4.56677
23.1079 4.56677
25.5527 4.56677
27.9974 4.56677
30.4421 4.56677
32.8869 4.56677
35.3316 4.56677
37.7763 4.56677
40.2211 4.56677
42.6658 4.56677
45.1105 4.56677
47.5553 4.56677
50.0 4.56677
0.0 1.24841
0.479195 1.24841
0.95839 1.45835
1.43758 1.66829
1.91678 1.87823
2.39597 2.08816
2.87517 2.2981
3.35436 2.50804
3.83356 2.71798
4.31275 2.92792
4.80057 2.92792
5.28838 2.94075
5.77619 2.95358
6.264 2.96641
6.75182 2.97924
7.23963 2.99207
7.72744 3.00491
8.21525 3.01774
8.70306 3.03057
9.19088 3.0434
9.67869 3.05623
10.1665 3.06906
10.6543 3.0819
11.1421 3.09473
11.6299 3.10756
12.1178 3.12039
12.6056 3.13322
13.0884 3.13322
13.5712 3.16522
14.054 3.19721
14.5368 3.22921
15.0196 3.26121
15.5024 3.2932
15.9852 3.3252
16.468 3.3572
16.9508 3.38919
17.4336 3.42119
17.9164 3.45318
18.3992 3.48518
18.8709 3.48518
19.3427 3.54207
19.8145 3.59897
20.2863 3.65586
20.7581 3.71275
21.2299 3.76965
21.7017 3.82654
22.1735 3.88343
22.6562 3.88343
23.1389 3.88343
23.6216 3.88343
24.1043 3.88343
24.587 3.88343
25.0698 3.88343
25.5525 3.88343
26.0352 3.88343
26.5179 3.88343
27.0006 3.88343
27.4833 3.88343
29.9852 4.453
32.487 4.453
34.9889 4.453
37.4907 4.453
39.9926 4.453
42.4944 4.453
44.9963 4.453
47.4981 4.453
50.0 4.453
0.0 1.20079
0.484 1.20079
0.967999 1.40733
1.452 1.61387
1.936 1.82041
2.42 2.02694
2.904 2.23348
3.388 2.44002
3.872 2.64656
4.356 2.8531
4.8615 2.8531
5.367 2.87049
5.8725 2.88788
6.378 2.90527
6.8835 2.92266
7.38901 2.94005
7.89451 2.95744
8.40001 2.97483
8.90551 2.99222
9.41101 3.00961
9.91651 3.027
10.422 3.04439
10.9275 3.06178
11.433 3.07917
11.9385 3.09656
12.444 3.11395
12.9495 3.13133
13.4398 3.13133
13.93 3.16331
14.4203 3.19529
14.9105 3.22727
15.4008 3.25925
15.891 3.29123
16.3813 3.32321
16.8715 3.35519
17.3618 3.38717
17.852 3.41915
18.3423 3.45113
18.8199 3.45113
19.2975 3.54301
19.7751 3.63489
20.2527 3.72676
20.7303 3.81864
21.2079 3.91051
21.6972 3.91051
22.1864 3.91051
22.6757 3.91051
23.165 3.91051
23.6543 3.91051
24.1436 3.91051
24.6328 3.91051
25.1221 3.91051
25.6114 3.91051
26.1007 3.91051
26.59 3.91051
27.0792 3.91051
27.5685 3.91051
30.0609 4.44152
32.5533 4.44152
35.0457 4.44152
37.5381 4.44152
40.0304 4.44152
42.5228 4.44152
45.0152 4.44152
47.5076 4.44152
50.0 4.44152
0.0 1.00455
0.531563 1.00455
1.06313 1.41552
1.59469 1.8265
2.12625 2.23748
2.65781 2.64846
3.18938 3.05944
3.69891 3.05944
4.20844 3.03623
4.71798 3.01302
5.22751 2.98981
5.73705 2.9666
6.24658 2.94339
6.75611 2.92018
7.2301 2.92018
7.70409 2.95744
8.17807 2.99469
8.65206 3.03195
9.12605 3.0692
9.60003 3.10646
10.074 3.14371
10.548 3.18097
11.022 3.21823
11.495 3.21823
11.9679 3.23475
12.4409 3.25128
12.9139 3.2678
13.3869 3.28432
13.8599 3.30085
14.3328 3.31737
14.8104 3.31737
15.288 3.31737
15.7656 3.31737
16.2431 3.31737
16.7207 3.31737
17.1983 3.31737
17.6759 3.31737
18.1534 3.31737
20.6032 4.60856
23.0529 4.60856
25.5026 4.60856
27.9524 4.60856
30.4021 4.60856
32.8518 4.60856
35.3016 4.60856
37.7513 4.60856
40.2011 4.60856
42.6508 4.60856
45.1005 4.60856
47.5503 4.60856
50.0 4.60856
0.0 1.1531
0.505562 1.1531
1.01112 1.39977
1.51669 1.64644
2.02225 1.89312
2.52781 2.13979
3.03337 2.38646
3.53893 2.63314
4.04449 2.87981
4.55892 2.87981
5.07334 2.90468
5.58776 2.92955
6.10218 2.95442
6.6166 2.9793
7.13103 3.00417
7.64545 3.02904
8.15987 3.05391
8.67429 3.07878
9.18871 3.10365
9.70313 3.12852
10.2176 3.1534
10.732 3.17827
11.2464 3.20314
11.7335 3.20314
12.2207 3.14046
12.7078 3.07778
13.1949 3.0151
13.682 2.95242
14.1914 2.95242
14.7007 3.01956
15.21 3.0867
15.7194 3.15383
16.2287 3.22097
16.738 3.28811
17.2474 3.35524
17.7567 3.42238
18.266 3.48952
18.7754 3.55665
19.2847 3.62379
19.7941 3.69092
20.3034 3.75806
20.8127 3.8252
21.3221 3.89233
21.8314 3.95947
22.3407 4.02661
22.8501 4.09374
23.3594 4.16088
23.8687 4.22802
24.3599 4.22802
24.8512 4.22802
25.3424 4.22802
25.8336 4.22802
26.3248 4.22802
26.816 4.22802
27.3072 4.22802
27.7984 4.22802
28.2896 4.22802
28.7808 4.22802
29.272 4.22802
29.7632 4.22802
30.2544 4.22802
32.7226 4.54694
35.1908 4.54694
37.659 4.54694
40.1272 4.54694
42.5954 4.54694
45.0636 4.54694
47.5318 4.54694
50.0 4.54694
0.0 1.14521
0.480787 1.14521
0.961574 1.43371
1.44236 1.72222
1.92315 2.01072
2.40394 2.29922
2.88472 2.58773
3.33807 2.58773
3.79142 2.85625
4.25769 2.85625
4.72396 2.85326
5.19024 2.85026
5.70249 2.85026
6.21475 2.89618
6.727 2.94209
7.23925 2.98801
7.75151 3.03392
8.26376 3.07984
8.77602 3.12575
9.28827 3.17166
9.80053 3.21758
10.3128 3.26349
10.825 3.30941
11.3373 3.35532
11.853 3.35532
12.3688 3.35532
12.8845 3.35532
13.4003 3.35532
13.916 3.35532
14.4318 3.35532
14.9475 3.35532
15.4633 3.35532
15.979 3.35532
16.4948 3.35532
17.0105 3.35532
17.5262 3.35532
20.0242 4.42942
22.5222 4.42942
25.0202 4.42942
27.5182 4.42942
30.0162 4.42942
32.5141 4.42942
35.0121 4.42942
37.5101 4.42942
40.0081 4.42942
42.5061 4.42942
45.004 4.42942
47.502 4.42942
50.0 4.42942
0.0 1.33771
0.508027 1.33771
1.01605 1.56805
1.52408 1.79839
2.03211 2.02873
2.54013 2.25907
3.04816 2.48941
3.55619 2.71975
4.0339 2.71975
4.5116 2.78414
4.98931 2.84852
5.46702 2.91291
5.94473 2.9773
6.42244 3.04169
6.90015 3.10608
7.37786 3.17046
7.85557 3.23485
8.33328 3.29924
8.84426 3.29924
9.35525 3.23427
9.86624 3.16931
10.3772 3.10434
10.8882 3.03937
11.3992 2.97441
11.9102 2.90944
12.4212 2.84448
12.9539 2.84448
13.4866 2.99381
14.0193 3.14314
14.552 3.29247
15.0847 3.4418
15.6175 3.59113
16.2006 3.59113
16.7837 3.59113
17.3668 3.59113
19.877 4.42623
22.3873 4.42623
24.8975 4.42623
27.4078 4.42623
29.918 4.42623
32.4283 4.42623
34.9385 4.42623
37.4488 4.42623
39.959 4.42623
42.4693 4.42623
44.9795 4.42623
47.4898 4.42623
50.0 4.42623
0.0 1.16168
0.534091 1.16168
1.06818 1.44489
1.60227 1.72809
2.13636 2.01129
2.67045 2.2945
3.20455 2.5777
3.73864 2.8609
4.25198 2.8609
4.76533 2.89185
5.27867 2.9228
5.79202 2.95375
6.30536 2.98469
6.8187 3.01564
7.33205 3.04659
7.84539 3.07754
8.35874 3.10849
8.87208 3.13943
9.38543 3.17038
9.89877 3.20133
10.4174 3.20133
10.936 3.22426
11.4546 3.24718
11.9732 3.27011
12.4919 3.29304
13.0105 3.31596
13.5291 3.33889
14.0477 3.36182
14.5663 3.38474
15.0849 3.40767
15.6035 3.4306
16.1222 3.45353
16.6043 3.45353
17.0864 3.52679
17.5685 3.60005
18.0506 3.67331
18.5327 3.74657
19.0148 3.81983
19.4969 3.89309
20.0102 3.89309
20.5235 3.89309
21.0368 3.89309
21.5501 3.89309
22.0634 3.89309
22.5767 3.89309
23.0899 3.89309
23.6032 3.89309
24.1165 3.89309
24.6298 3.89309
25.1431 3.89309
25.6564 3.89309
26.1696 3.89309
26.6829 3.89309
27.1962 3.89309
27.7095 3.89309
30.1862 4.47736
32.6629 4.47736
35.1397 4.47736
37.6164 4.47736
40.0931 4.47736
42.5698 4.47736
45.0466 4.47736
47.5233 4.47736
50.0 4.47736
0.0 1.13166
0.499902 1.13166
0.999804 1.40346
1.49971 1.67525
1.99961 1.94705
2.49951 2.21884
2.99941 2.49064
3.49931 2.76244
4.01782 2.76244
4.53632 2.81883
5.05482 2.87523
5.57332 2.93163
6.09182 2.98802
6.61032 3.04442
7.12882 3.10081
7.64732 3.15721
8.16582 3.21361
8.67614 3.21361
9.18646 3.2381
9.69678 3.26259
10.2071 3.28708
10.7174 3.31157
11.2277 3.33606
11.7381 3.36055
12.2484 3.38504
12.7587 3.40953
13.269 3.43402
13.7793 3.45851
14.2897 3.483
14.8 3.50749
15.3027 3.50749
15.8054 3.56309
16.3081 3.61869
16.8108 3.67429
17.3135 3.72989
17.8162 3.78549
18.3189 3.84109
18.8113 3.84109
19.3038 3.84109
19.7962 3.84109
20.2886 3.84109
20.781 3.84109
21.2734 3.84109
21.7658 3.84109
22.2582 3.84109
22.7506 3.84109
23.243 3.84109
23.7354 3.84109
24.2278 3.84109
24.7202 3.84109
25.2126 3.84109
25.705 3.84109
26.1974 3.84109
26.6898 3.84109
27.1822 3.84109
27.6746 3.84109
30.1552 4.45097
32.6358 4.45097
35.1164 4.45097
37.597 4.45097
40.0776 4.45097
42.5582 4.45097
45.0388 4.45097
47.5194 4.45097
50.0 4.45097
0.0 1.38906
0.489242 1.38906
0.978483 1.62191
1.46772 1.85476
1.95697 2.08761
2.44621 2.32046
2.93545 2.55331
3.42469 2.78615
3.91555 2.78615
4.40641 2.84727
4.89727 2.90839
5.38813 2.9695
5.87899 3.03062
6.36985 3.09174
6.86071 3.15285
7.35157 3.21397
7.83666 3.21397
8.32174 3.24852
8.80683 3.28308
9.29191 3.31763
9.777 3.35219
10.2621 3.38674
10.7472 3.4213
11.2322 3.45585
11.7173 3.49041
12.2024 3.52496
12.7197 3.52496
13.2369 3.54514
13.7541 3.56532
14.2713 3.58551
14.7886 3.60569
15.3058 3.62587
15.823 3.64605
16.3403 3.66623
16.8575 3.68642
17.3747 3.7066
17.892 3.72678
18.4092 3.74696
18.9264 3.76714
19.4264 3.76714
19.9263 3.76714
20.4263 3.76714
22.8907 4.6675
25.3552 4.6675
27.8197 4.6675
30.2842 4.6675
32.7487 4.6675
35.2131 4.6675
37.6776 4.6675
40.1421 4.6675
42.6066 4.6675
45.071 4.6675
47.5355 4.6675
50.0 4.6675
0.0 1.14039
0.489004 1.14039
0.978008 1.35789
1.46701 1.57538
1.95602 1.79288
2.44502 2.01038
2.93402 2.22788
3.42303 2.44538
3.91203 2.66287
4.42201 2.66287
4.932 2.7317
5.44198 2.80054
5.95196 2.86937
6.46194 2.9382
6.97192 3.00703
7.48191 3.07586
7.99189 3.14469
8.50187 3.21352
9.0063 3.21352
9.51074 3.24241
10.0152 3.27131
10.5196 3.3002
11.024 3.32909
11.5285 3.35799
12.0329 3.38688
12.5373 3.41577
13.0418 3.44466
13.5462 3.47356
14.0506 3.50245
14.5551 3.53134
15.0595 3.56024
15.5581 3.56024
16.0567 3.58075
16.5552 3.60127
17.0538 3.62179
17.5524 3.64231
18.051 3.66283
18.5496 3.68335
19.0482 3.70386
19.5468 3.72438
20.0453 3.7449
20.5439 3.76542
21.0425 3.78594
21.5411 3.80646
22.0397 3.82697
22.5228 3.82697
23.0059 3.82697
23.4889 3.82697
23.972 3.82697
24.4551 3.82697
24.9382 3.82697
25.4213 3.82697
25.9043 3.82697
26.3874 3.82697
26.8705 3.82697
27.3536 3.82697
27.8367 3.82697
30.2993 4.44747
32.7619 4.44747
35.2245 4.44747
37.687 4.44747
40.1496 4.44747
42.6122 4.44747
45.0748 4.44747
47.5374 4.44747
50.0 4.44747
0.0 1.09455
0.509799 1.09455
1.0196 1.34344
1.5294 1.59233
2.0392 1.84122
2.549 2.09011
3.0588 2.339
3.5686 2.58789
4.05783 2.58789
4.54707 2.67281
5.03631 2.75772
5.52555 2.84264
6.01479 2.92755
6.50403 3.01247
6.99327 3.09738
7.4825 3.1823
7.97288 3.1823
8.46325 3.20517
8.95362 3.22805
9.444 3.25093
9.93437 3.2738
10.4247 3.29668
10.9151 3.31956
11.4055 3.34243
11.8959 3.36531
12.3862 3.38819
12.8766 3.41106
13.367 3.43394
13.8574 3.45682
14.3477 3.47969
14.8381 3.50257
15.3285 3.52545
15.8338 3.52545
16.3392 3.55125
16.8446 3.57705
17.35 3.60285
17.8554 3.62866
18.3607 3.65446
18.8661 3.68026
19.3715 3.70606
19.8769 3.73187
20.3822 3.75767
20.8876 3.78347
21.393 3.80927
21.8876 3.80927
22.3821 3.80927
22.8767 3.80927
23.3713 3.80927
23.8659 3.80927
24.3604 3.80927
24.855 3.80927
25.3496 3.80927
25.8442 3.80927
26.3387 3.80927
26.8333 3.80927
27.3279 3.80927
27.8224 3.80927
30.2866 4.45015
32.7508 4.45015
35.215 4.45015
37.6791 4.45015
40.1433 4.45015
42.6075 4.45015
45.0717 4.45015
47.5358 4.45015
50.0 4.45015
0.0 1.30607
0.493178 1.30607
0.986357 1.49502
1.47954 1.68397
1.97271 1.87292
2.46589 2.06187
2.95907 2.25082
3.45225 2.43977
3.94543 2.62872
4.43861 2.81767
4.93359 2.81767
5.42857 2.85119
5.92355 2.8847
6.41852 2.91821
6.9135 2.95173
7.40848 2.98524
7.90346 3.01875
8.39844 3.05227
8.89342 3.08578
9.3884 3.11929
9.88338 3.15281
10.3784 3.18632
10.8733 3.21983
11.3683 3.25335
11.8633 3.28686
12.3583 3.32037
12.8533 3.35389
13.3482 3.3874
13.8432 3.42091
14.3382 3.45443
14.8332 3.48794
15.3282 3.52145
15.8231 3.55496
16.3181 3.58848
16.8131 3.62199
17.3081 3.6555
17.8034 3.6555
18.2988 3.67712
18.7942 3.69873
19.2896 3.72034
19.7849 3.74195
20.2803 3.76357
20.7757 3.78518
21.2711 3.80679
21.7664 3.82841
22.2618 3.85002
22.7572 3.87163
23.2525 3.89324
23.7479 3.91486
24.2433 3.93647
24.7387 3.95808
25.234 3.9797
25.7294 4.00131
26.2248 4.02292
26.7202 4.04453
27.2155 4.06615
27.7109 4.08776
28.2063 4.10937
28.7016 4.13098
29.197 4.1526
29.6924 4.17421
30.1878 4.19582
30.6831 4.21744
31.1785 4.23905
31.6739 4.26066
32.1692 4.28227
32.6646 4.30389
33.16 4.3255
33.6554 4.34711
34.1507 4.36872
34.6461 4.39034
35.1343 4.39034
35.6224 4.38149
36.1105 4.37264
36.5987 4.36379
37.0868 4.35494
37.575 4.34609
38.0631 4.33723
38.5513 4.32838
39.0394 4.31953
39.5276 4.31068
40.0157 4.30183
40.5039 4.29298
41.0097 4.29298
41.5156 4.29298
42.0214 4.29298
42.5273 4.29298
43.0332 4.29298
43.539 4.29298
44.0449 4.29298
44.5508 4.29298
45.0566 4.29298
45.5625 4.29298
46.0684 4.29298
46.5742 4.29298
48.2871 4.36428
50.0 4.36428
0.0 1.19908
0.53617 1.19908
1.07234 1.53833
1.60851 1.87759
2.14468 2.21685
2.68085 2.55611
2.93812 2.55611
3.19539 2.86537
3.74064 2.86537
4.28589 2.90188
4.83114 2.93839
5.34423 2.93839
5.85732 2.972
6.37042 3.00562
6.88351 3.03923
7.3966 3.07285
7.90969 3.10646
8.42278 3.14008
8.93588 3.17369
9.44897 3.20731
9.96206 3.24092
10.4752 3.27454
10.9882 3.30815
11.5013 3.34177
12.0144 3.37538
12.4945 3.37538
12.9745 3.37538
13.4545 3.37538
13.9346 3.37538
14.4146 3.37538
14.8946 3.37538
15.3746 3.37538
15.8547 3.37538
16.3347 3.37538
16.8147 3.37538
17.2948 3.37538
17.7748 3.37538
20.2537 4.41849
22.7325 4.41849
25.2114 4.41849
27.6902 4.41849
30.1691 4.41849
32.648 4.41849
35.1268 4.41849
37.6057 4.41849
40.0846 4.41849
42.5634 4.41849
45.0423 4.41849
47.5211 4.41849
50.0 4.41849
0.0 1.12749
0.528717 1.12749
1.05743 1.38009
1.58615 1.6327
2.11487 1.8853
2.64359 2.13791
3.1723 2.39051
3.70102 2.64312
4.20293 2.64312
4.70484 2.74993
5.20675 2.85675
5.70866 2.96356
6.21056 3.07037
6.71936 3.07037
7.22816 3.10183
7.73696 3.13329
8.24576 3.16475
8.75456 3.19621
9.26336 3.22766
9.77216 3.25912
10.281 3.29058
10.7898 3.32204
11.2986 3.3535
11.8074 3.38496
12.3162 3.41641
12.8249 3.44787
13.314 3.44787
13.803 3.46854
14.292 3.4892
14.781 3.50986
15.27 3.53053
15.759 3.55119
16.248 3.57185
16.737 3.59252
17.226 3.61318
17.715 3.63384
18.204 3.6545
18.6931 3.67517
19.1821 3.69583
19.6711 3.71649
20.1601 3.73716
20.6491 3.75782
21.1381 3.77848
21.6271 3.79915
22.1476 3.79915
22.6681 3.79915
23.1886 3.79915
23.7091 3.79915
24.2296 3.79915
24.7501 3.79915
25.2705 3.79915
25.791 3.79915
26.3115 3.79915
26.832 3.79915
27.3525 3.79915
27.873 3.79915
30.3316 4.5008
32.7901 4.5008
35.2487 4.5008
37.7072 4.5008
40.1658 4.5008
42.6243 4.5008
45.0829 4.5008
47.5414 4.5008
50.0 4.5008
0.0 1.14698
0.536905 1.14698
1.07381 1.50086
1.61072 1.85474
2.14762 2.20862
2.68453 2.5625
2.9511 2.5625
3.21767 2.86347
3.71139 2.86347
4.20511 2.87178
4.69883 2.88009
5.19254 2.8884
5.68626 2.89671
6.19136 2.89671
6.69647 2.93367
7.20157 2.97063
7.70667 3.00759
8.21178 3.04455
8.71688 3.08151
9.22198 3.11847
9.72709 3.15544
10.2322 3.1924
10.7373 3.22936
11.2424 3.26632
11.7475 3.30328
12.2526 3.34024
12.7577 3.3772
13.2628 3.41417
13.773 3.41417
14.2833 3.41417
14.7935 3.41417
15.3037 3.41417
15.814 3.41417
16.3242 3.41417
16.8345 3.41417
17.3447 3.41417
17.8549 3.41417
20.3276 4.42865
22.8003 4.42865
25.273 4.42865
27.7457 4.42865
30.2184 4.42865
32.6911 4.42865
35.1638 4.42865
37.6365 4.42865
40.1092 4.42865
42.5819 4.42865
45.0546 4.42865
47.5273 4.42865
50.0 4.42865
0.0 1.15302
0.498643 1.15302
0.997286 1.45108
1.49593 1.74914
1.99457 2.04719
2.49321 2.34525
2.99186 2.64331
3.4905 2.94137
3.98337 2.94137
4.47623 2.95543
4.9691 2.96949
5.46197 2.98355
5.95483 2.9976
6.4477 3.01166
6.94057 3.02572
7.43343 3.03978
7.9263 3.05383
8.41917 3.06789
8.91203 3.08195
9.4049 3.09601
9.89777 3.11006
10.3906 3.12412
10.8835 3.13818
11.3764 3.15224
11.8731 3.15224
12.3697 3.13088
12.8664 3.10952
13.3631 3.08816
13.8598 3.06679
14.3565 3.04543
14.8532 3.02407
15.3499 3.00271
15.8465 2.98135
16.3349 2.98135
16.8233 3.07855
17.3117 3.17575
17.8001 3.27295
18.2885 3.37014
18.7769 3.46734
19.2653 3.56454
19.7537 3.66174
20.242 3.75894
20.7304 3.85613
21.2188 3.95333
21.7072 4.05053
22.1956 4.14773
22.684 4.24493
23.1909 4.24493
23.6978 4.24493
24.2048 4.24493
24.7117 4.24493
25.2186 4.24493
25.7255 4.24493
26.2325 4.24493
26.7394 4.24493
27.2463 4.24493
27.7532 4.24493
28.2602 4.24493
28.7671 4.24493
29.274 4.24493
29.7809 4.24493
30.2879 4.24493
32.7519 4.64715
35.2159 4.64715
37.6799 4.64715
40.1439 4.64715
42.6079 4.64715
45.072 4.64715
47.536 4.64715
50.0 4.64715
0.0 1.17693
0.491704 1.17693
0.983408 1.48295
1.47511 1.78897
1.96682 2.095
2.45852 2.40102
2.95022 2.70704
3.44193 3.01307
3.96049 3.01307
4.47905 3.02255
4.99761 3.03203
5.51617 3.04151
6.03473 3.05099
6.5533 3.06047
7.07186 3.06995
7.59042 3.07943
8.10898 3.08891
8.62754 3.0984
9.1461 3.10788
9.66466 3.11736
10.1408 3.11736
10.6169 3.08867
11.093 3.05999
11.5691 3.0313
12.0452 3.00261
12.5213 2.97393
12.9974 2.94524
13.5038 2.94524
14.0102 3.02693
14.5167 3.10863
15.0231 3.19032
15.5296 3.27202
16.036 3.35371
16.5424 3.4354
17.0489 3.5171
17.5553 3.59879
18.0618 3.68049
18.5682 3.76218
19.0746 3.84388
19.5811 3.92557
20.0875 4.00726
20.5939 4.08896
21.1004 4.17065
21.6068 4.25235
22.1061 4.25235
22.6054 4.25235
23.1047 4.25235
23.6041 4.25235
24.1034 4.25235
24.6027 4.25235
25.102 4.25235
25.6013 4.25235
26.1006 4.25235
26.5999 4.25235
27.0992 4.25235
27.5985 4.25235
28.0978 4.25235
28.5971 4.25235
29.0964 4.25235
29.5957 4.25235
30.0951 4.25235
32.5832 4.695
35.0713 4.695
37.5594 4.695
40.0475 4.695
42.5356 4.695
45.0238 4.695
47.5119 4.695
50.0 4.695
0.0 1.19222
0.527602 1.19222
1.0552 1.44377
1.58281 1.69533
2.11041 1.94688
2.63801 2.19843
3.16561 2.44998
3.69322 2.70154
4.22082 2.95309
4.73188 2.95309
5.24294 2.96535
5.754 2.97762
6.26506 2.98988
6.77612 3.00214
7.28718 3.01441
7.79824 3.02667
8.3093 3.03893
8.82036 3.0512
9.33142 3.06346
9.84248 3.07572
10.3549 3.07572
10.8674 3.02556
11.3798 2.9754
11.8923 2.92524
12.4047 2.87507
12.9182 2.87507
13.4316 2.96479
13.945 3.05451
14.4584 3.14423
14.9718 3.23395
15.4852 3.32367
15.9987 3.41339
16.5121 3.50311
17.0255 3.59283
17.5389 3.68255
18.0523 3.77227
18.5657 3.86199
19.0791 3.95171
19.5926 4.04143
20.106 4.13115
20.6194 4.22087
21.1216 4.22087
21.6238 4.22087
22.126 4.22087
22.6281 4.22087
23.1303 4.22087
23.6325 4.22087
24.1347 4.22087
24.6369 4.22087
25.1391 4.22087
25.6413 4.22087
26.1435 4.22087
26.6457 4.22087
27.1478 4.22087
27.65 4.22087
28.1522 4.22087
28.6544 4.22087
29.1566 4.22087
29.6588 4.22087
30.161 4.22087
32.6408 4.6694
35.1207 4.6694
37.6006 4.6694
40.0805 4.6694
42.5604 4.6694
45.0402 4.6694
47.5201 4.6694
50.0 4.6694
0.0 1.21624
0.48307 1.21624
0.96614 1.45712
1.44921 1.69801
1.93228 1.93889
2.41535 2.17978
2.89842 2.42066
3.38149 2.66155
3.86223 2.66155
4.34296 2.70998
4.8237 2.75841
5.30444 2.80684
5.78517 2.85528
6.26591 2.90371
6.74665 2.95214
7.22738 3.00057
7.70812 3.04901
8.21073 3.04901
8.71334 3.06915
9.21595 3.0893
9.71857 3.10944
10.2212 3.12959
10.7238 3.14973
11.2264 3.16988
11.729 3.19002
12.2316 3.21017
12.7342 3.23031
13.2368 3.25046
13.7395 3.2706
14.2421 3.29075
14.7447 3.3109
15.2473 3.33104
15.7499 3.35119
16.2525 3.37133
16.7551 3.39148
17.2475 3.39148
17.7399 3.44042
18.2323 3.48935
18.7246 3.53829
19.217 3.58723
19.7094 3.63617
20.2018 3.68511
20.6942 3.73405
21.1961 3.73405
21.698 3.73405
22.1999 3.73405
22.7018 3.73405
23.2037 3.73405
23.7056 3.73405
24.2075 3.73405
24.7094 3.73405
25.2114 3.73405
25.7133 3.73405
26.2152 3.73405
26.7171 3.73405
27.219 3.73405
27.7209 3.73405
30.1964 4.54715
32.6718 4.54715
35.1473 4.54715
37.6227 4.54715
40.0982 4.54715
42.5736 4.54715
45.0491 4.54715
47.5245 4.54715
50.0 4.54715
0.0 1.13169
0.500291 1.13169
1.00058 1.38888
1.50087 1.64607
2.00116 1.90326
2.50146 2.16045
3.00175 2.41764
3.50204 2.67483
3.99278 2.67483
4.48352 2.78474
4.97426 2.89464
5.47185 2.89464
5.96944 2.91635
6.46704 2.93805
6.96463 2.95976
7.46222 2.98146
7.95981 3.00317
8.45741 3.02487
8.955 3.04658
9.45259 3.06828
9.95019 3.08999
10.4478 3.11169
10.9454 3.13339
11.443 3.1551
11.9406 3.1768
12.4382 3.19851
12.9357 3.22021
13.4333 3.24192
13.9309 3.26362
14.4157 3.26362
14.9005 3.31869
15.3853 3.37376
15.8701 3.42883
16.3549 3.48389
16.8397 3.53896
17.3245 3.59403
17.8093 3.6491
18.2941 3.70416
18.7789 3.75923
19.2801 3.75923
19.7812 3.75923
20.2823 3.75923
20.7834 3.75923
21.2845 3.75923
21.7857 3.75923
22.2868 3.75923
22.7879 3.75923
23.289 3.75923
23.7901 3.75923
24.2913 3.75923
24.7924 3.75923
25.2935 3.75923
25.7946 3.75923
26.2957 3.75923
28.9295 4.4623
31.5634 4.4623
34.1972 4.4623
36.831 4.4623
39.4648 4.4623
42.0986 4.4623
44.7324 4.4623
47.3662 4.4623
50.0 4.4623
0.0 1.27663
0.479139 1.27663
0.958278 1.4675
1.43742 1.65837
1.91656 1.84925
2.3957 2.04012
2.87483 2.231
3.35397 2.42187
3.83311 2.61274
4.33163 2.61274
4.83016 2.68333
5.32868 2.75392
5.8272 2.8245
6.32572 2.89509
6.82425 2.96567
7.32277 3.03626
7.82129 3.10684
8.33134 3.10684
8.84138 3.12699
9.35143 3.14713
9.86147 3.16727
10.3715 3.18742
10.8816 3.20756
11.3916 3.2277
11.9017 3.24785
12.4117 3.26799
12.9217 3.28814
13.4318 3.30828
13.9418 3.32842
14.4519 3.34857
14.9619 3.36871
15.4713 3.36871
15.9806 3.44817
16.49 3.52763
16.9993 3.60708
17.5087 3.68654
18.018 3.766
18.5057 3.766
18.9934 3.766
19.4811 3.766
19.9688 3.766
20.4565 3.766
20.9441 3.766
21.4318 3.766
21.9195 3.766
22.4072 3.766
22.8949 3.766
23.3826 3.766
23.8702 3.766
24.3579 3.766
24.8456 3.766
25.3333 3.766
25.821 3.766
26.3086 3.766
26.7963 3.766
27.284 3.766
27.7717 3.766
30.2415 4.57643
32.7113 4.57643
35.1811 4.57643
37.6509 4.57643
40.1208 4.57643
42.5906 4.57643
45.0604 4.57643
47.5302 4.57643
50.0 4.57643
0.0 1.32139
0.48559 1.32139
0.971181 1.57803
1.45677 1.83466
1.94236 2.0913
2.42795 2.34794
2.91354 2.60457
3.39913 2.86121
3.91311 2.86121
4.42708 2.89943
4.94105 2.93765
5.45502 2.97587
5.96899 3.01409
6.48296 3.05232
6.99694 3.09054
7.51091 3.12876
8.02488 3.16698
8.53885 3.2052
9.05282 3.24342
9.56679 3.28164
10.0808 3.31987
10.5947 3.35809
11.0903 3.35809
11.5859 3.36283
12.0815 3.36757
12.5771 3.37232
13.0727 3.37706
13.5683 3.38181
14.0639 3.38655
14.5595 3.3913
15.0551 3.39604
15.5965 3.39604
16.1379 3.44677
16.6793 3.49749
17.2208 3.54822
17.7622 3.59894
18.3036 3.64967
18.803 3.64967
19.3024 3.64967
19.8018 3.64967
20.3012 3.64967
20.8006 3.64967
23.2339 4.59559
25.6672 4.59559
28.1004 4.59559
30.5337 4.59559
32.967 4.59559
35.4003 4.59559
37.8336 4.59559
40.2669 4.59559
42.7001 4.59559
45.1334 4.59559
47.5667 4.59559
50.0 4.59559
0.0 1.23868
0.482941 1.23868
0.965883 1.4493
1.44882 1.65992
1.93177 1.87054
2.41471 2.08116
2.89765 2.29178
3.38059 2.5024
3.86353 2.71302
4.38616 2.71302
4.90878 2.78869
5.4314 2.86435
5.95403 2.94001
6.47665 3.01567
6.99927 3.09134
7.5219 3.167
8.01902 3.167
8.51615 3.19225
9.01327 3.2175
9.5104 3.24274
10.0075 3.26799
10.5046 3.29324
11.0018 3.31849
11.4989 3.34374
11.996 3.36899
12.4932 3.39424
12.9903 3.41949
13.4874 3.44474
13.9651 3.44474
14.4429 3.49959
14.9206 3.55444
15.3983 3.60929
15.8761 3.66414
16.3538 3.71899
16.8532 3.71899
17.3527 3.71899
17.8521 3.71899
18.3515 3.71899
18.8509 3.71899
19.3503 3.71899
19.8498 3.71899
20.3492 3.71899
20.8486 3.71899
21.348 3.71899
21.8475 3.71899
22.3469 3.71899
22.8463 3.71899
23.3457 3.71899
23.8451 3.71899
24.3446 3.71899
24.844 3.71899
25.3434 3.71899
25.8428 3.71899
26.3423 3.71899
26.8417 3.71899
27.3411 3.71899
27.8405 3.71899
30.3027 4.47515
32.7649 4.47515
35.227 4.47515
37.6892 4.47515
40.1513 4.47515
42.6135 4.47515
45.0757 4.47515
47.5378 4.47515
50.0 4.47515
0.0 1.36632
0.509918 1.36632
1.01984 1.62363
1.52975 1.88094
2.03967 2.13824
2.54959 2.39555
3.05951 2.65286
3.56943 2.91017
4.07193 2.91017
4.57444 2.9457
5.07694 2.98123
5.57945 3.01676
6.08196 3.05229
6.58446 3.08782
7.08697 3.12336
7.58947 3.15889
8.09198 3.19442
8.59449 3.22995
9.09699 3.26548
9.5995 3.30101
10.102 3.33655
10.5815 3.33655
11.0609 3.34214
11.5404 3.34773
12.0199 3.35333
12.4994 3.35892
12.9788 3.36451
13.4583 3.3701
13.9378 3.3757
14.4172 3.38129
14.8986 3.38129
15.3799 3.42754
15.8612 3.47378
16.3425 3.52003
16.8238 3.56628
17.3051 3.61252
17.7864 3.65877
18.2678 3.70501
18.7737 3.70501
19.2797 3.70501
19.7857 3.70501
20.2917 3.70501
20.7977 3.70501
23.2313 4.60657
25.6648 4.60657
28.0983 4.60657
30.5318 4.60657
32.9653 4.60657
35.3989 4.60657
37.8324 4.60657
40.2659 4.60657
42.6994 4.60657
45.133 4.60657
47.5665 4.60657
50.0 4.60657
0.0 1.2205
0.515687 1.2205
1.03137 1.46884
1.54706 1.71718
2.06275 1.96553
2.57844 2.21387
3.09412 2.46221
3.60981 2.71056
4.08795 2.71056
4.56608 2.77566
5.04422 2.84076
5.52236 2.90587
6.00049 2.97097
6.47863 3.03608
6.95676 3.10118
7.4349 3.16628
7.94919 3.16628
8.46347 3.18677
8.97776 3.20727
9.49204 3.22776
10.0063 3.24825
10.5206 3.26874
11.0349 3.28923
11.5492 3.30973
12.0635 3.33022
12.5778 3.35071
13.092 3.3712
13.6063 3.39169
14.1206 3.41219
14.6349 3.43268
15.1716 3.43268
15.7083 3.52594
16.2449 3.61921
16.7816 3.71247
17.3183 3.80573
17.8209 3.80573
18.3235 3.80573
18.8261 3.80573
19.3287 3.80573
19.8314 3.80573
20.334 3.80573
20.8366 3.80573
21.3392 3.80573
21.8418 3.80573
22.3444 3.80573
22.847 3.80573
23.3496 3.80573
23.8523 3.80573
24.3549 3.80573
24.8575 3.80573
25.3601 3.80573
25.8627 3.80573
26.3653 3.80573
26.8679 3.80573
27.3706 3.80573
27.8732 3.80573
30.3317 4.48616
32.7902 4.48616
35.2488 4.48616
37.7073 4.48616
40.1659 4.48616
42.6244 4.48616
45.0829 4.48616
47.5415 4.48616
50.0 4.48616
0.0 1.2388
0.47847 1.2388
0.95694 1.4468
1.43541 1.6548
1.91388 1.8628
2.39235 2.0708
2.87082 2.2788
3.34929 2.48679
3.82776 2.69479
4.32501 2.69479
4.82225 2.74816
5.3195 2.80153
5.81674 2.85491
6.31399 2.90828
6.81123 2.96165
7.30848 3.01502
7.80573 3.06839
8.30297 3.12176
8.79935 3.12176
9.29574 3.16044
9.79212 3.19911
10.2885 3.23779
10.7849 3.27646
11.2813 3.31514
11.7776 3.35381
12.274 3.39249
12.7789 3.39249
13.2839 3.44354
13.7888 3.4946
14.2937 3.54565
14.7986 3.59671
15.3036 3.64777
15.8085 3.69882
16.3134 3.74988
16.8183 3.80093
17.3208 3.80093
17.8234 3.80093
18.3259 3.80093
18.8284 3.80093
19.3309 3.80093
19.8334 3.80093
20.3359 3.80093
20.8385 3.80093
21.341 3.80093
21.8435 3.80093
22.346 3.80093
22.8485 3.80093
23.3511 3.80093
23.8536 3.80093
24.3561 3.80093
24.8586 3.80093
25.3611 3.80093
25.8636 3.80093
26.3662 3.80093
26.8687 3.80093
27.3712 3.80093
27.8737 3.80093
30.3322 4.50451
32.7907 4.50451
35.2491 4.50451
37.7076 4.50451
40.1661 4.50451
42.6246 4.50451
45.083 4.50451
47.5415 4.50451
50.0 4.50451
0.0 1.01573
0.486543 1.01573
0.973086 1.35833
1.45963 1.70093
1.94617 2.04354
2.43271 2.38614
2.91926 2.72874
3.4058 3.07134
3.91602 3.07134
4.42624 3.04639
4.93645 3.02143
5.44667 2.99647
5.95689 2.97152
6.46711 2.94656
6.97732 2.9216
7.48754 2.89665
8.02405 2.89665
8.56056 2.94606
9.09707 2.99547
9.63358 3.04488
10.1701 3.09429
10.7066 3.1437
11.2376 3.1437
11.7686 3.17612
12.2996 3.20855
12.8306 3.24097
13.3616 3.2734
13.8926 3.30582
14.4235 3.33825
14.9473 3.33825
15.471 3.33825
15.9948 3.33825
16.5185 3.33825
17.0423 3.33825
17.566 3.33825
18.0898 3.33825
20.5444 4.58082
22.999 4.58082
25.4537 4.58082
27.9083 4.58082
30.3629 4.58082
32.8176 4.58082
35.2722 4.58082
37.7268 4.58082
40.1815 4.58082
42.6361 4.58082
45.0907 4.58082
47.5454 4.58082
50.0 4.58082
0.0 1.21207
0.474703 1.21207
0.949406 1.44948
1.42411 1.68689
1.89881 1.9243
2.37351 2.16171
2.84822 2.39912
3.32292 2.63653
3.84404 2.63653
4.36516 2.68424
4.88629 2.73195
5.40741 2.77966
5.92853 2.82738
6.44965 2.87509
6.97077 2.9228
7.49189 2.97051
8.01302 3.01822
8.53414 3.06594
8.98882 3.06594
9.44349 3.13495
9.89817 3.20396
10.3528 3.27297
10.8075 3.34198
11.3149 3.34198
11.8223 3.37014
12.3297 3.39829
12.8371 3.42645
13.3445 3.45461
13.8519 3.48276
14.3592 3.51092
14.8666 3.53908
15.374 3.56723
15.8814 3.59539
16.3888 3.62354
16.8962 3.6517
17.4036 3.67986
17.911 3.70801
18.4183 3.73617
18.9202 3.73617
19.422 3.73617
19.9239 3.73617
20.4257 3.73617
20.9275 3.73617
21.4294 3.73617
21.9312 3.73617
22.433 3.73617
22.9349 3.73617
23.4367 3.73617
23.9385 3.73617
24.4404 3.73617
24.9422 3.73617
25.444 3.73617
25.9459 3.73617
26.4477 3.73617
26.9496 3.73617
27.4514 3.73617
27.9532 3.73617
30.4029 4.50246
32.8525 4.50246
35.3022 4.50246
37.7518 4.50246
40.2014 4.50246
42.6511 4.50246
45.1007 4.50246
47.5504 4.50246
50.0 4.50246
0.0 1.2279
0.511682 1.2279
1.02336 1.46332
1.53505 1.69874
2.04673 1.93416
2.55841 2.16958
3.07009 2.405
3.58178 2.64042
4.10178 2.64042
4.62179 2.78902
5.14179 2.93761
5.6618 3.08621
6.15243 3.08621
6.64307 3.09888
7.13371 3.11154
7.62435 3.12421
8.11498 3.13688
8.60562 3.14954
9.09626 3.16221
9.5869 3.17487
10.0775 3.18754
10.5682 3.20021
11.0588 3.21287
11.5494 3.22554
12.0401 3.2382
12.5307 3.25087
13.0214 3.26353
13.5219 3.26353
14.0225 3.28671
14.523 3.30988
15.0236 3.33305
15.5242 3.35622
16.0247 3.3794
16.5253 3.40257
17.0259 3.42574
17.5264 3.44891
18.027 3.47208
18.5275 3.49526
19.0281 3.51843
19.5287 3.5416
20.0292 3.56477
20.5298 3.58794
21.0304 3.61112
21.5309 3.63429
22.0315 3.65746
22.532 3.68063
23.0326 3.70381
23.5332 3.72698
24.0337 3.75015
24.5343 3.77332
25.0242 3.77332
25.5142 3.77332
26.0041 3.77332
26.4941 3.77332
26.984 3.77332
27.474 3.77332
27.9639 3.77332
30.4124 4.61625
32.8608 4.61625
35.3093 4.61625
37.7577 4.61625
40.2062 4.61625
42.6546 4.61625
45.1031 4.61625
47.5515 4.61625
50.0 4.61625
0.0 1.24982
0.479033 1.24982
0.958067 1.44233
1.4371 1.63484
1.91613 1.82735
2.39517 2.01986
2.8742 2.21237
3.35323 2.40488
3.83227 2.59739
4.31403 2.59739
4.79579 2.67361
5.27755 2.74982
5.75931 2.82604
6.24107 2.90226
6.72283 2.97847
7.20459 3.05469
7.69676 3.05469
8.18893 3.06852
8.6811 3.08235
9.17327 3.09618
9.66544 3.11001
10.1576 3.12384
10.6498 3.13768
11.142 3.15151
11.6341 3.16534
12.1263 3.17917
12.6185 3.193
13.1106 3.20683
13.6028 3.22066
14.095 3.23449
14.5871 3.24832
15.0793 3.26215
15.5763 3.26215
16.0732 3.29025
16.5702 3.31836
17.0672 3.34646
17.5641 3.37457
18.0611 3.40267
18.5581 3.43078
19.055 3.45888
19.552 3.48698
20.049 3.51509
20.5459 3.54319
21.0429 3.5713
21.5398 3.5994
22.0368 3.6275
22.5338 3.65561
23.0307 3.68371
23.5277 3.71182
24.0247 3.73992
24.5216 3.76802
25.0186 3.79613
25.5156 3.82423
25.9982 3.82423
26.4808 3.82423
26.9635 3.82423
27.4461 3.82423
27.9287 3.82423
30.3811 4.58337
32.8335 4.58337
35.2858 4.58337
37.7382 4.58337
40.1906 4.58337
42.6429 4.58337
45.0953 4.58337
47.5476 4.58337
50.0 4.58337
0.0 1.35893
0.527044 1.35893
1.05409 1.64793
1.58113 1.93693
2.10817 2.22594
2.63522 2.51494
3.16226 2.80395
3.66262 2.80395
4.16298 2.83227
4.66333 2.8606
5.16369 2.88892
5.66405 2.91724
6.16441 2.94557
6.66476 2.97389
7.16512 3.00222
7.66548 3.03054
8.16584 3.05886
8.66619 3.08719
9.16655 3.11551
9.66691 3.14384
10.1673 3.17216
10.6676 3.20048
11.168 3.22881
11.6683 3.25713
12.1687 3.28546
12.6691 3.31378
13.1694 3.3421
13.5262 3.3421
13.883 2.91415
14.4082 2.91415
14.9334 3.63598
15.4088 3.63598
15.8841 3.63598
16.3594 3.63598
16.8347 3.63598
17.3101 3.63598
19.8247 4.51661
22.3393 4.51661
24.8539 4.51661
27.3685 4.51661
29.8831 4.51661
32.3977 4.51661
34.9123 4.51661
37.4269 4.51661
39.9416 4.51661
42.4562 4.51661
44.9708 4.51661
47.4854 4.51661
50.0 4.51661
0.0 1.34858
0.483179 1.34858
0.966359 1.61238
1.44954 1.87618
1.93272 2.13998
2.4159 2.40377
2.89908 2.66757
3.38226 2.93137
3.89665 2.93137
4.41104 2.96797
4.92543 3.00457
5.43982 3.04117
5.95421 3.07777
6.46861 3.11438
6.983 3.15098
7.49739 3.18758
8.01178 3.22418
8.52617 3.26078
9.04056 3.29738
9.54327 3.29738
10.046 3.31775
10.5487 3.33813
11.0514 3.3585
11.5541 3.37887
12.0568 3.39924
12.5595 3.41962
13.0622 3.43999
13.5649 3.46036
14.0677 3.48074
14.5704 3.50111
15.0731 3.52148
15.5758 3.54185
16.0927 3.54185
16.6096 3.58324
17.1265 3.62464
17.6433 3.66603
18.1602 3.70742
18.6771 3.74881
19.1819 3.74881
19.6866 3.74881
20.1914 3.74881
20.6961 3.74881
23.1381 4.61797
25.5801 4.61797
28.0221 4.61797
30.4641 4.61797
32.9061 4.61797
35.3481 4.61797
37.79 4.61797
40.232 4.61797
42.674 4.61797
45.116 4.61797
47.558 4.61797
50.0 4.61797
0.0 1.04649
0.525881 1.04649
1.05176 1.45097
1.57764 1.85545
2.10353 2.25993
2.62941 2.66441
3.15529 3.06889
3.6622 3.06889
4.16912 3.03142
4.67603 2.99396
5.18294 2.95649
5.68986 2.91902
6.19677 2.88156
6.70368 2.84409
7.2106 2.80662
7.7004 2.80662
8.1902 2.85374
8.68001 2.90085
9.16981 2.94796
9.65961 2.99508
10.1494 3.04219
10.6392 3.0893
11.129 3.13642
11.6205 3.13642
12.1121 3.19463
12.6036 3.25284
13.0951 3.31105
13.5866 3.36927
14.085 3.36927
14.5834 3.36927
15.0817 3.36927
15.5801 3.36927
16.0785 3.36927
16.5769 3.36927
17.0752 3.36927
17.5736 3.36927
18.072 3.36927
20.528 4.50201
22.984 4.50201
25.44 4.50201
27.896 4.50201
30.352 4.50201
32.808 4.50201
35.264 4.50201
37.72 4.50201
40.176 4.50201
42.632 4.50201
45.088 4.50201
47.544 4.50201
50.0 4.50201
0.0 1.26559
0.520536 1.26559
1.04107 1.57223
1.56161 1.87887
2.08215 2.18551
2.60268 2.49215
3.12322 2.79879
3.63404 2.79879
4.14487 2.83404
4.6557 2.86929
5.16652 2.90454
5.67735 2.93978
6.18818 2.97503
6.699 3.01028
7.20983 3.04553
7.72065 3.08077
8.23148 3.11602
8.74231 3.15127
9.25313 3.18652
9.76396 3.22177
10.2748 3.25701
10.7856 3.29226
11.2964 3.32751
11.7839 3.32751
12.2713 3.22421
12.7587 3.1209
13.2462 3.0176
13.7336 2.9143
14.217 2.9143
14.7004 3.30188
15.1839 3.68946
15.6395 3.68946
16.0951 3.68946
16.5507 3.68946
17.0063 3.68946
17.4619 3.68946
19.9648 4.52519
22.4678 4.52519
24.9707 4.52519
27.4736 4.52519
29.9766 4.52519
32.4795 4.52519
34.9824 4.52519
37.4853 4.52519
39.9883 4.52519
42.4912 4.52519
44.9941 4.52519
47.4971 4.52519
50.0 4.52519
0.0 1.23996
0.527991 1.23996
1.05598 1.58756
1.58397 1.93516
2.11197 2.28276
2.63996 2.63036
3.16795 2.97795
3.65189 2.97795
4.13583 3.01437
4.61978 3.05079
5.10372 3.08721
5.58766 3.12362
6.07161 3.16004
6.55555 3.19646
7.03949 3.23287
7.52344 3.26929
8.00738 3.30571
8.51723 3.30571
9.02707 3.3247
9.53691 3.34369
10.0468 3.36268
10.5566 3.38166
11.0664 3.40065
11.5763 3.41964
12.0861 3.43863
12.596 3.45762
13.1058 3.47661
13.6157 3.4956
14.1255 3.51459
14.6354 3.53358
15.1452 3.55256
15.6448 3.55256
16.1444 3.58195
16.644 3.61134
17.1436 3.64073
17.6431 3.67012
18.1427 3.6995
18.6423 3.72889
19.1419 3.75828
19.6415 3.78767
20.213 3.78767
20.7846 3.78767
23.2192 4.54065
25.6538 4.54065
28.0884 4.54065
30.523 4.54065
32.9577 4.54065
35.3923 4.54065
37.8269 4.54065
40.2615 4.54065
42.6961 4.54065
45.1308 4.54065
47.5654 4.54065
50.0 4.54065
0.0 1.24903
0.473316 1.24903
0.946632 1.53424
1.41995 1.81944
1.89326 2.10465
2.36658 2.38986
2.8399 2.67507
3.31321 2.96027
3.81518 2.96027
4.31715 3.02584
4.81912 3.09141
5.3211 3.15697
5.82307 3.22254
6.32504 3.2881
6.82701 3.35367
7.34077 3.35367
7.85454 3.36451
8.36831 3.37534
8.88207 3.38618
9.39584 3.39701
9.90961 3.40785
10.4234 3.41868
10.9371 3.42952
11.4509 3.44035
11.9647 3.45119
12.4784 3.46202
12.9922 3.47286
13.506 3.48369
14.0197 3.49453
14.5335 3.50536
15.0473 3.5162
15.5497 3.5162
16.0521 3.54598
16.5545 3.57577
17.0569 3.60555
17.5593 3.63534
18.0617 3.66512
18.5641 3.69491
19.0666 3.72469
19.569 3.75448
20.0107 3.75448
20.4523 3.75448
20.894 3.75448
23.3195 4.53489
25.745 4.53489
28.1705 4.53489
30.596 4.53489
33.0215 4.53489
35.447 4.53489
37.8725 4.53489
40.298 4.53489
42.7235 4.53489
45.149 4.53489
47.5745 4.53489
50.0 4.53489
0.0 1.30863
0.50305 1.30863
1.0061 1.49615
1.50915 1.68366
2.0122 1.87118
2.51525 2.0587
3.0183 2.24622
3.52135 2.43373
4.0244 2.62125
4.53307 2.62125
5.04175 2.69552
5.55042 2.76979
6.05909 2.84406
6.56776 2.91833
7.07644 2.9926
7.56381 2.9926
8.05118 3.01186
8.53855 3.03113
9.02592 3.0504
9.51329 3.06967
10.0007 3.08894
10.488 3.10821
10.9754 3.12748
11.4628 3.14675
11.9501 3.16602
12.4375 3.18529
12.9249 3.20456
13.4123 3.22383
13.8996 3.2431
14.387 3.26237
14.8977 3.26237
15.4084 3.29905
15.919 3.33573
16.4297 3.37241
16.9404 3.40909
17.4511 3.44577
17.9618 3.48245
18.4724 3.51913
18.9831 3.55581
19.4938 3.59249
20.0045 3.62918
20.5152 3.66586
21.0259 3.70254
21.5365 3.73922
22.0472 3.7759
22.5579 3.81258
23.0635 3.81258
23.569 3.81258
24.0746 3.81258
24.5801 3.81258
25.0857 3.81258
25.5913 3.81258
26.0968 3.81258
26.6024 3.81258
27.1079 3.81258
27.6135 3.81258
28.1191 3.81258
30.5503 4.58238
32.9815 4.58238
35.4127 4.58238
37.8439 4.58238
40.2751 4.58238
42.7064 4.58238
45.1376 4.58238
47.5688 4.58238
50.0 4.58238
0.0 1.30272
0.494955 1.30272
0.98991 1.57995
1.48486 1.85719
1.97982 2.13442
2.47477 2.41166
2.96973 2.6889
3.46468 2.96613
3.98124 2.96613
4.4978 3.00003
5.01435 3.03393
5.53091 3.06782
6.04746 3.10172
6.56402 3.13562
7.08057 3.16951
7.59713 3.20341
8.11369 3.23731
8.63024 3.2712
9.1468 3.3051
9.66335 3.339
10.1726 3.339
10.6819 3.34522
11.1911 3.35144
11.7004 3.35766
12.2096 3.36389
12.7189 3.37011
13.2281 3.37633
13.7374 3.38256
14.2466 3.38878
14.7559 3.395
15.2651 3.40123
15.7744 3.40745
16.2836 3.41367
16.7929 3.4199
17.3021 3.42612
17.8114 3.43234
18.3206 3.43856
18.8299 3.44479
19.2271 3.44479
19.6244 3.7886
20.0665 3.7886
20.5086 3.7886
20.9507 3.7886
23.3715 4.58508
25.7923 4.58508
28.213 4.58508
30.6338 4.58508
33.0546 4.58508
35.4754 4.58508
37.8961 4.58508
40.3169 4.58508
42.7377 4.58508
45.1585 4.58508
47.5792 4.58508
50.0 4.58508
0.0 1.26221
0.48207 1.26221
0.96414 1.44142
1.44621 1.62063
1.92828 1.79985
2.41035 1.97906
2.89242 2.15827
3.37449 2.33748
3.85656 2.51669
4.33863 2.69591
4.86956 2.69591
5.40049 2.80885
5.93143 2.92179
6.46236 3.03473
6.96498 3.03473
7.4676 3.05627
7.97023 3.0778
8.47285 3.09934
8.97547 3.12088
9.47809 3.14242
9.98072 3.16395
10.4833 3.18549
10.986 3.20703
11.4886 3.22857
11.9912 3.25011
12.4938 3.27164
12.9964 3.29318
13.4991 3.31472
14.0156 3.31472
14.5322 3.34986
15.0488 3.385
15.5653 3.42014
16.0819 3.45528
16.5984 3.49042
17.115 3.52556
17.6315 3.5607
18.1481 3.59585
18.6647 3.63099
19.1812 3.66613
19.6978 3.70127
20.2143 3.73641
20.7309 3.77155
21.2309 3.77155
21.731 3.77155
22.231 3.77155
22.7311 3.77155
23.2311 3.77155
23.7311 3.77155
24.2312 3.77155
24.7312 3.77155
25.2313 3.77155
25.7313 3.77155
26.2314 3.77155
26.7314 3.77155
27.2314 3.77155
27.7315 3.77155
28.2315 3.77155
30.6502 4.58792
33.069 4.58792
35.4877 4.58792
37.9064 4.58792
40.3251 4.58792
42.7438 4.58792
45.1626 4.58792
47.5813 4.58792
50.0 4.58792
0.0 1.0568
0.482627 1.0568
0.965253 1.37639
1.44788 1.69597
1.93051 2.01555
2.41313 2.33514
2.89576 2.65472
3.37839 2.9743
3.87328 2.9743
4.36817 2.94595
4.86306 2.91759
5.35796 2.88923
5.85285 2.86088
6.34774 2.83252
6.83824 2.83252
7.32874 2.86687
7.81923 2.90122
8.30973 2.93557
8.80023 2.96991
9.29073 3.00426
9.78122 3.03861
10.2717 3.07296
10.7622 3.10731
11.2527 3.14166
11.7562 3.14166
12.2597 3.16934
12.7631 3.19702
13.2666 3.2247
13.7701 3.25238
14.2736 3.28007
14.7482 3.28007
15.2229 3.28007
15.6976 3.28007
16.1723 3.28007
16.647 3.28007
17.1216 3.28007
17.5963 3.28007
18.071 3.28007
20.5271 4.42839
22.9831 4.42839
25.4392 4.42839
27.8953 4.42839
30.3514 4.42839
32.8075 4.42839
35.2635 4.42839
37.7196 4.42839
40.1757 4.42839
42.6318 4.42839
45.0878 4.42839
47.5439 4.42839
50.0 4.42839
0.0 1.23005
0.517324 1.23005
1.03465 1.48053
1.55197 1.73101
2.0693 1.9815
2.58662 2.23198
3.10394 2.48246
3.62127 2.73294
4.08306 2.73294
4.54485 2.84793
5.00664 2.96292
5.46843 3.07791
5.95345 3.07791
6.43846 3.09393
6.92348 3.10995
7.40849 3.12597
7.89351 3.14199
8.37853 3.15801
8.86354 3.17404
9.34856 3.19006
9.83357 3.20608
10.3186 3.2221
10.8036 3.23812
11.2886 3.25414
11.7736 3.27016
12.2672 3.27016
12.7608 3.28825
13.2544 3.30633
13.748 3.32442
14.2416 3.34251
14.7352 3.36059
15.2288 3.37868
15.7224 3.39676
16.216 3.41485
16.7096 3.43293
17.2032 3.45102
17.6968 3.4691
18.1904 3.48719
18.684 3.50527
19.1776 3.52336
19.6712 3.54144
20.1648 3.55953
20.6584 3.57761
21.152 3.5957
21.6455 3.61378
22.1391 3.63187
22.6327 3.64995
23.1263 3.66804
23.6199 3.68612
24.1135 3.70421
24.6071 3.72229
25.1007 3.74038
25.5943 3.75846
26.0879 3.77655
26.6459 3.77655
27.2038 3.77655
27.7618 3.77655
28.3198 3.77655
30.7287 4.59047
33.1376 4.59047
35.5465 4.59047
37.9554 4.59047
40.3644 4.59047
42.7733 4.59047
45.1822 4.59047
47.5911 4.59047
50.0 4.59047
0.0 1.12794
0.529992 1.12794
1.05998 1.38524
1.58998 1.64253
2.11997 1.89982
2.64996 2.15712
3.17995 2.41441
3.70994 2.6717
4.03108 2.6717
4.35221 2.89249
4.86399 2.89249
5.37577 2.91192
5.88755 2.93134
6.39932 2.95077
6.9111 2.97019
7.42288 2.98962
7.93466 3.00904
8.44644 3.02846
8.95822 3.04789
9.47 3.06731
9.98178 3.08674
10.4936 3.10616
11.0053 3.12559
11.5171 3.14501
12.0289 3.16444
12.5407 3.18386
13.0524 3.20328
13.5642 3.22271
14.076 3.24213
14.553 3.24213
15.03 3.30337
15.5071 3.36461
15.9841 3.42584
16.4611 3.48708
16.9381 3.54831
17.4151 3.60955
17.8921 3.67079
18.3692 3.73202
18.8462 3.79326
19.3375 3.79326
19.8289 3.79326
20.3202 3.79326
20.8116 3.79326
21.3029 3.79326
21.7943 3.79326
22.2856 3.79326
22.777 3.79326
23.2683 3.79326
23.7596 3.79326
24.251 3.79326
24.7423 3.79326
25.2337 3.79326
25.725 3.79326
26.2164 3.79326
28.5947 4.39634
30.9731 4.39634
33.3515 4.39634
35.7298 4.39634
38.1082 4.39634
40.4866 4.39634
42.8649 4.39634
45.2433 4.39634
47.6216 4.39634
50.0 4.39634
0.0 1.27452
0.486279 1.27452
0.972558 1.52345
1.45884 1.77238
1.94512 2.02132
2.43139 2.27025
2.91767 2.51918
3.40395 2.76811
3.88179 2.76811
4.35963 2.82338
4.83747 2.87864
5.31531 2.93391
5.79315 2.98918
6.27099 3.04445
6.74883 3.09972
7.22667 3.15498
7.70451 3.21025
8.18235 3.26552
8.66019 3.32079
9.16162 3.32079
9.66306 3.27726
10.1645 3.23373
10.6659 3.19019
11.1674 3.14666
11.6688 3.10313
12.1703 3.0596
12.6717 3.01607
13.1731 2.97254
13.6746 2.92901
14.176 2.88547
14.6775 2.88547
15.1791 3.17032
15.6806 3.45517
16.1822 3.74002
16.6164 3.74002
17.0507 3.74002
17.4849 3.74002
19.9861 4.56148
22.4872 4.56148
24.9884 4.56148
27.4896 4.56148
29.9907 4.56148
32.4919 4.56148
34.993 4.56148
37.4942 4.56148
39.9954 4.56148
42.4965 4.56148
44.9977 4.56148
47.4988 4.56148
50.0 4.56148
0.0 1.2648
0.533384 1.2648
1.06677 1.509
1.60015 1.7532
2.13354 1.9974
2.66692 2.2416
3.20031 2.48579
3.73369 2.72999
4.23311 2.72999
4.73253 2.75956
5.23195 2.78913
5.73137 2.81869
6.2308 2.84826
6.73022 2.87783
7.22964 2.90739
7.72906 2.93696
8.22848 2.96653
8.7279 2.99609
9.27708 2.99609
9.82626 3.06603
10.3754 3.13597
10.9246 3.20591
11.4278 3.20591
11.931 3.23196
12.4341 3.25801
12.9373 3.28405
13.4405 3.3101
13.9437 3.33615
14.4468 3.36219
14.95 3.38824
15.4532 3.41428
15.9563 3.44033
16.4595 3.46638
16.9627 3.49242
17.4659 3.51847
17.969 3.54452
18.4722 3.57056
18.9754 3.59661
19.4785 3.62265
19.9817 3.6487
20.4849 3.67475
20.9881 3.70079
21.4912 3.72684
21.9944 3.75289
22.4792 3.75289
22.9639 3.75289
23.4487 3.75289
23.9335 3.75289
24.4183 3.75289
24.903 3.75289
25.3878 3.75289
25.8726 3.75289
26.3573 3.75289
26.8421 3.75289
27.3269 3.75289
27.8117 3.75289
28.2964 3.75289
30.7079 4.53539
33.1194 4.53539
35.531 4.53539
37.9425 4.53539
40.354 4.53539
42.7655 4.53539
45.177 4.53539
47.5885 4.53539
50.0 4.53539
0.0 1.22407
0.482926 1.22407
0.965851 1.46426
1.44878 1.70446
1.9317 1.94465
2.41463 2.18484
2.89755 2.42503
3.38048 2.66522
3.86341 2.90541
4.34633 3.14561
4.85236 3.14561
5.35838 3.14516
5.86441 3.14471
6.37043 3.14427
6.87646 3.14382
7.38248 3.14337
7.88851 3.14293
8.39453 3.14248
8.90056 3.14203
9.40658 3.14159
9.91261 3.14114
10.4186 3.1407
10.9247 3.14025
11.4307 3.1398
11.958 3.1398
12.4853 2.99753
13.0127 2.85527
13.5217 2.85527
14.0307 2.94062
14.5397 3.02598
15.0488 3.11133
15.5578 3.19669
16.0668 3.28204
16.5758 3.3674
17.0849 3.45275
17.5939 3.53811
18.1029 3.62346
18.6119 3.70882
19.121 3.79418
19.63 3.87953
20.139 3.96489
20.648 4.05024
21.1571 4.1356
21.6661 4.22095
22.1751 4.30631
22.6687 4.30631
23.1622 4.30631
23.6557 4.30631
24.1493 4.30631
24.6428 4.30631
25.1363 4.30631
25.6299 4.30631
26.1234 4.30631
26.617 4.30631
27.1105 4.30631
27.604 4.30631
28.0976 4.30631
28.5911 4.30631
29.0846 4.30631
29.5782 4.30631
30.0717 4.30631
32.5628 4.6236
35.0538 4.6236
37.5448 4.6236
40.0359 4.6236
42.5269 4.6236
45.0179 4.6236
47.509 4.6236
50.0 4.6236
0.0 1.2024
0.49598 1.2024
0.99196 1.42188
1.48794 1.64136
1.98392 1.86084
2.4799 2.08032
2.97588 2.29981
3.47186 2.51929
3.96784 2.73877
4.45906 2.73877
4.95028 2.77536
5.44151 2.81194
5.93273 2.84853
6.42395 2.88512
6.91517 2.92171
7.40639 2.95829
7.89761 2.99488
8.38884 3.03147
8.86957 3.03147
9.35031 3.0621
9.83105 3.09274
10.3118 3.12337
10.803 3.12337
11.2942 3.14904
11.7854 3.1747
12.2766 3.20037
12.7678 3.22604
13.2589 3.25171
13.7501 3.27738
14.2413 3.30305
14.7325 3.32871
15.2237 3.35438
15.7149 3.38005
16.2061 3.40572
16.6973 3.43139
17.1885 3.45705
17.6797 3.48272
18.1709 3.50839
18.6621 3.53406
19.1533 3.55973
19.6445 3.58539
20.1356 3.61106
20.6268 3.63673
21.118 3.6624
21.6092 3.68807
22.1004 3.71373
22.5916 3.7394
23.1073 3.7394
23.6231 3.7394
24.1388 3.7394
24.6545 3.7394
25.1702 3.7394
25.686 3.7394
26.2017 3.7394
26.7174 3.7394
27.2331 3.7394
27.7489 3.7394
28.2646 3.7394
30.6796 4.58282
33.0947 4.58282
35.5097 4.58282
37.9248 4.58282
40.3398 4.58282
42.7549 4.58282
45.1699 4.58282
47.585 4.58282
50.0 4.58282
0.0 1.16872
0.528578 1.16872
1.05716 1.42697
1.58573 1.68523
2.11431 1.94348
2.64289 2.20173
3.17147 2.45999
3.70004 2.71824
4.06743 2.71824
4.43481 2.94745
4.93107 2.94745
5.42734 2.96432
5.92361 2.98119
6.41987 2.99806
6.91614 3.01493
7.4124 3.0318
7.90867 3.04867
8.40494 3.06554
8.9012 3.08241
9.39747 3.09928
9.89373 3.11615
10.39 3.13302
10.8863 3.14989
11.3825 3.16676
11.8788 3.18363
12.3847 3.18363
12.8907 3.24862
13.3966 3.31361
13.9026 3.3786
14.4085 3.44359
14.9145 3.50858
15.4204 3.57357
15.9264 3.63857
16.4323 3.70356
16.9383 3.76855
17.4314 3.76855
17.9245 3.76855
18.4176 3.76855
18.9107 3.76855
19.4038 3.76855
19.8969 3.76855
20.39 3.76855
20.8831 3.76855
21.3763 3.76855
21.8694 3.76855
22.3625 3.76855
22.8556 3.76855
23.3487 3.76855
23.8418 3.76855
24.3349 3.76855
24.828 3.76855
25.3211 3.76855
25.8142 3.76855
26.3073 3.76855
28.9399 4.39534
31.5724 4.39534
34.2049 4.39534
36.8374 4.39534
39.4699 4.39534
42.1024 4.39534
44.735 4.39534
47.3675 4.39534
50.0 4.39534
0.0 0.954518
0.500275 0.954518
1.00055 1.37337
1.50083 1.79222
2.0011 2.21107
2.50138 2.62992
3.00165 3.04877
3.52153 3.04877
4.04141 3.02595
4.56129 3.00314
5.08117 2.98032
5.60105 2.9575
6.12093 2.93468
6.64081 2.91186
7.16068 2.88904
7.68056 2.86622
8.20044 2.84341
8.70023 2.84341
9.20002 2.91636
9.6998 2.98931
10.1996 3.06226
10.6994 3.13521
11.1992 3.20816
11.6989 3.28112
12.1987 3.35407
12.6985 3.42702
13.1983 3.49997
13.7474 3.49997
14.2965 3.45328
14.8457 3.40659
15.3948 3.3599
15.9439 3.31321
16.4414 3.31321
16.9389 3.31321
17.4365 3.31321
17.934 3.31321
18.4315 3.31321
20.8599 4.70084
23.2882 4.70084
25.7166 4.70084
28.1449 4.70084
30.5733 4.70084
33.0016 4.70084
35.4299 4.70084
37.8583 4.70084
40.2866 4.70084
42.715 4.70084
45.1433 4.70084
47.5717 4.70084
50.0 4.70084
0.0 1.28957
0.489155 1.28957
0.978309 1.56488
1.46746 1.84019
1.95662 2.1155
2.44577 2.39081
2.93493 2.66612
3.42408 2.94143
3.91402 2.94143
4.40396 2.98331
4.8939 3.02519
5.38384 3.06706
5.87378 3.10894
6.36373 3.15081
6.85367 3.19269
7.34361 3.23457
7.83355 3.27644
8.32349 3.31832
8.81343 3.36019
9.34533 3.36019
9.87723 3.38571
10.4091 3.41122
10.941 3.43673
11.4729 3.46225
12.0048 3.48776
12.5367 3.51328
13.0277 3.51328
13.5187 3.53439
14.0096 3.5555
14.5006 3.57661
14.9915 3.59772
15.4825 3.61883
15.9735 3.63994
16.4644 3.66105
16.9554 3.68216
17.4463 3.70328
17.9373 3.72439
18.4282 3.7455
18.9189 3.7455
19.4095 3.7455
19.9001 3.7455
20.3907 3.7455
20.8813 3.7455
23.3079 4.61704
25.7344 4.61704
28.161 4.61704
30.5875 4.61704
33.0141 4.61704
35.4406 4.61704
37.8672 4.61704
40.2938 4.61704
42.7203 4.61704
45.1469 4.61704
47.5734 4.61704
50.0 4.61704
0.0 1.30497
0.489913 1.30497
0.979825 1.6203
1.46974 1.93563
1.95965 2.25096
2.44956 2.56629
2.93948 2.88162
3.46176 2.88162
3.98405 2.927
4.50633 2.97239
5.02862 3.01777
5.5509 3.06316
6.07319 3.10854
6.59547 3.15393
7.11776 3.19931
7.64004 3.2447
8.16233 3.29008
8.68461 3.33547
9.17086 3.33547
9.6571 3.34979
10.1433 3.3641
10.6296 3.37842
11.1158 3.39274
11.6021 3.40706
12.0883 3.42138
12.5746 3.4357
13.0608 3.45001
13.547 3.46433
14.0333 3.47865
14.5439 3.47865
15.0544 3.51495
15.565 3.55126
16.0755 3.58756
16.5861 3.62386
17.0967 3.66016
17.6072 3.69647
18.1178 3.73277
18.6559 3.73277
19.194 3.73277
19.7322 3.73277
20.2703 3.73277
20.8084 3.73277
23.241 4.62281
25.6737 4.62281
28.1063 4.62281
30.5389 4.62281
32.9716 4.62281
35.4042 4.62281
37.8368 4.62281
40.2695 4.62281
42.7021 4.62281
45.1347 4.62281
47.5674 4.62281
50.0 4.62281
0.0 1.1504
0.486694 1.1504
0.973389 1.38041
1.46008 1.61041
1.94678 1.84042
2.43347 2.07043
2.92017 2.30043
3.40686 2.53044
3.89355 2.76045
4.414 2.76045
4.93444 2.78602
5.45489 2.81159
5.97533 2.83716
6.49578 2.86273
7.01622 2.8883
7.53667 2.91388
8.05711 2.93945
8.57756 2.96502
9.09111 2.96502
9.60466 3.00114
10.1182 3.03726
10.6318 3.07338
11.1453 3.1095
11.6589 3.14562
12.1724 3.18175
12.686 3.21787
13.1995 3.25399
13.7131 3.29011
14.1875 3.29011
14.662 3.35329
15.1365 3.41647
15.6109 3.47966
16.0854 3.54284
16.5598 3.60602
17.0343 3.6692
17.5088 3.73239
17.9953 3.73239
18.4819 3.73239
18.9685 3.73239
19.4551 3.73239
19.9417 3.73239
20.4282 3.73239
20.9148 3.73239
21.4014 3.73239
21.888 3.73239
22.3746 3.73239
22.8612 3.73239
23.3477 3.73239
23.8343 3.73239
24.3209 3.73239
24.8075 3.73239
25.2941 3.73239
25.7807 3.73239
26.2672 3.73239
28.9042 4.38788
31.5412 4.38788
34.1782 4.38788
36.8151 4.38788
39.4521 4.38788
42.0891 4.38788
44.7261 4.38788
47.363 4.38788
50.0 4.38788
0.0 1.30284
0.491301 1.30284
0.982603 1.54817
1.4739 1.79349
1.96521 2.03881
2.45651 2.28414
2.94781 2.52946
3.43911 2.77478
3.93918 2.77478
4.43925 2.82443
4.93932 2.87408
5.43939 2.92373
5.93946 2.97337
6.43953 3.02302
6.9396 3.07267
7.43967 3.12231
7.93974 3.17196
8.43981 3.22161
8.93988 3.27125
9.43995 3.3209
9.96301 3.3209
10.4861 3.34973
11.0091 3.37857
11.5322 3.4074
12.0552 3.43623
12.5783 3.46506
13.1014 3.49389
13.6244 3.52273
14.1475 3.55156
14.6705 3.58039
15.1633 3.58039
15.656 3.60578
16.1487 3.63117
16.6415 3.65655
17.1342 3.68194
17.6269 3.70733
18.1197 3.73272
18.6124 3.75811
19.1051 3.7835
19.5505 3.7835
19.9959 3.7835
20.4414 3.7835
20.8868 3.7835
23.3129 4.61086
25.739 4.61086
28.1651 4.61086
30.5912 4.61086
33.0173 4.61086
35.4434 4.61086
37.8695 4.61086
40.2956 4.61086
42.7217 4.61086
45.1478 4.61086
47.5739 4.61086
50.0 4.61086
0.0 1.27003
0.489882 1.27003
0.979764 1.57341
1.46965 1.8768
1.95953 2.18018
2.44941 2.48357
2.93929 2.78695
3.45206 2.78695
3.96482 2.83343
4.47758 2.8799
4.99035 2.92638
5.50311 2.97286
6.01588 3.01933
6.52864 3.06581
7.04141 3.11229
7.55417 3.15876
8.06694 3.20524
8.5797 3.25172
9.09247 3.2982
9.60523 3.34467
10.118 3.39115
10.6319 3.39115
11.1459 3.40962
11.6598 3.42809
12.1737 3.44657
12.6876 3.46504
13.2016 3.48351
13.7155 3.50199
14.2294 3.52046
14.7434 3.53893
15.2573 3.5574
15.7712 3.57588
16.281 3.57588
16.7907 3.61728
17.3005 3.65868
17.8102 3.70009
18.32 3.74149
18.8297 3.78289
19.3395 3.82429
19.8493 3.8657
20.4034 3.8657
20.9576 3.8657
23.3778 4.5341
25.798 4.5341
28.2182 4.5341
30.6384 4.5341
33.0586 4.5341
35.4788 4.5341
37.899 4.5341
40.3192 4.5341
42.7394 4.5341
45.1596 4.5341
47.5798 4.5341
50.0 4.5341
0.0 1.16852
0.531944 1.16852
1.06389 1.42979
1.59583 1.69106
2.12778 1.95233
2.65972 2.2136
3.19166 2.47487
3.72361 2.73614
4.19801 2.73614
4.67241 2.7622
5.14682 2.78826
5.62122 2.81432
6.09562 2.84039
6.57002 2.86645
7.04442 2.89251
7.51883 2.91857
7.98773 2.91857
8.45664 2.94627
8.92555 2.97398
9.39445 3.00168
9.86336 3.02938
10.3584 3.02938
10.8535 3.06493
11.3486 3.10049
11.8436 3.13604
12.3387 3.17159
12.8337 3.20715
13.3288 3.2427
13.8239 3.27825
14.3189 3.3138
14.814 3.34936
15.3091 3.38491
15.8041 3.42046
16.2992 3.45602
16.7943 3.49157
17.2893 3.52712
17.7844 3.56268
18.2794 3.59823
18.7745 3.63378
19.2696 3.66934
19.7646 3.70489
20.2597 3.74044
20.7548 3.776
21.2538 3.776
21.7528 3.776
22.2517 3.776
22.7507 3.776
23.2497 3.776
23.7487 3.776
24.2477 3.776
24.7467 3.776
25.2457 3.776
25.7447 3.776
26.2437 3.776
26.7427 3.776
27.2417 3.776
27.7406 3.776
28.2396 3.776
30.6575 4.63785
33.0753 4.63785
35.4931 4.63785
37.9109 4.63785
40.3287 4.63785
42.7465 4.63785
45.1644 4.63785
47.5822 4.63785
50.0 4.63785
0.0 1.14965
0.465916 1.14965
0.931833 1.4068
1.39775 1.66395
1.86367 1.9211
2.32958 2.17825
2.7955 2.43539
3.26141 2.69254
3.75684 2.69254
4.25226 2.73308
4.74768 2.77361
5.2431 2.81414
5.73852 2.85468
6.23395 2.89521
6.72937 2.93574
7.22479 2.97628
7.72712 2.97628
8.22945 2.98045
8.73178 2.98462
9.23411 2.98879
9.73645 2.99296
10.2388 2.99713
10.7477 2.99713
11.2565 3.03884
11.7654 3.08055
12.2743 3.12226
12.7832 3.16398
13.2921 3.20569
13.801 3.2474
14.3099 3.28911
14.8187 3.33082
15.3276 3.37253
15.8365 3.41424
16.3454 3.45595
16.8543 3.49766
17.3632 3.53938
17.8721 3.58109
18.3809 3.6228
18.8898 3.66451
19.3987 3.70622
19.9076 3.74793
20.4165 3.78964
20.9072 3.78964
21.3979 3.78964
21.8887 3.78964
22.3794 3.78964
22.8701 3.78964
23.3609 3.78964
23.8516 3.78964
24.3423 3.78964
24.8331 3.78964
25.3238 3.78964
25.8145 3.78964
26.3052 3.78964
26.796 3.78964
27.2867 3.78964
27.7774 3.78964
28.2682 3.78964
30.6828 4.62268
33.0975 4.62268
35.5121 4.62268
37.9268 4.62268
40.3414 4.62268
42.7561 4.62268
45.1707 4.62268
47.5854 4.62268
50.0 4.62268
0.0 1.32693
0.520165 1.32693
1.04033 1.56843
1.56049 1.80992
2.08066 2.05142
2.60082 2.29292
3.12099 2.53442
3.64115 2.77592
4.12682 2.77592
4.61249 2.81493
5.09815 2.85393
5.58382 2.89294
6.06948 2.93195
6.55515 2.97096
7.04081 3.00997
7.52648 3.04898
8.01214 3.08799
8.49781 3.12699
8.98347 3.166
9.46914 3.20501
9.95481 3.24402
10.4405 3.28303
10.9261 3.32204
11.4118 3.36105
11.929 3.36105
12.4462 3.38088
12.9634 3.40071
13.4806 3.42055
13.9978 3.44038
14.515 3.46022
15.0322 3.48005
15.5494 3.49989
16.0666 3.51972
16.5839 3.53955
17.1011 3.55939
17.6183 3.57922
18.1355 3.59906
18.6633 3.59906
19.1911 3.71218
19.7189 3.82531
20.3319 3.82531
20.9449 3.82531
23.3662 4.54895
25.7874 4.54895
28.2087 4.54895
30.6299 4.54895
33.0512 4.54895
35.4725 4.54895
37.8937 4.54895
40.315 4.54895
42.7362 4.54895
45.1575 4.54895
47.5787 4.54895
50.0 4.54895
0.0 1.12433
0.495248 1.12433
0.990497 1.38615
1.48575 1.64798
1.98099 1.9098
2.47624 2.17162
2.97149 2.43344
3.46674 2.69527
3.95251 2.69527
4.43829 2.75711
4.92406 2.81896
5.40983 2.88081
5.89561 2.94266
6.38138 3.0045
6.87034 3.0045
7.3593 2.99238
7.84826 2.98027
8.33723 2.96815
8.82619 2.95603
9.31515 2.94391
9.81872 2.94391
10.3223 2.97262
10.8259 3.00133
11.3295 3.03003
11.833 3.05874
12.3366 3.08745
12.8402 3.11616
13.3438 3.14487
13.8473 3.17358
14.3509 3.20228
14.8545 3.23099
15.3581 3.2597
15.8617 3.28841
16.3652 3.31712
16.8688 3.34583
17.3724 3.37453
17.876 3.40324
18.3795 3.43195
18.8831 3.46066
19.3867 3.48937
19.8903 3.51808
20.3938 3.54679
20.8974 3.57549
21.401 3.6042
21.9046 3.63291
22.4082 3.66162
22.9117 3.69033
23.4153 3.71904
23.9189 3.74774
24.4225 3.77645
24.926 3.80516
25.4296 3.83387
25.9332 3.86258
26.4368 3.89129
26.9404 3.91999
27.5594 3.91999
28.1785 3.91999
30.6031 4.63093
33.0277 4.63093
35.4523 4.63093
37.8769 4.63093
40.3016 4.63093
42.7262 4.63093
45.1508 4.63093
47.5754 4.63093
50.0 4.63093
0.0 1.09188
0.514483 1.09188
1.02897 1.36204
1.54345 1.63221
2.05793 1.90238
2.57241 2.17255
3.0869 2.44271
3.60138 2.71288
4.06752 2.71288
4.53366 2.82743
4.9998 2.94198
5.46594 3.05654
5.98246 3.05654
6.49897 3.03889
7.01549 3.02123
7.53201 3.00358
8.04853 2.98593
8.56504 2.96828
9.08156 2.95063
9.59808 2.93298
10.1146 2.91533
10.6311 2.89768
11.1314 2.89768
11.6317 2.95089
12.132 3.0041
12.6323 3.0573
13.1326 3.11051
13.6329 3.16372
14.1332 3.21693
14.6335 3.27014
15.1338 3.32334
15.6341 3.37655
16.1344 3.42976
16.6347 3.48297
17.135 3.53618
17.6353 3.58938
18.1356 3.64259
18.6359 3.6958
19.1362 3.74901
19.6365 3.80222
20.1368 3.85542
20.6371 3.90863
21.1429 3.90863
21.6487 3.90863
22.1545 3.90863
22.6603 3.90863
23.166 3.90863
23.6718 3.90863
24.1776 3.90863
24.6834 3.90863
25.1892 3.90863
25.695 3.90863
26.2008 3.90863
26.7066 3.90863
27.2123 3.90863
27.7181 3.90863
28.2239 3.90863
30.6435 4.61581
33.063 4.61581
35.4826 4.61581
37.9022 4.61581
40.3217 4.61581
42.7413 4.61581
45.1609 4.61581
47.5804 4.61581
50.0 4.61581
0.0 1.30999
0.517647 1.30999
1.03529 1.56889
1.55294 1.8278
2.07059 2.0867
2.58823 2.3456
3.10588 2.60451
3.62353 2.86341
4.12907 2.86341
4.63462 2.90439
5.14016 2.94537
5.64571 2.98635
6.15125 3.02734
6.6568 3.06832
7.16235 3.1093
7.66789 3.15028
8.17344 3.19126
8.67898 3.23224
9.18453 3.27322
9.69007 3.31421
10.1956 3.35519
10.7012 3.39617
11.1802 3.39617
11.6593 3.4265
12.1383 3.45683
12.6174 3.48716
13.0965 3.51749
13.5755 3.54782
14.0546 3.57815
14.5336 3.60848
15.0127 3.63881
15.4917 3.66914
15.9708 3.69947
16.5841 3.69947
17.1974 3.84801
17.7193 3.84801
18.2411 3.84801
18.763 3.84801
19.2848 3.84801
19.8067 3.84801
20.3285 3.84801
20.8504 3.84801
23.2795 4.57311
25.7087 4.57311
28.1378 4.57311
30.5669 4.57311
32.9961 4.57311
35.4252 4.57311
37.8543 4.57311
40.2835 4.57311
42.7126 4.57311
45.1417 4.57311
47.5709 4.57311
50.0 4.57311
0.0 1.01871
0.510598 1.01871
1.0212 1.41283
1.53179 1.80695
2.04239 2.20106
2.55299 2.59518
3.06359 2.9893
3.52202 2.9893
3.98044 2.95673
4.43887 2.92416
4.89729 2.8916
5.35572 2.85903
5.81414 2.82646
6.3147 2.82646
6.81526 2.86102
7.31582 2.89557
7.81638 2.93013
8.31693 2.96468
8.81749 2.99923
9.31805 3.03379
9.81861 3.06834
10.3192 3.1029
10.8197 3.13745
11.3203 3.172
11.8208 3.20656
12.3214 3.24111
12.822 3.27567
13.3225 3.31022
13.8231 3.34477
14.3236 3.37933
14.8242 3.41388
15.3398 3.41388
15.8553 3.28252
16.3709 3.15115
16.8803 3.15115
17.3898 3.15115
17.8992 3.15115
18.4086 3.15115
20.8387 4.69399
23.2688 4.69399
25.6989 4.69399
28.129 4.69399
30.5591 4.69399
32.9892 4.69399
35.4193 4.69399
37.8495 4.69399
40.2796 4.69399
42.7097 4.69399
45.1398 4.69399
47.5699 4.69399
50.0 4.69399
0.0 1.296
0.48928 1.296
0.97856 1.61223
1.46784 1.92847
1.95712 2.2447
2.4464 2.56094
2.93568 2.87717
3.44725 2.87717
3.95883 2.92987
4.4704 2.98256
4.98198 3.03526
5.49355 3.08796
6.00513 3.14066
6.5167 3.19335
7.02827 3.24605
7.53985 3.29875
8.05142 3.35144
8.563 3.40414
9.07457 3.45684
9.57926 3.45684
10.0839 3.47499
10.5886 3.49313
11.0933 3.51128
11.598 3.52943
12.1027 3.54758
12.6074 3.56572
13.1121 3.58387
13.6167 3.60202
14.1214 3.62016
14.6261 3.63831
15.1254 3.63831
15.6246 3.69867
16.1238 3.75902
16.6231 3.81937
17.1223 3.87973
17.6216 3.94008
18.1603 3.94008
18.6991 3.94008
19.2379 3.94008
19.7766 3.94008
20.3154 3.94008
20.8542 3.94008
23.283 4.67439
25.7118 4.67439
28.1406 4.67439
30.5695 4.67439
32.9983 4.67439
35.4271 4.67439
37.8559 4.67439
40.2847 4.67439
42.7135 4.67439
45.1424 4.67439
47.5712 4.67439
50.0 4.67439
0.0 1.33965
0.518731 1.33965
1.03746 1.63141
1.55619 1.92316
2.07492 2.21492
2.59365 2.50668
3.11238 2.79843
3.58894 2.79843
4.0655 2.87181
4.54205 2.94519
5.01861 3.01856
5.49516 3.09194
5.97172 3.16531
6.44827 3.23869
6.92483 3.31207
7.40138 3.38544
7.87794 3.45882
8.35432 3.45882
8.83071 3.47615
9.3071 3.49348
9.78349 3.51081
10.2599 3.52815
10.7363 3.54548
11.2126 3.56281
11.6966 3.56281
12.1805 3.5844
12.6645 3.60599
13.1484 3.62758
13.6324 3.64917
14.1163 3.67076
14.6003 3.69235
15.0842 3.71393
15.5682 3.73552
16.0521 3.75711
16.5361 3.7787
17.02 3.80029
17.504 3.82188
17.9879 3.84347
18.4719 3.86506
18.9255 3.86506
19.3791 3.86506
19.8327 3.86506
20.2863 3.86506
20.7399 3.86506
23.1782 4.63061
25.6166 4.63061
28.0549 4.63061
30.4932 4.63061
32.9316 4.63061
35.3699 4.63061
37.8083 4.63061
40.2466 4.63061
42.685 4.63061
45.1233 4.63061
47.5617 4.63061
50.0 4.63061
0.0 1.37182
0.520684 1.37182
1.04137 1.66444
1.56205 1.95706
2.08274 2.24968
2.60342 2.5423
3.12411 2.83492
3.61322 2.83492
4.10233 2.87334
4.59144 2.91176
5.08055 2.95017
5.56966 2.98859
6.05877 3.02701
6.54788 3.06543
7.03699 3.10385
7.5261 3.14227
8.01521 3.18069
8.50432 3.21911
8.99343 3.25753
9.48254 3.29595
9.97165 3.33437
10.4608 3.37278
10.9499 3.4112
11.439 3.44962
11.9282 3.44962
12.4175 3.47088
12.9068 3.49215
13.396 3.51341
13.8853 3.53467
14.3745 3.55593
14.8903 3.55593
15.406 3.60163
15.9218 3.64732
16.4375 3.69301
16.9532 3.73871
17.469 3.7844
17.9847 3.83009
18.5005 3.87579
18.9537 3.87579
19.4069 3.87579
19.8602 3.87579
20.3134 3.87579
20.7667 3.87579
23.2028 4.63326
25.6389 4.63326
28.075 4.63326
30.5111 4.63326
32.9472 4.63326
35.3833 4.63326
37.8194 4.63326
40.2556 4.63326
42.6917 4.63326
45.1278 4.63326
47.5639 4.63326
50.0 4.63326
0.0 1.43135
0.533848 1.43135
1.0677 1.66391
1.60154 1.89648
2.13539 2.12904
2.66924 2.36161
3.20309 2.59417
3.73693 2.82674
4.26148 2.82674
4.78603 2.91024
5.31058 2.99374
5.83513 3.07725
6.35968 3.16075
6.88423 3.24425
7.40878 3.32776
7.93333 3.41126
8.44481 3.41126
8.9563 3.42103
9.46778 3.4308
9.97927 3.44057
10.4908 3.45034
11.0022 3.46011
11.5137 3.46988
12.0252 3.47965
12.5367 3.48942
13.0482 3.49919
13.5597 3.50896
14.0711 3.51873
14.5826 3.5285
15.0941 3.53827
15.6056 3.54804
16.1482 3.54804
16.6908 3.61292
17.2334 3.6778
17.776 3.74269
18.3186 3.80757
18.8301 3.80757
19.3417 3.80757
19.8532 3.80757
20.3648 3.80757
20.8763 3.80757
23.3033 4.61052
25.7302 4.61052
28.1572 4.61052
30.5842 4.61052
33.0112 4.61052
35.4381 4.61052
37.8651 4.61052
40.2921 4.61052
42.7191 4.61052
45.146 4.61052
47.573 4.61052
50.0 4.61052
0.0 1.14218
0.471808 1.14218
0.943616 1.43794
1.41542 1.7337
1.88723 2.02946
2.35904 2.32521
2.83085 2.62097
3.30266 2.91673
3.77672 2.91673
4.25079 2.86742
4.72485 2.81811
5.19892 2.7688
5.67299 2.71948
6.19037 2.71948
6.70775 2.74625
7.22513 2.77302
7.7425 2.79979
8.25988 2.82656
8.77726 2.85333
9.29464 2.8801
9.81202 2.90687
10.3294 2.93364
10.8468 2.9604
11.364 2.9604
11.8812 3.02019
12.3984 3.07997
12.9156 3.13976
13.4328 3.19954
13.95 3.25932
14.4672 3.31911
14.9845 3.37889
15.5017 3.43868
15.9698 3.43868
16.4379 3.43868
16.906 3.43868
17.3742 3.43868
17.8423 3.43868
18.3104 3.43868
18.7785 3.43868
21.3803 4.54081
23.9821 4.54081
26.5839 4.54081
29.1857 4.54081
31.7875 4.54081
34.3893 4.54081
36.9911 4.54081
39.5928 4.54081
42.1946 4.54081
44.7964 4.54081
47.3982 4.54081
50.0 4.54081
0.0 0.983733
0.53333 0.983733
1.06666 1.45295
1.59999 1.92217
2.13332 2.39139
2.66665 2.86061
3.19114 2.86061
3.71563 2.84065
4.24012 2.8207
4.76461 2.80075
5.27159 2.80075
5.77857 2.87737
6.28554 2.954
6.79252 3.03063
7.2995 3.10726
7.80647 3.18389
8.31345 3.26052
8.82043 3.33715
9.29749 3.33715
9.77456 3.33311
10.2516 3.32908
10.7287 3.32504
11.2058 3.321
11.7221 3.321
12.2384 3.321
12.7548 3.321
13.2711 3.321
13.7875 3.321
14.3038 3.321
14.8201 3.321
15.3365 3.321
15.8528 3.321
16.3692 3.321
16.8855 3.321
17.4018 3.321
17.9182 3.321
18.4345 3.321
20.8626 4.68819
23.2907 4.68819
25.7189 4.68819
28.147 4.68819
30.5751 4.68819
33.0032 4.68819
35.4313 4.68819
37.8594 4.68819
40.2875 4.68819
42.7157 4.68819
45.1438 4.68819
47.5719 4.68819
50.0 4.68819
0.0 1.08828
0.467628 1.08828
0.935256 1.39502
1.40288 1.70176
1.87051 2.0085
2.33814 2.31524
2.80577 2.62197
3.27339 2.92871
3.78878 2.92871
4.30416 2.9163
4.81955 2.90389
5.33493 2.89148
5.85032 2.87907
6.3657 2.86666
6.88108 2.85425
7.37662 2.85425
7.87215 2.94989
8.36768 3.04554
8.86322 3.14118
9.35873 3.14118
9.85424 3.15648
10.3498 3.17179
10.8453 3.18709
11.3408 3.20239
11.8363 3.2177
12.3318 3.233
12.8273 3.2483
13.3228 3.26361
13.8231 3.26361
14.3234 3.26361
14.8236 3.26361
15.3239 3.26361
15.8241 3.26361
16.3244 3.26361
16.8246 3.26361
17.3249 3.26361
17.8251 3.26361
20.3001 4.49042
22.7751 4.49042
25.2501 4.49042
27.7251 4.49042
30.2001 4.49042
32.6751 4.49042
35.1501 4.49042
37.625 4.49042
40.1 4.49042
42.575 4.49042
45.05 4.49042
47.525 4.49042
50.0 4.49042
0.0 0.960632
0.469784 0.960632
0.939567 1.347
1.40935 1.73337
1.87913 2.11974
2.34892 2.50611
2.8187 2.89248
3.33086 2.89248
3.84302 2.89354
4.35518 2.89459
4.86734 2.89565
5.36249 2.89565
5.85763 2.94806
6.35278 3.00046
6.84793 3.05287
7.34307 3.10527
7.83822 3.15768
8.33337 3.21008
8.82851 3.26249
9.31999 3.26249
9.81147 3.27146
10.3029 3.28043
10.7944 3.2894
11.2859 3.29838
11.7774 3.30735
12.2689 3.31632
12.7603 3.32529
13.2813 3.32529
13.8023 3.32529
14.3233 3.32529
14.8442 3.32529
15.3652 3.32529
15.8862 3.32529
16.4072 3.32529
16.9281 3.32529
17.4491 3.32529
17.9701 3.32529
18.4911 3.32529
20.9148 4.71912
23.3386 4.71912
25.7623 4.71912
28.1861 4.71912
30.6099 4.71912
33.0336 4.71912
35.4574 4.71912
37.8812 4.71912
40.3049 4.71912
42.7287 4.71912
45.1525 4.71912
47.5762 4.71912
50.0 4.71912
0.0 1.02899
0.539066 1.02899
1.07813 1.51116
1.6172 1.99332
2.15626 2.47548
2.69533 2.95764
3.19079 2.95764
3.68625 2.93834
4.18171 2.91903
4.67646 2.91903
5.17122 2.97033
5.66598 3.02162
6.16074 3.07292
6.65549 3.12422
7.15025 3.17551
7.64501 3.22681
8.13977 3.27811
8.70837 3.27811
9.27698 3.31949
9.84559 3.36088
10.3582 3.36088
10.8707 3.36088
11.3833 3.36088
11.8959 3.36088
12.4084 3.36088
12.921 3.36088
13.4336 3.36088
13.9461 3.36088
14.4587 3.36088
14.9713 3.36088
15.4838 3.36088
15.9964 3.36088
16.509 3.36088
17.0215 3.36088
17.5341 3.36088
18.0467 3.36088
18.5592 3.36088
20.9778 4.66786
23.3963 4.66786
25.8148 4.66786
28.2333 4.66786
30.6518 4.66786
33.0704 4.66786
35.4889 4.66786
37.9074 4.66786
40.3259 4.66786
42.7444 4.66786
45.163 4.66786
47.5815 4.66786
50.0 4.66786
0.0 1.55465
0.510916 1.55465
1.02183 1.75093
1.53275 1.9472
2.04367 2.14347
2.55458 2.33974
3.0655 2.53601
3.57641 2.73229
4.09086 2.73229
4.60531 2.77487
5.11976 2.81746
5.6342 2.86004
6.14865 2.90263
6.6631 2.94521
7.17755 2.9878
7.692 3.03038
8.20644 3.07297
8.72089 3.11556
9.23534 3.15814
9.74979 3.20073
10.2642 3.24331
10.7693 3.24331
11.2743 3.21419
11.7794 3.18506
12.2844 3.15593
12.7895 3.1268
13.2945 3.09767
13.7996 3.06855
14.3046 3.03942
14.8097 3.01029
15.3506 3.01029
15.8915 3.23352
16.4324 3.45674
16.9733 3.67997
17.252 3.67997
17.5307 3.67997
20.0284 4.44636
22.526 4.44636
25.0236 4.44636
27.5213 4.44636
30.0189 4.44636
32.5166 4.44636
35.0142 4.44636
37.5118 4.44636
40.0095 4.44636
42.5071 4.44636
45.0047 4.44636
47.5024 4.44636
50.0 4.44636
0.0 1.02588
0.521998 1.02588
1.044 1.31424
1.56599 1.6026
2.08799 1.89096
2.60999 2.17932
3.13199 2.46767
3.65399 2.75603
4.1044 2.75603
4.55482 2.83488
5.00524 2.91373
5.45565 2.99257
5.90607 3.07142
6.39327 3.07142
6.88048 3.05905
7.36768 3.04668
7.85488 3.03431
8.34208 3.02195
8.82929 3.00958
9.31649 2.99721
9.80369 2.98484
10.2909 2.97247
10.7781 2.96011
11.2819 2.96011
11.7857 3.0121
12.2894 3.06409
12.7932 3.11608
13.297 3.16807
13.8008 3.22006
14.3045 3.27205
14.8083 3.32405
15.3121 3.37604
15.8159 3.42803
16.3197 3.48002
16.8234 3.53201
17.3272 3.584
17.831 3.63599
18.3348 3.68799
18.8386 3.73998
19.3423 3.79197
19.8461 3.84396
20.3499 3.89595
20.8462 3.89595
21.3425 3.89595
21.8388 3.89595
22.3351 3.89595
22.8314 3.89595
23.3276 3.89595
23.8239 3.89595
24.3202 3.89595
24.8165 3.89595
25.3128 3.89595
25.8091 3.89595
26.3054 3.89595
26.8017 3.89595
27.298 3.89595
27.7943 3.89595
28.2906 3.89595
30.7027 4.59387
33.1149 4.59387
35.527 4.59387
37.9392 4.59387
40.3514 4.59387
42.7635 4.59387
45.1757 4.59387
47.5878 4.59387
50.0 4.59387
0.0 1.14139
0.496781 1.14139
0.993562 1.48026
1.49034 1.81913
1.98712 2.158
2.4839 2.49688
2.98069 2.83575
3.50715 2.83575
4.03362 2.81315
4.56008 2.79056
5.08655 2.76796
5.61302 2.74536
6.13948 2.72276
6.69257 2.72276
7.24566 2.81619
7.79876 2.90962
8.35185 3.00305
8.83733 3.00305
9.32281 3.04222
9.80829 3.08138
10.2938 3.12055
10.7793 3.15972
11.2647 3.19889
11.7502 3.23805
12.2357 3.27722
12.7212 3.31639
13.2067 3.35555
13.6922 3.39472
14.1776 3.43389
14.6692 3.43389
15.1608 3.43389
15.6524 3.43389
16.144 3.43389
16.6356 3.43389
17.1272 3.43389
17.6188 3.43389
18.1105 3.43389
18.6021 3.43389
21.0173 4.53241
23.4325 4.53241
25.8477 4.53241
28.263 4.53241
30.6782 4.53241
33.0934 4.53241
35.5086 4.53241
37.9239 4.53241
40.3391 4.53241
42.7543 4.53241
45.1695 4.53241
47.5848 4.53241
50.0 4.53241
0.0 1.41399
0.536055 1.41399
1.07211 1.69512
1.60816 1.97625
2.14422 2.25738
2.68027 2.53851
3.21633 2.81964
3.69349 2.81964
4.17065 2.89122
4.64781 2.96279
5.12497 3.03437
5.60213 3.10594
6.07929 3.17752
6.55645 3.24909
7.03361 3.32067
7.51077 3.39224
8.02365 3.39224
8.53653 3.40749
9.04941 3.42274
9.56229 3.43799
10.0752 3.45324
10.588 3.46848
11.1009 3.48373
11.6138 3.49898
12.1267 3.51423
12.6396 3.52948
13.1525 3.54473
13.6511 3.54473
14.1497 3.61277
14.6483 3.68081
15.1469 3.74885
15.6455 3.8169
16.1441 3.88494
16.6194 3.88494
17.0948 3.88494
17.5701 3.88494
18.0455 3.88494
18.5208 3.88494
18.9962 3.88494
19.4715 3.88494
19.9469 3.88494
20.4222 3.88494
20.8976 3.88494
23.3228 4.70064
25.748 4.70064
28.1732 4.70064
30.5984 4.70064
33.0236 4.70064
35.4488 4.70064
37.874 4.70064
40.2992 4.70064
42.7244 4.70064
45.1496 4.70064
47.5748 4.70064
50.0 4.70064
0.0 1.10176
0.477377 1.10176
0.954754 1.41404
1.43213 1.72632
1.90951 2.0386
2.38689 2.35088
2.86426 2.66317
3.34164 2.97545
3.81342 2.97545
4.28521 2.95579
4.75699 2.93613
5.22878 2.91648
5.70056 2.89682
6.17235 2.87716
6.64413 2.85751
7.18945 2.85751
7.73477 2.9502
8.2801 3.04289
8.82542 3.13558
9.33202 3.13558
9.83862 3.15056
10.3452 3.16553
10.8518 3.1805
11.3584 3.19547
11.865 3.21045
12.3716 3.22542
12.8782 3.24039
13.3748 3.24039
13.8714 3.24039
14.368 3.24039
14.8647 3.24039
15.3613 3.24039
15.8579 3.24039
16.3545 3.24039
16.8511 3.24039
17.3477 3.24039
17.8443 3.24039
20.3178 4.51151
22.7913 4.51151
25.2649 4.51151
27.7384 4.51151
30.2119 4.51151
32.6854 4.51151
35.1589 4.51151
37.6324 4.51151
40.1059 4.51151
42.5795 4.51151
45.053 4.51151
47.5265 4.51151
50.0 4.51151
0.0 1.04955
0.521529 1.04955
1.04306 1.3917
1.56459 1.73386
2.08611 2.07602
2.60764 2.41817
3.12917 2.76033
3.59961 2.76033
4.07004 2.86855
4.54048 2.97677
5.01091 3.085
5.51269 3.085
6.01447 3.06531
6.51625 3.04562
7.01803 3.02593
7.51981 3.00625
8.02159 2.98656
8.52337 2.96687
9.02515 2.94718
9.52693 2.9275
10.0199 2.9275
10.5128 2.95977
11.0057 2.99204
11.4987 3.02431
11.9916 3.05658
12.4845 3.08885
12.9775 3.12112
13.4704 3.15339
13.9633 3.18567
14.4563 3.21794
14.9492 3.25021
15.4421 3.28248
15.935 3.31475
16.428 3.34702
16.9209 3.37929
17.4138 3.41156
17.9068 3.44383
18.3997 3.4761
18.8926 3.50838
19.3856 3.54065
19.8785 3.57292
20.3714 3.60519
20.8644 3.63746
21.3573 3.66973
21.8502 3.702
22.3432 3.73427
22.8361 3.76654
23.329 3.79881
23.822 3.83109
24.3149 3.86336
24.8078 3.89563
25.3008 3.9279
25.7937 3.96017
26.2817 3.96017
26.7697 3.96017
27.2577 3.96017
27.7457 3.96017
28.2337 3.96017
30.6521 4.65065
33.0706 4.65065
35.4891 4.65065
37.9076 4.65065
40.3261 4.65065
42.7446 4.65065
45.163 4.65065
47.5815 4.65065
50.0 4.65065
0.0 1.13205
0.525108 1.13205
1.05022 1.47868
1.57533 1.8253
2.10043 2.17193
2.62554 2.51855
3.15065 2.86518
3.67031 2.86518
4.18996 2.86372
4.70962 2.86225
5.22927 2.86079
5.74893 2.85932
6.26858 2.85786
6.78824 2.8564
7.27037 2.8564
7.75251 2.96754
8.23465 3.07868
8.73726 3.07868
9.23987 3.11267
9.74248 3.14666
10.2451 3.18065
10.7477 3.21464
11.2503 3.24863
11.7529 3.28262
12.2555 3.31661
12.7581 3.3506
13.2608 3.38458
13.7446 3.38458
14.2285 3.38458
14.7123 3.38458
15.1962 3.38458
15.68 3.38458
16.1639 3.38458
16.6477 3.38458
17.1316 3.38458
17.6154 3.38458
18.0993 3.38458
18.5831 3.38458
20.9998 4.55882
23.4165 4.55882
25.8332 4.55882
28.2498 4.55882
30.6665 4.55882
33.0832 4.55882
35.4999 4.55882
37.9166 4.55882
40.3333 4.55882
42.7499 4.55882
45.1666 4.55882
47.5833 4.55882
50.0 4.55882
0.0 1.07436
0.530584 1.07436
1.06117 1.44832
1.59175 1.82228
2.12233 2.19624
2.65292 2.5702
3.1835 2.94415
3.67035 2.94415
4.1572 2.92778
4.64405 2.9114
5.1309 2.89502
5.61776 2.87864
6.17313 2.87864
6.72851 2.97983
7.28389 3.08102
7.83927 3.18221
8.34468 3.18221
8.85009 3.19017
9.3555 3.19814
9.86091 3.2061
10.3663 3.21406
10.8717 3.22202
11.3771 3.22999
11.8826 3.23795
12.388 3.24591
12.8934 3.25387
13.3988 3.26184
13.9042 3.2698
14.4096 3.27776
14.915 3.28573
15.4641 3.28573
16.0131 3.28573
16.5622 3.28573
17.1112 3.28573
17.6603 3.28573
20.1479 4.4946
22.6356 4.4946
25.1233 4.4946
27.6109 4.4946
30.0986 4.4946
32.5863 4.4946
35.074 4.4946
37.5616 4.4946
40.0493 4.4946
42.537 4.4946
45.0247 4.4946
47.5123 4.4946
50.0 4.4946
0.0 1.15965
0.517478 1.15965
1.03496 1.45754
1.55244 1.75543
2.06991 2.05331
2.58739 2.3512
3.10487 2.64909
3.62235 2.94697
4.20143 2.94697
4.78051 2.92505
5.35959 2.90313
5.86582 2.90313
6.37206 2.9249
6.8783 2.94667
7.38453 2.96844
7.89077 2.99021
8.397 3.01198
8.90324 3.03375
9.40947 3.05552
9.91571 3.07729
10.4219 3.09906
10.9282 3.12083
11.4369 3.12083
11.9457 3.14064
12.4544 3.16046
12.9631 3.18027
13.4719 3.20008
13.9806 3.21989
14.4893 3.2397
14.9981 3.25952
15.5068 3.27933
16.0155 3.29914
16.5413 3.29914
17.067 3.29914
17.5928 3.29914
20.0856 4.46136
22.5785 4.46136
25.0714 4.46136
27.5642 4.46136
30.0571 4.46136
32.55 4.46136
35.0428 4.46136
37.5357 4.46136
40.0285 4.46136
42.5214 4.46136
45.0143 4.46136
47.5071 4.46136
50.0 4.46136
0.0 1.29983
0.532193 1.29983
1.06439 1.55886
1.59658 1.8179
2.12877 2.07694
2.66097 2.33597
3.19316 2.59501
3.68969 2.59501
4.18622 2.63139
4.68274 2.66777
5.17927 2.70415
5.6758 2.74052
6.17233 2.7769
6.66885 2.81328
7.16538 2.84966
7.66191 2.88604
8.15844 2.92242
8.65497 2.9588
9.15149 2.99518
9.64802 3.03156
10.1445 3.06794
10.6411 3.10432
11.1376 3.1407
11.6341 3.17708
12.1307 3.21345
12.6272 3.24983
13.1237 3.28621
13.6202 3.32259
14.1168 3.35897
14.6133 3.39535
15.1098 3.43173
15.6064 3.46811
16.1029 3.50449
16.5994 3.54087
17.0959 3.57725
17.5925 3.61363
18.089 3.65
18.5855 3.68638
19.082 3.72276
19.5786 3.75914
20.0751 3.79552
20.568 3.79552
21.0609 3.81805
21.5538 3.84057
22.0468 3.8631
22.5397 3.88563
23.0326 3.90815
23.5255 3.93068
24.0184 3.95321
24.5113 3.97573
25.0042 3.99826
25.4971 4.02079
25.99 4.04331
26.483 4.06584
26.9759 4.08837
27.4688 4.11089
27.9617 4.13342
28.4546 4.15595
28.9475 4.17847
29.4404 4.201
29.9333 4.22352
30.4263 4.24605
30.9192 4.26858
31.4121 4.2911
31.905 4.31363
32.3979 4.33616
32.8908 4.35868
33.3837 4.38121
33.8766 4.40374
34.3696 4.42626
34.8625 4.44879
35.3554 4.47132
35.8483 4.49384
36.3412 4.51637
36.8341 4.5389
37.327 4.56142
37.8398 4.56142
38.3527 4.53714
38.8655 4.51286
39.3783 4.48857
39.8911 4.46429
40.4039 4.44001
40.9167 4.41572
41.4295 4.39144
41.9424 4.36716
42.4552 4.34287
42.968 4.31859
43.4808 4.29431
43.9658 4.29431
44.4508 4.29431
44.9358 4.29431
45.4208 4.29431
45.9058 4.29431
46.3908 4.29431
46.8759 4.29431
48.4379 4.38108
50.0 4.38108
0.0 1.15708
0.517565 1.15708
1.03513 1.52485
1.55269 1.89261
2.07026 2.26038
2.58782 2.62814
3.10539 2.99591
3.63915 2.99591
4.17291 2.97306
4.70667 2.95021
5.24043 2.92736
5.77419 2.90451
6.30795 2.88167
6.84172 2.85882
7.31447 2.85882
7.78723 2.90104
8.25999 2.94327
8.73275 2.98549
9.20551 3.02772
9.67827 3.06995
10.151 3.11217
10.6159 3.11217
11.0808 3.14483
11.5457 3.17749
12.0106 3.21015
12.4755 3.24281
12.9404 3.27547
13.4052 3.30813
13.9245 3.30813
14.4438 3.30813
14.9631 3.30813
15.4825 3.30813
16.0018 3.30813
16.5211 3.30813
17.0404 3.30813
17.5597 3.30813
20.0551 4.48513
22.5505 4.48513
25.0459 4.48513
27.5413 4.48513
30.0367 4.48513
32.5321 4.48513
35.0275 4.48513
37.5229 4.48513
40.0184 4.48513
42.5138 4.48513
45.0092 4.48513
47.5046 4.48513
50.0 4.48513
0.0 1.15987
0.539298 1.15987
1.0786 1.52342
1.61789 1.88697
2.15719 2.25053
2.69649 2.61408
3.23579 2.97763
3.72065 2.97763
4.20552 2.96197
4.69039 2.94631
5.17526 2.93065
5.66013 2.91499
6.14499 2.89933
6.62986 2.88367
7.11473 2.86801
7.59876 2.86801
8.0828 2.90552
8.56683 2.94303
9.05087 2.98054
9.5349 3.01805
10.0189 3.05556
10.503 3.09307
11.0298 3.09307
11.5566 3.15069
12.0835 3.2083
12.6103 3.26592
13.1371 3.32354
13.6649 3.32354
14.1927 3.32354
14.7205 3.32354
15.2483 3.32354
15.7761 3.32354
16.3039 3.32354
16.8316 3.32354
17.3594 3.32354
19.8703 4.49495
22.3811 4.49495
24.8919 4.49495
27.4027 4.49495
29.9135 4.49495
32.4243 4.49495
34.9351 4.49495
37.4459 4.49495
39.9568 4.49495
42.4676 4.49495
44.9784 4.49495
47.4892 4.49495
50.0 4.49495
0.0 1.61565
0.4955 1.61565
0.991001 1.77848
1.4865 1.94131
1.982 2.10415
2.4775 2.26698
2.973 2.42981
3.4685 2.59265
3.964 2.75548
4.45175 2.75548
4.93949 2.80934
5.42723 2.8632
5.91498 2.91706
6.40272 2.97092
6.89046 3.02478
7.3782 3.07864
7.86595 3.1325
8.35369 3.18636
8.86574 3.18636
9.37778 3.17033
9.88983 3.1543
10.4019 3.13827
10.9139 3.12224
11.426 3.10621
11.938 3.09018
12.4501 3.07414
12.9621 3.05811
13.4741 3.04208
13.9862 3.02605
14.4928 3.02605
14.9995 3.17954
15.5061 3.33303
16.0127 3.48651
16.5193 3.64
16.957 3.64
17.3947 3.64
19.9028 4.47327
22.4109 4.47327
24.919 4.47327
27.4271 4.47327
29.9352 4.47327
32.4433 4.47327
34.9514 4.47327
37.4595 4.47327
39.9676 4.47327
42.4757 4.47327
44.9838 4.47327
47.4919 4.47327
50.0 4.47327
0.0 1.11976
0.54121 1.11976
1.08242 1.43022
1.62363 1.74068
2.16484 2.05114
2.70605 2.36159
3.24726 2.67205
3.76116 2.67205
4.27505 2.73116
4.78895 2.79027
5.30285 2.84938
5.81675 2.90849
6.33065 2.9676
6.84454 3.02671
7.35844 3.08582
7.87234 3.14493
8.37188 3.14493
8.87143 3.10623
9.37097 3.06752
9.87051 3.02882
10.3639 3.02882
10.8574 3.07115
11.3508 3.11348
11.8442 3.15581
12.3376 3.19814
12.831 3.24047
13.3245 3.2828
13.8179 3.32514
14.3113 3.36747
14.8047 3.4098
15.2981 3.45213
15.7915 3.49446
16.285 3.53679
16.7784 3.57913
17.2718 3.62146
17.7652 3.66379
18.2586 3.70612
18.7521 3.74845
19.2455 3.79078
19.7389 3.83311
20.2323 3.87545
20.7257 3.91778
21.2192 3.96011
21.7126 4.00244
22.1964 4.00244
22.6802 4.00244
23.164 4.00244
23.6479 4.00244
24.1317 4.00244
24.6155 4.00244
25.0993 4.00244
25.5831 4.00244
26.0669 4.00244
26.5507 4.00244
27.0346 4.00244
27.5184 4.00244
28.0022 4.00244
28.486 4.00244
30.8765 4.60347
33.2669 4.60347
35.6573 4.60347
38.0478 4.60347
40.4382 4.60347
42.8287 4.60347
45.2191 4.60347
47.6096 4.60347
50.0 4.60347
0.0 1.44095
0.492611 1.44095
0.985222 1.67753
1.47783 1.91411
1.97044 2.15069
2.46306 2.38728
2.95567 2.62386
3.44828 2.86044
3.97193 2.86044
4.49559 2.94348
5.01924 3.02652
5.5429 3.10956
6.06655 3.19261
6.59021 3.27565
7.11386 3.35869
7.6327 3.35869
8.15153 3.38008
8.67037 3.40147
9.1892 3.42286
9.70804 3.44425
10.2269 3.46564
10.7457 3.48703
11.2645 3.50842
11.7834 3.52981
12.3022 3.5512
12.821 3.57259
13.3399 3.59398
13.8349 3.59398
14.33 3.66285
14.8251 3.73171
15.3201 3.80058
15.8152 3.86945
16.327 3.86945
16.8387 3.86945
17.3505 3.86945
17.8622 3.86945
18.374 3.86945
18.8858 3.86945
19.3975 3.86945
19.9093 3.86945
20.421 3.86945
20.9328 3.86945
23.3551 4.73994
25.7773 4.73994
28.1996 4.73994
30.6219 4.73994
33.0441 4.73994
35.4664 4.73994
37.8887 4.73994
40.3109 4.73994
42.7332 4.73994
45.1555 4.73994
47.5777 4.73994
50.0 4.73994
0.0 1.35911
0.528511 1.35911
1.05702 1.56697
1.58553 1.77483
2.11404 1.98269
2.64255 2.19056
3.17106 2.39842
3.69957 2.60628
4.20561 2.60628
4.71164 2.64624
5.21767 2.68621
5.7237 2.72618
6.22973 2.76614
6.73577 2.80611
7.2418 2.84607
7.74783 2.88604
8.25386 2.926
8.75989 2.96597
9.26592 3.00593
9.77196 3.0459
10.278 3.08586
10.784 3.12583
11.2901 3.1658
11.7961 3.20576
12.3021 3.24573
12.8081 3.28569
13.3142 3.32566
13.8202 3.36562
14.3262 3.40559
14.8323 3.44555
15.3383 3.48552
15.8443 3.52549
16.3504 3.56545
16.8564 3.60542
17.3624 3.64538
17.8685 3.68535
18.3745 3.72531
18.8805 3.76528
19.3866 3.80524
19.883 3.80524
20.3794 3.82333
20.8758 3.84141
21.3723 3.85949
21.8687 3.87757
22.3651 3.89565
22.8615 3.91374
23.3579 3.93182
23.8544 3.9499
24.3508 3.96798
24.8472 3.98606
25.3436 4.00414
25.8401 4.02223
26.3365 4.04031
26.8329 4.05839
27.3293 4.07647
27.8258 4.09455
28.3222 4.11264
28.8186 4.13072
29.315 4.1488
29.8114 4.16688
30.3079 4.18496
30.8043 4.20305
31.3007 4.22113
31.7971 4.23921
32.2936 4.25729
32.79 4.27537
33.2864 4.29346
33.7828 4.31154
34.2793 4.32962
34.7757 4.3477
35.2721 4.36578
35.7685 4.38386
36.2649 4.40195
36.7614 4.42003
37.2578 4.43811
37.7542 4.45619
38.2506 4.47427
38.7471 4.49236
39.2413 4.49236
39.7356 4.46106
40.2298 4.42977
40.7241 4.39848
41.2183 4.36718
41.7126 4.33589
42.2068 4.3046
42.7011 4.2733
43.1954 4.24201
43.7165 4.24201
44.2377 4.24201
44.7588 4.24201
45.28 4.24201
45.8011 4.24201
46.3223 4.24201
46.8434 4.24201
48.4217 4.43985
50.0 4.43985
0.0 1.2241
0.522686 1.2241
1.04537 1.50239
1.56806 1.78069
2.09074 2.05898
2.61343 2.33728
3.13612 2.61557
3.6588 2.89387
4.12377 2.89387
4.58874 2.85153
5.07068 2.85153
5.55262 2.87425
6.03456 2.89697
6.51649 2.9197
6.99843 2.94242
7.48037 2.96514
7.96231 2.98786
8.44424 3.01058
8.92618 3.03331
9.40812 3.05603
9.89005 3.07875
10.372 3.10147
10.8539 3.1242
11.3412 3.1242
11.8284 3.1557
12.3157 3.18721
12.803 3.21872
13.2902 3.25023
13.7775 3.28174
14.2647 3.31324
14.752 3.34475
15.2393 3.37626
15.7108 3.37626
16.1824 3.37626
16.654 3.37626
17.1256 3.37626
17.5972 3.37626
18.0688 3.37626
18.5403 3.37626
20.9603 4.63458
23.3803 4.63458
25.8003 4.63458
28.2202 4.63458
30.6402 4.63458
33.0602 4.63458
35.4802 4.63458
37.9001 4.63458
40.3201 4.63458
42.7401 4.63458
45.1601 4.63458
47.58 4.63458
50.0 4.63458
0.0 1.32706
0.489397 1.32706
0.978795 1.57668
1.46819 1.8263
1.95759 2.07592
2.44699 2.32554
2.93638 2.57516
3.42578 2.82478
3.9203 2.82478
4.41481 2.84413
4.90933 2.86348
5.41007 2.86348
5.91082 2.93689
6.41156 3.01029
6.91231 3.0837
7.41305 3.1571
7.91379 3.23051
8.41454 3.30391
8.85535 3.30391
9.29617 3.32703
9.73698 3.35014
10.2445 3.35014
10.7521 3.35014
11.2596 3.35014
11.7671 3.35014
12.2747 3.35014
12.7822 3.35014
13.2898 3.35014
13.7973 3.35014
14.3049 3.35014
14.8124 3.35014
15.3199 3.35014
15.8275 3.35014
16.335 3.35014
16.8426 3.35014
17.3501 3.35014
17.8576 3.35014
18.3652 3.35014
20.7986 4.60503
23.2321 4.60503
25.6655 4.60503
28.099 4.60503
30.5324 4.60503
32.9659 4.60503
35.3993 4.60503
37.8328 4.60503
40.2662 4.60503
42.6997 4.60503
45.1331 4.60503
47.5666 4.60503
50.0 4.60503
0.0 1.33702
0.495771 1.33702
0.991541 1.58458
1.48731 1.83215
1.98308 2.07971
2.47885 2.32727
2.97462 2.57483
3.47039 2.8224
4.00109 2.8224
4.53179 2.84026
5.06249 2.85812
5.59319 2.87598
6.12389 2.89384
6.60208 2.89384
7.08027 2.98775
7.55847 3.08165
8.03666 3.17555
8.51485 3.26946
9.06203 3.26946
9.6092 3.30094
10.1564 3.33242
10.7036 3.3639
11.2038 3.3639
11.7041 3.3639
12.2044 3.3639
12.7047 3.3639
13.205 3.3639
13.7053 3.3639
14.2056 3.3639
14.7059 3.3639
15.2062 3.3639
15.7065 3.3639
16.2068 3.3639
16.7071 3.3639
17.2073 3.3639
17.7076 3.3639
18.2079 3.3639
20.6535 4.50692
23.099 4.50692
25.5446 4.50692
27.9901 4.50692
30.4356 4.50692
32.8812 4.50692
35.3267 4.50692
37.7723 4.50692
40.2178 4.50692
42.6634 4.50692
45.1089 4.50692
47.5545 4.50692
50.0 4.50692
0.0 1.01032
0.464822 1.01032
0.929643 1.34718
1.39446 1.68405
1.85929 2.02091
2.32411 2.35778
2.78893 2.69464
3.25375 3.03151
3.7441 3.03151
4.23444 2.99237
4.72479 2.95323
5.21513 2.9141
5.70547 2.87496
6.19582 2.83582
6.68954 2.83582
7.18327 2.85621
7.67699 2.8766
8.17071 2.89699
8.66444 2.91739
9.15816 2.93778
9.65189 2.95817
10.1456 2.97856
10.6393 2.99895
11.1085 2.99895
11.5776 3.04299
12.0468 3.08704
12.5159 3.13108
12.9851 3.17512
13.4543 3.21916
13.9514 3.21916
14.4486 3.21916
14.9458 3.21916
15.443 3.21916
15.9402 3.21916
16.4373 3.21916
16.9345 3.21916
17.4317 3.21916
19.937 4.53576
22.4422 4.53576
24.9475 4.53576
27.4527 4.53576
29.958 4.53576
32.4632 4.53576
34.9685 4.53576
37.4737 4.53576
39.979 4.53576
42.4842 4.53576
44.9895 4.53576
47.4947 4.53576
50.0 4.53576
0.0 1.36273
0.494381 1.36273
0.988761 1.6052
1.48314 1.84766
1.97752 2.09013
2.4719 2.3326
2.96628 2.57507
3.46066 2.81754
3.95942 2.81754
4.45817 2.83291
4.95692 2.84829
5.45567 2.86367
5.95442 2.87904
6.45317 2.89442
6.95193 2.90979
7.43152 2.90979
7.91111 2.96803
8.3907 3.02626
8.87029 3.0845
9.34988 3.14273
9.82948 3.20097
10.3091 3.2592
10.8304 3.2592
11.3517 3.27723
11.873 3.29525
12.3943 3.31327
12.9156 3.33129
13.4369 3.34932
13.9583 3.36734
14.4616 3.36734
14.9649 3.36734
15.4682 3.36734
15.9716 3.36734
16.4749 3.36734
16.9782 3.36734
17.4815 3.36734
17.9849 3.36734
18.4882 3.36734
20.9122 4.55041
23.3362 4.55041
25.7601 4.55041
28.1841 4.55041
30.6081 4.55041
33.0321 4.55041
35.4561 4.55041
37.8801 4.55041
40.3041 4.55041
42.728 4.55041
45.152 4.55041
47.576 4.55041
50.0 4.55041
0.0 1.23096
0.535261 1.23096
1.07052 1.45641
1.60578 1.68186
2.14104 1.90731
2.6763 2.13276
3.21156 2.35821
3.74682 2.58367
4.24084 2.58367
4.73487 2.62282
5.22889 2.66197
5.72291 2.70112
6.21693 2.74028
6.71095 2.77943
7.20497 2.81858
7.69899 2.85774
8.19301 2.89689
8.68703 2.93604
9.18105 2.97519
9.67508 3.01435
10.1691 3.0535
10.6631 3.09265
11.1571 3.13181
11.6512 3.17096
12.1452 3.21011
12.6392 3.24926
13.1332 3.28842
13.6272 3.32757
14.1213 3.36672
14.6153 3.40588
15.1093 3.44503
15.6033 3.48418
16.0973 3.52333
16.5914 3.56249
17.0854 3.60164
17.5794 3.64079
18.0734 3.67995
18.5675 3.7191
19.0615 3.75825
19.5555 3.7974
20.0589 3.7974
20.5624 3.83572
21.0658 3.87403
21.5693 3.91234
22.0727 3.95065
22.5762 3.98896
23.0796 4.02727
23.5831 4.06559
24.0865 4.1039
24.59 4.14221
25.0934 4.18052
25.5969 4.21883
26.1003 4.25714
26.6038 4.29545
27.1072 4.33377
27.6107 4.37208
28.1141 4.41039
28.6176 4.4487
29.1008 4.4487
29.584 4.43295
30.0672 4.41721
30.5505 4.40146
31.0337 4.38571
31.5169 4.36997
32.0002 4.35422
32.4834 4.33847
32.9666 4.32273
33.4499 4.30698
33.9331 4.29123
34.4163 4.27549
34.8996 4.25974
35.4038 4.25974
35.908 4.25974
36.4123 4.25974
36.9165 4.25974
37.4208 4.25974
37.925 4.25974
38.4293 4.25974
38.9335 4.25974
39.4378 4.25974
39.942 4.25974
40.4463 4.25974
40.9505 4.25974
41.4547 4.25974
41.959 4.25974
42.4632 4.25974
42.9675 4.25974
43.4717 4.25974
43.976 4.25974
44.4802 4.25974
44.9845 4.25974
45.4887 4.25974
45.993 4.25974
46.4972 4.25974
48.2486 4.40096
50.0 4.40096
0.0 1.11663
0.468793 1.11663
0.937587 1.37775
1.40638 1.63886
1.87517 1.89997
2.34397 2.16109
2.81276 2.4222
3.28155 2.68332
3.77787 2.68332
4.27418 2.73612
4.77049 2.78892
5.2668 2.84172
5.76311 2.89452
6.25942 2.94733
6.75573 3.00013
7.25205 3.05293
7.74836 3.10573
8.28264 3.10573
8.81692 3.09526
9.3512 3.08478
9.88548 3.07431
10.4198 3.06383
10.954 3.05336
11.4883 3.04288
11.992 3.04288
12.4956 3.09243
12.9993 3.14197
13.5029 3.19152
14.0065 3.24107
14.5102 3.29061
15.0138 3.34016
15.5175 3.38971
16.0211 3.43925
16.5248 3.4888
17.0284 3.53835
17.5321 3.5879
18.0357 3.63744
18.5394 3.68699
19.043 3.73654
19.5467 3.78608
20.0503 3.83563
20.5539 3.88518
21.0576 3.93472
21.5612 3.98427
22.0649 4.03382
22.5554 4.03382
23.046 4.03382
23.5365 4.03382
24.0271 4.03382
24.5176 4.03382
25.0081 4.03382
25.4987 4.03382
25.9892 4.03382
26.4798 4.03382
26.9703 4.03382
27.4608 4.03382
27.9514 4.03382
28.4419 4.03382
30.8373 4.53982
33.2326 4.53982
35.628 4.53982
38.0233 4.53982
40.4186 4.53982
42.814 4.53982
45.2093 4.53982
47.6047 4.53982
50.0 4.53982
0.0 1.35566
0.528805 1.35566
1.05761 1.59136
1.58642 1.82707
2.11522 2.06278
2.64403 2.29849
3.17283 2.53419
3.70164 2.7699
4.19936 2.7699
4.69708 2.82714
5.1948 2.88439
5.69253 2.94163
6.19025 2.99888
6.70827 2.99888
7.22628 3.03436
7.7443 3.06983
8.26232 3.10531
8.78034 3.14079
9.29836 3.17627
9.81637 3.21174
10.3344 3.24722
10.8524 3.2827
11.3936 3.2827
11.9349 3.29522
12.4761 3.30774
13.0174 3.32025
13.5586 3.33277
14.0998 3.34529
14.6027 3.34529
15.1056 3.34529
15.6085 3.34529
16.1114 3.34529
16.6142 3.34529
17.1171 3.34529
17.62 3.34529
18.1229 3.34529
18.6258 3.34529
21.0392 4.5983
23.4526 4.5983
25.866 4.5983
28.2794 4.5983
30.6928 4.5983
33.1062 4.5983
35.5196 4.5983
37.933 4.5983
40.3464 4.5983
42.7598 4.5983
45.1732 4.5983
47.5866 4.5983
50.0 4.5983
0.0 1.12868
0.477738 1.12868
0.955476 1.38044
1.43321 1.63219
1.91095 1.88395
2.38869 2.13571
2.86643 2.38747
3.34417 2.63922
3.87546 2.63922
4.40675 2.70866
4.93805 2.7781
5.46934 2.84754
6.00063 2.91698
6.53193 2.98642
7.06322 3.05587
7.56554 3.05587
8.06787 3.04472
8.57019 3.03357
9.07251 3.02242
9.57483 3.01127
10.0787 3.01127
10.5826 3.04344
11.0865 3.07562
11.5903 3.10779
12.0942 3.13997
12.5981 3.17214
13.102 3.20432
13.6058 3.23649
14.1097 3.26867
14.6136 3.30084
15.1175 3.33302
15.6214 3.36519
16.1252 3.39737
16.6291 3.42954
17.133 3.46172
17.6369 3.49389
18.1407 3.52607
18.6446 3.55824
19.1485 3.59042
19.6524 3.62259
20.1562 3.65477
20.6601 3.68694
21.164 3.71912
21.6679 3.75129
22.1718 3.78347
22.6756 3.81564
23.1795 3.84782
23.6834 3.87999
24.1873 3.91217
24.6911 3.94434
25.195 3.97652
25.6989 4.00869
26.2028 4.04087
26.6742 4.04087
27.1457 4.04087
27.6171 4.04087
28.0886 4.04087
28.56 4.04087
30.9422 4.58947
33.3244 4.58947
35.7067 4.58947
38.0889 4.58947
40.4711 4.58947
42.8533 4.58947
45.2356 4.58947
47.6178 4.58947
50.0 4.58947
0.0 1.39095
0.514988 1.39095
1.02998 1.6522
1.54496 1.91344
2.05995 2.17469
2.57494 2.43593
3.08993 2.69718
3.60491 2.95842
4.12389 2.95842
4.64287 3.03615
5.16184 3.11388
5.68082 3.19161
6.19979 3.26935
6.71877 3.34708
7.20011 3.34708
7.68145 3.35683
8.1628 3.36658
8.64414 3.37634
9.15651 3.37634
9.66888 3.40681
10.1812 3.43728
10.6936 3.46774
11.206 3.49821
11.7183 3.52868
12.2307 3.55915
12.7431 3.58962
13.2555 3.62008
13.7678 3.65055
14.2802 3.68102
14.7926 3.71149
15.2932 3.71149
15.7939 3.71149
16.2945 3.71149
16.7952 3.71149
17.2958 3.71149
17.7965 3.71149
18.2971 3.71149
18.7977 3.71149
19.2984 3.71149
19.799 3.71149
20.2997 3.71149
20.8003 3.71149
21.301 3.71149
23.91 4.77186
26.519 4.77186
29.128 4.77186
31.737 4.77186
34.346 4.77186
36.955 4.77186
39.564 4.77186
42.173 4.77186
44.782 4.77186
47.391 4.77186
50.0 4.77186
0.0 1.36233
0.532675 1.36233
1.06535 1.64957
1.59803 1.93681
2.1307 2.22405
2.66338 2.51129
3.19605 2.79853
3.69363 2.79853
4.1912 2.8246
4.68878 2.85067
5.18635 2.87674
5.68393 2.90281
6.1815 2.92887
6.67908 2.95494
7.17665 2.98101
7.64895 2.98101
8.12125 3.02284
8.59356 3.06467
9.06586 3.1065
9.53816 3.14833
10.0105 3.19016
10.4828 3.23199
10.9551 3.27382
11.479 3.27382
12.0029 3.27724
12.5268 3.28065
13.0507 3.28406
13.5746 3.28748
14.0985 3.29089
14.6224 3.2943
15.1362 3.2943
15.6501 3.2943
16.1639 3.2943
16.6778 3.2943
17.1916 3.2943
17.7055 3.2943
18.2193 3.2943
18.7331 3.2943
21.1383 4.51651
23.5434 4.51651
25.9486 4.51651
28.3537 4.51651
30.7589 4.51651
33.164 4.51651
35.5691 4.51651
37.9743 4.51651
40.3794 4.51651
42.7846 4.51651
45.1897 4.51651
47.5949 4.51651
50.0 4.51651
0.0 1.05243
0.510665 1.05243
1.02133 1.43585
1.53199 1.81926
2.04266 2.20268
2.55332 2.58609
3.06399 2.9695
3.53219 2.9695
4.00039 2.96104
4.46859 2.95257
4.93679 2.9441
5.40499 2.93563
5.87319 2.92716
6.34139 2.91869
6.85946 2.91869
7.37753 2.96463
7.8956 3.01056
8.41367 3.0565
8.93174 3.10243
9.44981 3.14837
9.96788 3.1943
10.4859 3.24024
11.004 3.28617
11.5221 3.3321
12.0402 3.37804
12.5582 3.42397
13.0331 3.42397
13.508 3.42414
13.9829 3.4243
14.4577 3.42446
14.9326 3.42462
15.4075 3.42478
15.8824 3.42494
16.3698 3.42494
16.8572 3.42494
17.3445 3.42494
17.8319 3.42494
18.3193 3.42494
18.8067 3.42494
21.4061 4.65451
24.0056 4.65451
26.605 4.65451
29.2044 4.65451
31.8039 4.65451
34.4033 4.65451
37.0028 4.65451
39.6022 4.65451
42.2017 4.65451
44.8011 4.65451
47.4006 4.65451
50.0 4.65451
0.0 1.2897
0.532138 1.2897
1.06428 1.51222
1.59642 1.73474
2.12855 1.95725
2.66069 2.17977
3.19283 2.40229
3.72497 2.6248
4.23185 2.6248
4.73873 2.66129
5.24561 2.69777
5.75249 2.73426
6.25937 2.77075
6.76625 2.80723
7.27313 2.84372
7.78001 2.8802
8.28689 2.91669
8.79378 2.95318
9.30066 2.98966
9.80754 3.02615
10.3144 3.06263
10.8213 3.09912
11.3282 3.13561
11.8351 3.17209
12.3419 3.20858
12.8488 3.24506
13.3557 3.28155
13.8626 3.31804
14.3695 3.35452
14.8763 3.39101
15.3832 3.42749
15.8901 3.46398
16.397 3.50047
16.9039 3.53695
17.4107 3.57344
17.9176 3.60992
18.4245 3.64641
18.9314 3.6829
19.4383 3.71938
19.9451 3.75587
20.452 3.79235
20.9589 3.82884
21.4658 3.86533
21.9598 3.86533
22.4538 3.90757
22.9477 3.94981
23.4417 3.99206
23.9357 4.0343
24.4297 4.07655
24.9237 4.11879
25.4177 4.16104
25.9117 4.20328
26.4056 4.24552
26.8996 4.28777
27.3936 4.33001
27.8876 4.37226
28.3816 4.4145
28.8756 4.45675
29.3461 4.45675
29.8165 4.20763
30.321 4.20763
30.8255 4.20763
31.33 4.20763
31.8344 4.20763
32.3389 4.20763
32.8434 4.20763
33.3478 4.20763
33.8523 4.20763
34.3568 4.20763
34.8613 4.20763
35.3657 4.20763
35.8702 4.20763
36.3747 4.20763
36.8791 4.20763
37.3836 4.20763
37.8881 4.20763
38.3926 4.20763
38.897 4.20763
39.4015 4.20763
39.906 4.20763
40.4104 4.20763
40.9149 4.20763
41.4194 4.20763
41.9239 4.20763
42.4283 4.20763
42.9328 4.20763
43.4373 4.20763
43.9417 4.20763
44.4462 4.20763
44.9507 4.20763
45.4552 4.20763
45.9596 4.20763
46.4641 4.20763
48.232 4.37594
50.0 4.37594
0.0 1.0691
0.5463 1.0691
1.0926 1.52624
1.6389 1.98338
2.1852 2.44052
2.7315 2.89766
3.21804 2.89766
3.70458 2.89403
4.19112 2.89039
4.67766 2.88675
5.1642 2.88311
5.65074 2.87947
6.15752 2.87947
6.66429 2.92572
7.17107 2.97197
7.67785 3.01821
8.18463 3.06446
8.6914 3.11071
9.19818 3.15696
9.70496 3.2032
10.2117 3.24945
10.7185 3.2957
11.2253 3.34195
11.7321 3.38819
12.241 3.38819
12.7499 3.3902
13.2589 3.39222
13.7678 3.39423
14.2767 3.39624
14.7856 3.39825
15.2946 3.40026
15.8014 3.40026
16.3083 3.40026
16.8151 3.40026
17.3219 3.40026
17.8288 3.40026
18.3356 3.40026
18.8425 3.40026
21.4389 4.68823
24.0354 4.68823
26.6319 4.68823
29.2283 4.68823
31.8248 4.68823
34.4212 4.68823
37.0177 4.68823
39.6142 4.68823
42.2106 4.68823
44.8071 4.68823
47.4035 4.68823
50.0 4.68823
0.0 1.2575
0.509267 1.2575
1.01853 1.55893
1.5278 1.86037
2.03707 2.1618
2.54633 2.46324
3.0556 2.76467
3.5793 2.76467
4.103 2.8087
4.6267 2.85272
5.1504 2.89675
5.6741 2.94077
6.1978 2.9848
6.67222 2.9848
7.14663 3.03832
7.62104 3.09184
8.09546 3.14536
8.56987 3.19888
9.04428 3.2524
9.53415 3.2524
10.024 3.25612
10.5139 3.25983
11.0038 3.26355
11.4936 3.26727
11.9835 3.27098
12.4734 3.2747
12.9632 3.27841
13.4531 3.28213
13.943 3.28584
14.4329 3.28956
14.9524 3.28956
15.472 3.28956
15.9916 3.28956
16.5112 3.28956
17.0307 3.28956
17.5503 3.28956
18.0699 3.28956
18.5895 3.28956
21.0057 4.52497
23.4219 4.52497
25.8381 4.52497
28.2543 4.52497
30.6705 4.52497
33.0866 4.52497
35.5028 4.52497
37.919 4.52497
40.3352 4.52497
42.7514 4.52497
45.1676 4.52497
47.5838 4.52497
50.0 4.52497
0.0 1.25544
0.507674 1.25544
1.01535 1.50175
1.52302 1.74805
2.0307 1.99436
2.53837 2.24066
3.04604 2.48697
3.55372 2.73327
4.01839 2.73327
4.48306 2.7968
4.94773 2.86032
5.41241 2.92385
5.87708 2.98737
6.3642 2.98737
6.85131 3.07304
7.33843 3.1587
7.82555 3.24436
8.32486 3.24436
8.82417 3.24827
9.32348 3.25217
9.82279 3.25607
10.3221 3.25997
10.8214 3.26388
11.3207 3.26778
11.82 3.27168
12.3194 3.27558
12.8187 3.27949
13.318 3.28339
13.8173 3.28729
14.3039 3.28729
14.7906 3.28729
15.2772 3.28729
15.7638 3.28729
16.2505 3.28729
16.7371 3.28729
17.2237 3.28729
17.7104 3.28729
18.197 3.28729
18.6836 3.28729
21.0926 4.49154
23.5015 4.49154
25.9105 4.49154
28.3194 4.49154
30.7284 4.49154
33.1373 4.49154
35.5463 4.49154
37.9552 4.49154
40.3642 4.49154
42.7731 4.49154
45.1821 4.49154
47.591 4.49154
50.0 4.49154
0.0 1.47626
0.508241 1.47626
1.01648 1.71046
1.52472 1.94466
2.03296 2.17886
2.54121 2.41306
3.04945 2.64726
3.55769 2.88146
4.04237 2.88146
4.52705 2.93826
5.01174 2.99506
5.49642 3.05186
5.98111 3.10865
6.46579 3.16545
6.95047 3.22225
7.43516 3.27905
7.90623 3.27905
8.37731 3.30538
8.84839 3.33171
9.31947 3.35804
9.81792 3.35804
10.3164 3.39872
10.8148 3.4394
11.3133 3.48008
11.8117 3.52077
12.3102 3.56145
12.8086 3.60213
13.3071 3.64282
13.8055 3.6835
14.2948 3.6835
14.7841 3.6835
15.2733 3.6835
15.7626 3.6835
16.2518 3.6835
16.7411 3.6835
17.2303 3.6835
17.7196 3.6835
18.2088 3.6835
18.6981 3.6835
19.1873 3.6835
19.6766 3.6835
20.1658 3.6835
20.6551 3.6835
21.1444 3.6835
23.549 4.79347
25.9536 4.79347
28.3583 4.79347
30.7629 4.79347
33.1675 4.79347
35.5722 4.79347
37.9768 4.79347
40.3815 4.79347
42.7861 4.79347
45.1907 4.79347
47.5954 4.79347
50.0 4.79347
0.0 1.3129
0.476471 1.3129
0.952941 1.48682
1.42941 1.66074
1.90588 1.83466
2.38235 2.00858
2.85882 2.18249
3.33529 2.35641
3.81176 2.53033
4.28824 2.70425
4.78706 2.70425
5.28588 2.73716
5.7847 2.77007
6.28352 2.80298
6.78234 2.83589
7.28116 2.8688
7.77999 2.90171
8.27881 2.93461
8.77763 2.96752
9.27645 3.00043
9.77527 3.03334
10.2741 3.06625
10.7729 3.09916
11.2717 3.13207
11.7706 3.16498
12.2694 3.19789
12.7682 3.2308
13.267 3.26371
13.7658 3.29662
14.2647 3.32953
14.7635 3.36244
15.2623 3.39535
15.7611 3.42826
16.2599 3.46116
16.7588 3.49407
17.2576 3.52698
17.7564 3.55989
18.2552 3.5928
18.7541 3.62571
19.2529 3.65862
19.7517 3.69153
20.2505 3.72444
20.7493 3.75735
21.2482 3.79026
21.747 3.82317
22.2492 3.82317
22.7514 3.85927
23.2536 3.89537
23.7558 3.93147
24.258 3.96756
24.7602 4.00366
25.2624 4.03976
25.7646 4.07586
26.2668 4.11196
26.769 4.14806
27.2712 4.18416
27.7734 4.22026
28.2756 4.25636
28.7778 4.29246
29.28 4.32856
29.7822 4.36466
30.2844 4.40076
30.7866 4.43686
31.2561 4.43686
31.7257 4.42378
32.1952 4.4107
32.6648 4.39762
33.1343 4.38454
33.626 4.38454
34.1177 4.38454
34.6094 4.38454
35.101 4.38454
35.5927 4.38454
36.0844 4.38454
36.5761 4.38454
37.0678 4.38454
37.5595 4.38454
38.0512 4.38454
38.5428 4.38454
39.0345 4.38454
39.5262 4.38454
40.0179 4.38454
40.5096 4.38454
41.0013 4.38454
41.493 4.38454
41.9846 4.38454
42.4763 4.38454
42.968 4.38454
43.4597 4.38454
43.9514 4.38454
44.4431 4.38454
44.9348 4.38454
45.4264 4.38454
45.9181 4.38454
46.4098 4.38454
48.2049 4.40659
50.0 4.40659
0.0 1.15142
0.503029 1.15142
1.00606 1.41335
1.50909 1.67528
2.01211 1.93721
2.51514 2.19914
3.01817 2.46107
3.5212 2.723
4.04074 2.723
4.56028 2.77181
5.07982 2.82063
5.59936 2.86944
6.1189 2.91825
6.63844 2.96707
7.15798 3.01588
7.67752 3.0647
8.19706 3.11351
8.70752 3.11351
9.21798 3.09801
9.72845 3.08251
10.2209 3.08251
10.7134 3.12567
11.2059 3.16884
11.6984 3.21201
12.1909 3.25518
12.6834 3.29834
13.1759 3.34151
13.6684 3.38468
14.1609 3.42785
14.6534 3.47101
15.1459 3.51418
15.6384 3.55735
16.1309 3.60051
16.6234 3.64368
17.1158 3.68685
17.6083 3.73002
18.1008 3.77318
18.5933 3.81635
19.0858 3.85952
19.5783 3.90269
20.0708 3.94585
20.5655 3.94585
21.0602 3.94585
21.555 3.94585
22.0497 3.94585
22.5444 3.94585
23.0391 3.94585
23.5338 3.94585
24.0285 3.94585
24.5233 3.94585
25.018 3.94585
25.5127 3.94585
26.0074 3.94585
26.5021 3.94585
26.9968 3.94585
27.4916 3.94585
27.9863 3.94585
28.481 3.94585
30.872 4.57598
33.263 4.57598
35.654 4.57598
38.045 4.57598
40.436 4.57598
42.827 4.57598
45.218 4.57598
47.609 4.57598
50.0 4.57598
0.0 1.23816
0.540432 1.23816
1.08086 1.5713
1.6213 1.90443
2.16173 2.23757
2.70216 2.5707
3.24259 2.90384
3.6989 2.90384
4.1552 2.88421
4.61151 2.86458
5.06781 2.84494
5.56842 2.84494
6.06903 2.88186
6.56963 2.91878
7.07024 2.95569
7.57085 2.99261
8.07145 3.02953
8.57206 3.06644
9.07267 3.10336
9.57327 3.14027
10.0739 3.17719
10.5745 3.21411
11.0751 3.25102
11.5679 3.25102
12.0608 3.27969
12.5536 3.30836
13.0464 3.33703
13.5393 3.3657
14.0321 3.39437
14.5249 3.42304
15.0393 3.42304
15.5536 3.42304
16.0679 3.42304
16.5823 3.42304
17.0966 3.42304
17.611 3.42304
18.1253 3.42304
18.6396 3.42304
21.052 4.76877
23.4643 4.76877
25.8766 4.76877
28.289 4.76877
30.7013 4.76877
33.1136 4.76877
35.526 4.76877
37.9383 4.76877
40.3507 4.76877
42.763 4.76877
45.1753 4.76877
47.5877 4.76877
50.0 4.76877
0.0 1.18978
0.50431 1.18978
1.00862 1.49613
1.51293 1.80248
2.01724 2.10883
2.52155 2.41517
3.02586 2.72152
3.47926 2.72152
3.93267 2.80161
4.38607 2.88169
4.83948 2.96178
5.29288 3.04186
5.85439 3.04186
6.41589 3.12334
6.97739 3.20481
7.5389 3.28628
8.02626 3.28628
8.51363 3.28739
9.001 3.2885
9.48837 3.28961
9.97573 3.29072
10.4631 3.29183
10.9505 3.29294
11.4378 3.29405
11.9252 3.29516
12.4126 3.29627
12.8999 3.29738
13.3873 3.29849
13.8747 3.2996
14.3669 3.2996
14.8592 3.2996
15.3514 3.2996
15.8436 3.2996
16.3359 3.2996
16.8281 3.2996
17.3204 3.2996
17.8126 3.2996
18.3049 3.2996
18.7971 3.2996
21.3973 4.44426
23.9976 4.44426
26.5978 4.44426
29.1981 4.44426
31.7983 4.44426
34.3986 4.44426
36.9988 4.44426
39.599 4.44426
42.1993 4.44426
44.7995 4.44426
47.3998 4.44426
50.0 4.44426
0.0 1.08567
0.513657 1.08567
1.02731 1.36338
1.54097 1.64108
2.05463 1.91879
2.56829 2.1965
3.08194 2.47421
3.5956 2.75192
4.1064 2.75192
4.61719 2.77831
5.12799 2.80469
5.63878 2.83108
6.14958 2.85747
6.66037 2.88386
7.17117 2.91024
7.68197 2.93663
8.19276 2.96302
8.70356 2.98941
9.21435 3.01579
9.72515 3.04218
10.2446 3.04218
10.764 3.05012
11.2834 3.05805
11.7994 3.05805
12.3153 3.12526
12.8312 3.19247
13.3471 3.25968
13.8631 3.32689
14.379 3.39409
14.8949 3.4613
15.4108 3.52851
15.9268 3.59572
16.4427 3.66293
16.9586 3.73013
17.4745 3.79734
17.9905 3.86455
18.5064 3.93176
19.0223 3.99897
19.5203 3.99897
20.0183 3.99897
20.5163 3.99897
21.0144 3.99897
21.5124 3.99897
22.0104 3.99897
22.5084 3.99897
23.0064 3.99897
23.5044 3.99897
24.0024 3.99897
24.5004 3.99897
24.9984 3.99897
25.4964 3.99897
25.9944 3.99897
26.4924 3.99897
26.9904 3.99897
27.4884 3.99897
27.9865 3.99897
28.4845 3.99897
30.8751 4.488
33.2657 4.488
35.6563 4.488
38.0469 4.488
40.4375 4.488
42.8282 4.488
45.2188 4.488
47.6094 4.488
50.0 4.488
0.0 1.21437
0.522597 1.21437
1.04519 1.47592
1.56779 1.73747
2.09039 1.99902
2.61298 2.26058
3.13558 2.52213
3.65818 2.78368
4.18077 3.04523
4.6875 3.04523
5.19422 3.05488
5.70094 3.06452
6.20767 3.07417
6.71439 3.08382
7.22112 3.09346
7.72784 3.10311
8.23456 3.11276
8.74129 3.1224
9.24801 3.13205
9.75473 3.1417
10.2615 3.15134
10.8386 3.15134
11.4158 2.99236
11.993 2.83338
12.5002 2.83338
13.0073 2.89743
13.5145 2.96147
14.0217 3.02551
14.5288 3.08955
15.036 3.15359
15.5432 3.21763
16.0503 3.28167
16.5575 3.34571
17.0647 3.40976
17.5718 3.4738
18.079 3.53784
18.5862 3.60188
19.0933 3.66592
19.6005 3.72996
20.1076 3.794
20.6148 3.85805
21.122 3.92209
21.6291 3.98613
22.1363 4.05017
22.6435 4.11421
23.1506 4.17825
23.6578 4.24229
24.165 4.30634
24.6564 4.30634
25.1479 4.30634
25.6394 4.30634
26.1308 4.30634
26.6223 4.30634
27.1138 4.30634
27.6052 4.30634
28.0967 4.30634
28.5882 4.30634
29.0796 4.30634
29.5711 4.30634
30.0626 4.30634
32.5548 4.64072
35.0469 4.64072
37.5391 4.64072
40.0313 4.64072
42.5235 4.64072
45.0156 4.64072
47.5078 4.64072
50.0 4.64072
0.0 1.21798
0.516101 1.21798
1.0322 1.52424
1.5483 1.83049
2.0644 2.13674
2.58051 2.44299
3.09661 2.74925
3.61518 2.74925
4.13375 2.84482
4.65232 2.94039
5.17089 3.03596
5.65807 3.03596
6.14524 3.0674
6.63241 3.09884
7.11958 3.13028
7.60676 3.16172
8.09393 3.19316
8.5811 3.2246
9.06828 3.25604
9.55545 3.28748
10.0545 3.28748
10.5536 3.29556
11.0526 3.30363
11.5517 3.3117
12.0508 3.31978
12.5498 3.32785
13.0489 3.33592
13.5304 3.33592
14.0119 3.33592
14.4934 3.33592
14.9749 3.33592
15.4564 3.33592
15.9379 3.33592
16.4194 3.33592
16.9009 3.33592
17.3824 3.33592
17.8639 3.33592
18.3454 3.33592
18.8269 3.33592
21.4246 4.46605
24.0224 4.46605
26.6201 4.46605
29.2179 4.46605
31.8157 4.46605
34.4134 4.46605
37.0112 4.46605
39.609 4.46605
42.2067 4.46605
44.8045 4.46605
47.4022 4.46605
50.0 4.46605
0.0 1.1927
0.5282 1.1927
1.0564 1.53767
1.5846 1.88265
2.1128 2.22762
2.641 2.5726
3.1692 2.91757
3.6385 2.91757
4.1078 2.90054
4.57709 2.88351
5.04639 2.86648
5.51569 2.84945
5.98498 2.83242
6.45428 2.81538
6.92358 2.79835
7.38568 2.79835
7.84778 2.93003
8.30989 3.06171
8.79334 3.06171
9.2768 3.08168
9.76026 3.10166
10.2437 3.12163
10.7272 3.14161
11.2106 3.16158
11.6941 3.18156
12.1794 3.18156
12.6647 3.18156
13.1501 3.18156
13.6354 3.18156
14.1207 3.18156
14.6061 3.18156
15.0914 3.18156
15.5767 3.18156
16.062 3.18156
16.5474 3.18156
17.0327 3.18156
17.518 3.18156
20.0166 4.52048
22.5153 4.52048
25.0139 4.52048
27.5125 4.52048
30.0111 4.52048
32.5097 4.52048
35.0083 4.52048
37.5069 4.52048
40.0055 4.52048
42.5042 4.52048
45.0028 4.52048
47.5014 4.52048
50.0 4.52048
0.0 1.03876
0.466819 1.03876
0.933637 1.31744
1.40046 1.59613
1.86727 1.87482
2.33409 2.15351
2.80091 2.43219
3.26773 2.71088
3.79313 2.71088
4.31853 2.74181
4.84393 2.77275
5.36933 2.80368
5.89474 2.83462
6.42014 2.86555
6.94554 2.89648
7.47094 2.92742
7.99634 2.95835
8.48377 2.95835
8.97121 2.97667
9.45864 2.99499
9.94608 3.0133
10.4335 3.03162
10.9209 3.04994
11.4084 3.06826
11.8958 3.08657
12.3991 3.08657
12.9024 3.15878
13.4057 3.23099
13.9089 3.3032
14.4122 3.37541
14.9155 3.44762
15.4188 3.51983
15.9221 3.59204
16.4254 3.66425
16.9286 3.73646
17.4319 3.80867
17.9352 3.88088
18.4385 3.95309
18.9418 4.02529
19.4403 4.02529
19.9389 4.02529
20.4374 4.02529
20.9359 4.02529
21.4345 4.02529
21.933 4.02529
22.4316 4.02529
22.9301 4.02529
23.4287 4.02529
23.9272 4.02529
24.4258 4.02529
24.9243 4.02529
25.4228 4.02529
25.9214 4.02529
26.4199 4.02529
26.9185 4.02529
27.417 4.02529
27.9156 4.02529
28.4141 4.02529
30.8125 4.43891
33.211 4.43891
35.6094 4.43891
38.0078 4.43891
40.4063 4.43891
42.8047 4.43891
45.2031 4.43891
47.6016 4.43891
50.0 4.43891
0.0 1.28058
0.529263 1.28058
1.05853 1.61509
1.58779 1.94961
2.11705 2.28412
2.64631 2.61864
3.14336 2.61864
3.6404 2.65842
4.13745 2.6982
4.63449 2.73798
5.13154 2.77775
5.62858 2.81753
6.12563 2.85731
6.62268 2.89709
7.11972 2.93687
7.61677 2.97665
8.11381 3.01643
8.61086 3.05621
9.1079 3.09599
9.60495 3.13577
10.102 3.17555
10.599 3.21533
11.0961 3.25511
11.5931 3.29489
12.0902 3.33467
12.5872 3.37445
13.0843 3.41423
13.5813 3.45401
14.0784 3.49379
14.5759 3.49379
15.0735 3.51546
15.5711 3.53714
16.0687 3.55882
16.5663 3.5805
17.0639 3.60218
17.5615 3.62385
18.0591 3.64553
18.5566 3.66721
19.0542 3.68889
19.5518 3.71057
20.0494 3.73224
20.547 3.75392
21.0446 3.7756
21.5422 3.79728
22.0398 3.81896
22.5374 3.84063
23.0349 3.86231
23.5325 3.88399
24.0301 3.90567
24.5277 3.92735
25.0253 3.94902
25.5229 3.9707
26.0205 3.99238
26.5181 4.01406
27.0156 4.03574
27.5132 4.05742
28.0108 4.07909
28.5084 4.10077
29.006 4.12245
29.5036 4.14413
30.0012 4.16581
30.4988 4.18748
30.9963 4.20916
31.4939 4.23084
31.9915 4.25252
32.4891 4.2742
32.9881 4.2742
33.4871 4.31177
33.986 4.34934
34.485 4.38691
34.984 4.42449
35.483 4.46206
35.982 4.49963
36.4809 4.5372
36.9799 4.57478
37.4789 4.61235
37.9773 4.61235
38.4756 4.61235
38.974 4.61235
39.4724 4.61235
39.9708 4.61235
40.4691 4.61235
40.9675 4.61235
41.4659 4.61235
44.3106 4.64947
47.1553 4.64947
50.0 4.64947
0.0 1.49599
0.509342 1.49599
1.01868 1.67824
1.52803 1.86049
2.03737 2.04275
2.54671 2.225
3.05605 2.40725
3.56539 2.5895
4.07473 2.77176
4.57323 2.77176
5.07172 2.80672
5.57021 2.84169
6.0687 2.87665
6.5672 2.91162
7.06569 2.94659
7.56418 2.98155
8.06267 3.01652
8.56117 3.05149
9.05966 3.08645
9.55815 3.12142
10.0323 3.12142
10.5064 3.10448
10.9805 3.08754
11.4546 3.0706
11.9288 3.05366
12.4029 3.03672
12.877 3.01978
13.3511 3.00284
13.8252 2.9859
14.3001 2.9859
14.775 3.10922
15.2499 3.23253
15.7248 3.35585
16.1996 3.47917
16.6745 3.60248
17.0034 3.60248
17.3323 3.60248
19.8452 4.49207
22.3581 4.49207
24.871 4.49207
27.3839 4.49207
29.8968 4.49207
32.4097 4.49207
34.9226 4.49207
37.4355 4.49207
39.9484 4.49207
42.4613 4.49207
44.9742 4.49207
47.4871 4.49207
50.0 4.49207
0.0 1.16336
0.500717 1.16336
1.00143 1.52567
1.50215 1.88799
2.00287 2.2503
2.50358 2.61261
3.0043 2.97492
3.47352 2.97492
3.94273 2.95645
4.41195 2.93798
4.88117 2.91951
5.35038 2.90104
5.8196 2.88257
6.33473 2.88257
6.84987 2.93518
7.365 2.9878
7.88013 3.04042
8.39527 3.09303
8.9104 3.14565
9.42553 3.19827
9.94067 3.25089
10.4558 3.3035
10.941 3.3035
11.4263 3.31519
11.9115 3.32688
12.3967 3.33856
12.882 3.35025
13.3672 3.36194
13.8524 3.37362
14.3376 3.38531
14.8229 3.397
15.3081 3.40868
15.7933 3.42037
16.2786 3.43206
16.834 3.43206
17.3894 3.43206
17.9449 3.43206
18.5003 3.43206
20.9234 4.75681
23.3464 4.75681
25.7695 4.75681
28.1925 4.75681
30.6156 4.75681
33.0386 4.75681
35.4617 4.75681
37.8847 4.75681
40.3078 4.75681
42.7308 4.75681
45.1539 4.75681
47.5769 4.75681
50.0 4.75681
0.0 1.19447
0.499627 1.19447
0.999254 1.52458
1.49888 1.85468
1.99851 2.18479
2.49813 2.5149
2.99776 2.845
3.46741 2.845
3.93705 2.82938
4.4067 2.81376
4.87634 2.79814
5.34599 2.78253
5.8163 2.78253
6.28661 2.82997
6.75693 2.87741
7.22724 2.92486
7.69755 2.9723
8.17711 2.9723
8.65667 2.99788
9.13623 3.02346
9.61579 3.04903
10.0954 3.07461
10.5749 3.10018
11.0545 3.12576
11.534 3.15134
12.0136 3.17691
12.4931 3.20249
12.9727 3.22806
13.4657 3.22806
13.9588 3.22806
14.4518 3.22806
14.9448 3.22806
15.4379 3.22806
15.9309 3.22806
16.4239 3.22806
16.917 3.22806
17.41 3.22806
19.9169 4.58866
22.4239 4.58866
24.9308 4.58866
27.4377 4.58866
29.9446 4.58866
32.4515 4.58866
34.9585 4.58866
37.4654 4.58866
39.9723 4.58866
42.4792 4.58866
44.9862 4.58866
47.4931 4.58866
50.0 4.58866
0.0 1.15117
0.471244 1.15117
0.942487 1.48401
1.41373 1.81685
1.88497 2.14969
2.35622 2.48253
2.82746 2.81536
3.35545 2.81536
3.88345 2.89511
4.38583 2.89511
4.88821 2.98218
5.39287 2.98218
5.89754 2.99698
6.4022 3.01178
6.90686 3.02658
7.41153 3.04138
7.91619 3.05618
8.42085 3.07098
8.92552 3.08578
9.43018 3.10058
9.93484 3.11538
10.4395 3.13018
10.9442 3.14498
11.4488 3.15978
11.9535 3.17458
12.4582 3.18938
12.9628 3.20418
13.4675 3.21898
13.9722 3.23378
14.4768 3.24858
14.97 3.24858
15.4631 3.24858
15.9563 3.24858
16.4494 3.24858
16.9426 3.24858
17.4358 3.24858
19.9407 4.59984
22.4456 4.59984
24.9506 4.59984
27.4555 4.59984
29.9605 4.59984
32.4654 4.59984
34.9703 4.59984
37.4753 4.59984
39.9802 4.59984
42.4852 4.59984
44.9901 4.59984
47.4951 4.59984
50.0 4.59984
0.0 1.41476
0.48445 1.41476
0.968901 1.66598
1.45335 1.9172
1.9378 2.16842
2.42225 2.41964
2.9067 2.67086
3.39115 2.92208
3.86863 2.92208
4.34611 2.95345
4.82358 2.98483
5.30106 3.0162
5.77853 3.04758
6.25601 3.07895
6.73349 3.11033
7.18649 3.11033
7.67472 3.29867
8.16295 3.32033
8.65118 3.34199
9.13941 3.36365
9.62764 3.38531
10.1159 3.40698
10.6041 3.42864
11.0923 3.4503
11.5806 3.47196
12.0688 3.49362
12.557 3.51528
13.0452 3.53695
13.5452 3.53695
14.0452 3.53695
14.5452 3.53695
15.0452 3.53695
15.5451 3.53695
16.0451 3.53695
16.5451 3.53695
17.0451 3.53695
17.545 3.53695
18.045 3.53695
18.545 3.53695
19.045 3.53695
19.545 3.53695
20.0449 3.53695
20.5449 3.53695
21.0449 3.53695
23.4578 4.80332
25.8707 4.80332
28.2837 4.80332
30.6966 4.80332
33.1095 4.80332
35.5224 4.80332
37.9354 4.80332
40.3483 4.80332
42.7612 4.80332
45.1741 4.80332
47.5871 4.80332
50.0 4.80332
0.0 1.17297
0.478811 1.17297
0.957623 1.44663
1.43643 1.72028
1.91525 1.99394
2.39406 2.2676
2.87287 2.54126
3.35168 2.81491
3.86028 2.81491
4.36887 2.87295
4.87747 2.93099
5.38607 2.98903
5.89466 3.04708
6.42614 3.04708
6.95763 3.12789
7.48911 3.2087
8.02059 3.28951
8.54137 3.28951
9.06216 3.30516
9.58295 3.32081
10.1037 3.33646
10.6245 3.35211
11.1453 3.36776
11.6661 3.38341
12.1869 3.39906
12.7077 3.41471
13.2132 3.41471
13.7187 3.41471
14.2242 3.41471
14.7297 3.41471
15.2353 3.41471
15.7408 3.41471
16.2463 3.41471
16.7518 3.41471
17.2573 3.41471
17.7628 3.41471
18.2684 3.41471
18.7739 3.41471
21.3761 4.42383
23.9782 4.42383
26.5804 4.42383
29.1826 4.42383
31.7848 4.42383
34.3869 4.42383
36.9891 4.42383
39.5913 4.42383
42.1935 4.42383
44.7956 4.42383
47.3978 4.42383
50.0 4.42383
0.0 1.35093
0.513301 1.35093
1.0266 1.54676
1.5399 1.74259
2.05321 1.93841
2.56651 2.13424
3.07981 2.33007
3.59311 2.52589
4.10641 2.72172
4.60516 2.72172
5.1039 2.75134
5.60264 2.78097
6.10139 2.81059
6.60013 2.84022
7.09888 2.86984
7.59762 2.89946
8.09637 2.92909
8.59511 2.95871
9.09385 2.98834
9.5926 3.01796
10.0913 3.04759
10.5901 3.07721
11.0888 3.10683
11.5876 3.13646
12.0863 3.16608
12.5851 3.19571
13.0838 3.22533
13.5826 3.25495
14.0813 3.28458
14.58 3.3142
15.0788 3.34383
15.5775 3.37345
16.0763 3.40307
16.575 3.4327
17.0738 3.46232
17.5725 3.49195
18.0713 3.52157
18.57 3.5512
19.0687 3.58082
19.5675 3.61044
20.0662 3.64007
20.565 3.66969
21.0637 3.69932
21.5625 3.72894
22.0612 3.75856
22.56 3.78819
23.0587 3.81781
23.5574 3.84744
24.0644 3.84744
24.5713 3.90785
25.0782 3.96827
25.5852 4.02868
26.0921 4.0891
26.599 4.14952
27.106 4.20993
27.6129 4.27035
28.1198 4.33076
28.6268 4.39118
29.1337 4.4516
29.6406 4.51201
30.1476 4.57243
30.6545 4.63284
31.123 4.63284
31.5915 4.6021
32.06 4.57135
32.5285 4.54061
32.9969 4.50986
33.4654 4.47912
33.9339 4.44837
34.4335 4.44837
34.9331 4.44837
35.4327 4.44837
35.9323 4.44837
36.4319 4.44837
36.9315 4.44837
37.4311 4.44837
37.9307 4.44837
38.4303 4.44837
38.9299 4.44837
39.4295 4.44837
39.9291 4.44837
40.4287 4.44837
40.9283 4.44837
41.4279 4.44837
41.9275 4.44837
42.4271 4.44837
42.9267 4.44837
43.4263 4.44837
43.9259 4.44837
44.4255 4.44837
44.9251 4.44837
45.4247 4.44837
45.9243 4.44837
46.4239 4.44837
48.212 4.48653
50.0 4.48653
0.0 1.26062
0.528391 1.26062
1.05678 1.46989
1.58517 1.67916
2.11356 1.88843
2.64196 2.0977
3.17035 2.30697
3.69874 2.51624
4.22713 2.72551
4.73443 2.72551
5.24172 2.75911
5.74902 2.7927
6.25631 2.8263
6.76361 2.8599
7.2709 2.89349
7.7782 2.92709
8.2855 2.96069
8.79279 2.99428
9.30009 3.02788
9.80738 3.06148
10.3147 3.09507
10.822 3.12867
11.3293 3.16227
11.8366 3.19586
12.3439 3.22946
12.8512 3.26306
13.3585 3.29665
13.8658 3.33025
14.373 3.36385
14.8803 3.39744
15.3876 3.43104
15.8949 3.46464
16.4022 3.49823
16.9095 3.53183
17.4168 3.56543
17.9241 3.59902
18.4077 3.59902
18.8913 3.62772
19.3749 3.65642
19.8585 3.68511
20.3421 3.71381
20.8257 3.74251
21.3093 3.7712
21.7929 3.7999
22.2765 3.8286
22.7601 3.85729
23.2437 3.88599
23.7273 3.91469
24.2109 3.94338
24.6758 3.94338
25.1408 4.057
25.6058 4.17063
26.1218 4.17063
26.6377 4.17063
27.1537 4.17063
27.6697 4.17063
28.1857 4.17063
28.7017 4.17063
29.2176 4.17063
29.7336 4.17063
30.2496 4.17063
30.7656 4.17063
31.2815 4.17063
31.7975 4.17063
32.3135 4.17063
34.8401 4.43107
37.3668 4.43107
39.8934 4.43107
42.4201 4.43107
44.9467 4.43107
47.4734 4.43107
50.0 4.43107
0.0 1.03913
0.463541 1.03913
0.927083 1.42902
1.39062 1.8189
1.85417 2.20878
2.31771 2.59867
2.78125 2.98855
3.28345 2.98855
3.78566 2.95783
4.28787 2.92712
4.79007 2.8964
5.29228 2.86568
5.7924 2.86568
6.29252 2.91847
6.79263 2.97125
7.29275 3.02404
7.79287 3.07682
8.29299 3.12961
8.79311 3.18239
9.29323 3.23518
9.79334 3.28796
10.2935 3.34075
10.7936 3.39353
11.2993 3.39353
11.8049 3.39862
12.3106 3.40371
12.8163 3.4088
13.322 3.41389
13.8276 3.41898
14.3333 3.42407
14.839 3.42916
15.3447 3.43425
15.8504 3.43934
16.356 3.44443
16.8671 3.44443
17.3781 3.44443
17.8892 3.44443
18.4003 3.44443
20.831 4.69686
23.2618 4.69686
25.6925 4.69686
28.1233 4.69686
30.554 4.69686
32.9848 4.69686
35.4155 4.69686
37.8463 4.69686
40.277 4.69686
42.7078 4.69686
45.1385 4.69686
47.5693 4.69686
50.0 4.69686
0.0 1.15394
0.482389 1.15394
0.964777 1.48476
1.44717 1.81559
1.92955 2.14642
2.41194 2.47725
2.89433 2.80807
3.4089 2.80807
3.92346 2.81602
4.43802 2.82396
4.95259 2.83191
5.46715 2.83985
5.98171 2.8478
6.49628 2.85574
7.01084 2.86369
7.5254 2.87163
8.03997 2.87958
8.55453 2.88752
9.01849 2.88752
9.48245 2.95918
10.0076 2.95918
10.5327 2.99273
11.0579 3.02629
11.583 3.05984
12.1082 3.09339
12.6333 3.12695
13.1585 3.1605
13.6836 3.19405
14.2088 3.2276
14.68 3.2276
15.1513 3.2276
15.6225 3.2276
16.0938 3.2276
16.565 3.2276
17.0363 3.2276
17.5075 3.2276
20.0069 4.52149
22.5064 4.52149
25.0058 4.52149
27.5052 4.52149
30.0046 4.52149
32.504 4.52149
35.0035 4.52149
37.5029 4.52149
40.0023 4.52149
42.5017 4.52149
45.0012 4.52149
47.5006 4.52149
50.0 4.52149
0.0 0.98805
0.494846 0.98805
0.989692 1.40464
1.48454 1.82124
1.97938 2.23783
2.47423 2.65442
2.96908 3.07101
3.51271 3.07101
4.05634 2.85635
4.54417 2.85635
5.03199 2.89887
5.51982 2.94139
6.00764 2.98391
6.49546 3.02643
6.98329 3.06895
7.47111 3.11147
7.95894 3.15399
8.44676 3.19651
8.93459 3.23903
9.42241 3.28155
9.91024 3.32407
10.3981 3.36659
10.8859 3.4091
11.3737 3.45162
11.8845 3.45162
12.3953 3.44023
12.906 3.42884
13.4168 3.41745
13.9276 3.40605
14.4384 3.39466
14.9491 3.38327
15.4599 3.37187
15.954 3.37187
16.448 3.37187
16.9421 3.37187
17.4362 3.37187
17.9302 3.37187
18.4243 3.37187
20.8532 4.64296
23.2821 4.64296
25.711 4.64296
28.1399 4.64296
30.5688 4.64296
32.9977 4.64296
35.4266 4.64296
37.8555 4.64296
40.2844 4.64296
42.7133 4.64296
45.1422 4.64296
47.5711 4.64296
50.0 4.64296
0.0 1.12645
0.504419 1.12645
1.00884 1.48162
1.51326 1.8368
2.01768 2.19197
2.5221 2.54714
3.02652 2.90231
3.52887 2.90231
4.03123 2.88844
4.53358 2.87456
5.03594 2.86069
5.53829 2.84682
6.04065 2.83295
6.54301 2.81908
7.04536 2.80521
7.56123 2.80521
8.0771 2.85259
8.59297 2.89997
9.10884 2.94735
9.59891 2.94735
10.089 2.97364
10.5791 2.99993
11.0691 3.02621
11.5592 3.0525
12.0493 3.07879
12.5393 3.10507
13.0294 3.13136
13.5195 3.15765
14.0095 3.18394
14.4996 3.21022
14.9857 3.21022
15.4717 3.21022
15.9577 3.21022
16.4438 3.21022
16.9298 3.21022
17.4158 3.21022
19.9223 4.53229
22.4288 4.53229
24.9353 4.53229
27.4417 4.53229
29.9482 4.53229
32.4547 4.53229
34.9612 4.53229
37.4676 4.53229
39.9741 4.53229
42.4806 4.53229
44.9871 4.53229
47.4935 4.53229
50.0 4.53229
0.0 1.11046
0.510613 1.11046
1.02123 1.466
1.53184 1.82153
2.04245 2.17706
2.55306 2.5326
3.06368 2.88813
3.5667 2.88813
4.06973 2.88765
4.57275 2.88717
5.07578 2.88668
5.57881 2.8862
6.08183 2.88571
6.58486 2.88523
7.08789 2.88475
7.59091 2.88426
8.06137 2.88426
8.53182 2.90512
9.00228 2.92599
9.47274 2.94685
9.94319 2.96771
10.4137 2.98857
10.9173 2.98857
11.421 3.01629
11.9247 3.04401
12.4284 3.07172
12.9321 3.09944
13.4358 3.12715
13.9395 3.15487
14.4431 3.18258
14.9468 3.2103
15.4505 3.23801
15.9556 3.23801
16.4606 3.23801
16.9657 3.23801
17.4707 3.23801
19.973 4.48644
22.4752 4.48644
24.9775 4.48644
27.4797 4.48644
29.982 4.48644
32.4842 4.48644
34.9865 4.48644
37.4887 4.48644
39.991 4.48644
42.4932 4.48644
44.9955 4.48644
47.4977 4.48644
50.0 4.48644
0.0 1.28054
0.481117 1.28054
0.962233 1.5238
1.44335 1.76706
1.92447 2.01033
2.40558 2.25359
2.8867 2.49685
3.36782 2.74011
3.86581 2.74011
4.36381 2.77438
4.8618 2.80864
5.3598 2.84291
5.85779 2.87718
6.33847 2.87718
6.81915 2.98067
7.29983 3.08417
7.78051 3.18766
8.26119 3.29116
8.74636 3.29116
9.23153 3.3073
9.7167 3.32345
10.2019 3.33959
10.687 3.35574
11.1722 3.37189
11.6574 3.38803
12.1463 3.38803
12.6353 3.38803
13.1242 3.38803
13.6131 3.38803
14.1021 3.38803
14.591 3.38803
15.08 3.38803
15.5689 3.38803
16.0579 3.38803
16.5468 3.38803
17.0357 3.38803
17.5247 3.38803
18.0136 3.38803
18.5026 3.38803
20.9254 4.42165
23.3483 4.42165
25.7712 4.42165
28.1941 4.42165
30.617 4.42165
33.0398 4.42165
35.4627 4.42165
37.8856 4.42165
40.3085 4.42165
42.7314 4.42165
45.1542 4.42165
47.5771 4.42165
50.0 4.42165
0.0 1.31883
0.524648 1.31883
1.0493 1.581
1.57394 1.84318
2.09859 2.10535
2.62324 2.36752
3.14789 2.6297
3.62951 2.6297
4.11113 2.68321
4.59275 2.73672
5.07437 2.79024
5.55599 2.84375
6.0103 2.84375
6.46462 2.91121
6.91894 2.97867
7.37326 3.04613
7.93589 3.04613
8.49853 3.13559
9.00952 3.13559
9.52052 3.13559
10.0315 3.13559
10.5425 3.13559
11.0535 3.13559
11.5645 3.13559
12.0755 3.13559
12.5865 3.13559
13.0975 3.13559
13.6085 3.13559
14.1195 3.13559
14.6305 3.13559
15.1415 3.13559
15.6525 3.13559
16.1635 3.13559
16.6745 3.13559
19.238 4.54318
21.8015 4.54318
24.365 4.54318
26.9285 4.54318
29.492 4.54318
32.0555 4.54318
34.619 4.54318
37.1825 4.54318
39.746 4.54318
42.3095 4.54318
44.873 4.54318
47.4365 4.54318
50.0 4.54318
0.0 1.26913
0.49847 1.26913
0.99694 1.47238
1.49541 1.67564
1.99388 1.87889
2.49235 2.08214
2.99082 2.28539
3.48929 2.48865
3.98776 2.6919
4.49687 2.6919
5.00598 2.72647
5.51509 2.76103
6.0242 2.7956
6.5333 2.83016
7.04241 2.86472
7.55152 2.89929
8.06063 2.93385
8.56974 2.96842
9.07885 3.00298
9.58795 3.03755
10.0971 3.07211
10.6062 3.10668
11.1153 3.14124
11.6244 3.17581
12.1335 3.21037
12.6426 3.24494
13.1517 3.2795
13.6608 3.31407
14.1699 3.34863
14.679 3.3832
15.1881 3.41776
15.6973 3.45233
16.2064 3.48689
16.7155 3.52146
17.2246 3.55602
17.7099 3.55602
18.1952 3.58566
18.6806 3.61529
19.1659 3.64493
19.6512 3.67456
20.1366 3.7042
20.6219 3.73384
21.1072 3.76347
21.5926 3.79311
22.0779 3.82274
22.5632 3.85238
23.0485 3.88201
23.5339 3.91165
24.0382 3.91165
24.5426 3.94763
25.0469 3.98361
25.5513 4.01959
26.0556 4.05558
26.56 4.09156
27.0644 4.12754
27.5687 4.16352
28.0731 4.19951
28.5894 4.19951
29.1057 4.19951
29.622 4.19951
30.1383 4.19951
30.6547 4.19951
31.171 4.19951
31.6873 4.19951
32.2036 4.19951
34.746 4.40582
37.2883 4.40582
39.8306 4.40582
42.373 4.40582
44.9153 4.40582
47.4577 4.40582
50.0 4.40582
0.0 1.24357
0.535659 1.24357
1.07132 1.62938
1.60698 2.01519
2.14264 2.40101
2.6783 2.78682
3.19065 2.78682
3.70301 2.79307
4.21537 2.79932
4.72772 2.80556
5.24008 2.81181
5.75244 2.81806
6.23602 2.81806
6.71961 2.91202
7.2032 3.00599
7.68679 3.09995
8.17037 3.19392
8.65396 3.28788
9.14771 3.28788
9.64147 3.29578
10.1352 3.30367
10.629 3.31157
11.1227 3.31946
11.6165 3.32736
12.1102 3.33525
12.604 3.34315
13.0977 3.35104
13.5915 3.35894
14.0837 3.35894
14.5759 3.35894
15.0681 3.35894
15.5603 3.35894
16.0525 3.35894
16.5447 3.35894
17.0369 3.35894
17.5291 3.35894
18.0213 3.35894
18.5135 3.35894
20.9356 4.48759
23.3576 4.48759
25.7797 4.48759
28.2017 4.48759
30.6237 4.48759
33.0458 4.48759
35.4678 4.48759
37.8898 4.48759
40.3119 4.48759
42.7339 4.48759
45.1559 4.48759
47.578 4.48759
50.0 4.48759
0.0 1.06049
0.488234 1.06049
0.976467 1.46255
1.4647 1.86461
1.95293 2.26666
2.44117 2.66872
2.9294 3.07078
3.41373 3.07078
3.89806 3.03169
4.38238 2.99261
4.86671 2.95352
5.35104 2.91444
5.83537 2.87535
6.33337 2.87535
6.83137 2.91055
7.32937 2.94574
7.82738 2.98094
8.32538 3.01614
8.82338 3.05133
9.32138 3.08653
9.81938 3.12172
10.3174 3.15692
10.8154 3.19212
11.3134 3.22731
11.8114 3.26251
12.3094 3.29771
12.8074 3.3329
13.3054 3.3681
13.8034 3.40329
14.2702 3.40329
14.737 3.37861
15.2038 3.35393
15.6706 3.32926
16.1374 3.30458
16.6041 3.2799
17.0947 3.2799
17.5853 3.2799
18.0758 3.2799
18.5664 3.2799
20.9844 4.60716
23.4023 4.60716
25.8203 4.60716
28.2383 4.60716
30.6562 4.60716
33.0742 4.60716
35.4922 4.60716
37.9102 4.60716
40.3281 4.60716
42.7461 4.60716
45.1641 4.60716
47.582 4.60716
50.0 4.60716
0.0 1.27217
0.539779 1.27217
1.07956 1.55441
1.61934 1.83666
2.15912 2.1189
2.6989 2.40115
3.23868 2.68339
3.71414 2.68339
4.1896 2.709
4.66506 2.73461
5.14052 2.76021
5.61599 2.78582
6.09145 2.81143
6.57108 2.81143
7.05072 3.11747
7.55025 3.11747
8.04979 3.11641
8.54933 3.11536
9.04887 3.11431
9.54841 3.11325
10.0479 3.1122
10.5475 3.11115
11.047 3.11009
11.5466 3.10904
12.0461 3.10799
12.5456 3.10693
13.0452 3.10588
13.5663 3.10588
14.0874 3.10588
14.6085 3.10588
15.1296 3.10588
15.6507 3.10588
16.1718 3.10588
16.6929 3.10588
19.255 4.50693
21.8171 4.50693
24.3792 4.50693
26.9413 4.50693
29.5033 4.50693
32.0654 4.50693
34.6275 4.50693
37.1896 4.50693
39.7517 4.50693
42.3138 4.50693
44.8758 4.50693
47.4379 4.50693
50.0 4.50693
0.0 1.01942
0.468822 1.01942
0.937644 1.32959
1.40647 1.63976
1.87529 1.94993
2.34411 2.2601
2.81293 2.57027
3.28175 2.88044
3.81509 2.88044
4.34842 2.88433
4.88176 2.88822
5.4151 2.89211
5.94843 2.896
6.48177 2.89989
7.0151 2.90378
7.49076 2.90378
7.96641 2.91123
8.44207 2.91867
8.91772 2.92611
9.39337 2.93356
9.86903 2.941
10.3447 2.94844
10.8203 2.95589
11.3429 2.95589
11.8654 2.98363
12.3879 3.01137
12.9104 3.03911
13.4329 3.06685
13.9555 3.09459
14.478 3.12233
15.0005 3.15007
15.523 3.17781
16.0455 3.20556
16.5681 3.2333
17.0913 3.2333
17.6146 3.2333
20.1058 4.47328
22.597 4.47328
25.0882 4.47328
27.5793 4.47328
30.0705 4.47328
32.5617 4.47328
35.0529 4.47328
37.5441 4.47328
40.0353 4.47328
42.5264 4.47328
45.0176 4.47328
47.5088 4.47328
50.0 4.47328
0.0 1.28426
0.4965 1.28426
0.993 1.58803
1.4895 1.8918
1.986 2.19557
2.4825 2.49933
2.979 2.8031
3.44602 2.8031
3.91304 2.80833
4.38007 2.81355
4.84709 2.81877
5.31411 2.824
5.78113 2.82922
6.24815 2.83444
6.73601 2.83444
7.22386 2.97192
7.71171 3.1094
8.19956 3.24687
8.72175 3.24687
9.24394 3.26041
9.76612 3.27395
10.2883 3.28749
10.8105 3.30103
11.3327 3.31456
11.8549 3.3281
12.373 3.3281
12.8911 3.3281
13.4092 3.3281
13.9273 3.3281
14.4454 3.3281
14.9635 3.3281
15.4816 3.3281
15.9997 3.3281
16.5178 3.3281
17.0359 3.3281
17.554 3.3281
18.0721 3.3281
18.5902 3.3281
21.0063 4.50447
23.4225 4.50447
25.8386 4.50447
28.2547 4.50447
30.6709 4.50447
33.087 4.50447
35.5032 4.50447
37.9193 4.50447
40.3354 4.50447
42.7516 4.50447
45.1677 4.50447
47.5839 4.50447
50.0 4.50447
0.0 1.22277
0.475112 1.22277
0.950225 1.45337
1.42534 1.68396
1.90045 1.91455
2.37556 2.14514
2.85067 2.37573
3.32579 2.60633
3.8009 2.83692
4.27601 3.06751
4.76904 3.06751
5.26208 3.07325
5.75511 3.07899
6.24814 3.08473
6.74118 3.09047
7.23421 3.09621
7.72724 3.10195
8.22028 3.10769
8.71331 3.11343
9.20634 3.11917
9.69938 3.12491
10.1924 3.13065
10.6854 3.13639
11.2037 3.13639
11.722 3.00295
12.2403 2.8695
12.742 2.8695
13.2436 2.93163
13.7453 2.99375
14.247 3.05588
14.7486 3.11801
15.2503 3.18013
15.7519 3.24226
16.2536 3.30439
16.7553 3.36652
17.2569 3.42864
17.7586 3.49077
18.2603 3.5529
18.7619 3.61502
19.2636 3.67715
19.7653 3.73928
20.2669 3.8014
20.7686 3.86353
21.2702 3.92566
21.7719 3.98778
22.2736 4.04991
22.7752 4.11204
23.2769 4.17416
23.7786 4.23629
24.2802 4.29842
24.7877 4.29842
25.2952 4.29842
25.8027 4.29842
26.3102 4.29842
26.8177 4.29842
27.3252 4.29842
27.8327 4.29842
28.3402 4.29842
28.8477 4.29842
29.3552 4.29842
29.8627 4.29842
32.3799 4.56099
34.897 4.56099
37.4142 4.56099
39.9313 4.56099
42.4485 4.56099
44.9657 4.56099
47.4828 4.56099
50.0 4.56099
0.0 1.0275
0.517495 1.0275
1.03499 1.37096
1.55249 1.71441
2.06998 2.05787
2.58748 2.40132
3.10497 2.74478
3.6208 2.74478
4.13664 2.77943
4.65247 2.81408
5.1683 2.84873
5.68414 2.88338
6.19997 2.91803
6.7158 2.95267
7.23163 2.98732
7.74747 3.02197
8.23064 3.02197
8.71381 3.02887
9.19698 3.03577
9.68015 3.04268
10.1633 3.04958
10.6465 3.05648
11.1297 3.06338
11.6128 3.07028
12.1108 3.07028
12.6087 3.12271
13.1066 3.17515
13.6046 3.22758
14.1025 3.28002
14.6004 3.33245
15.0983 3.38488
15.5963 3.43732
16.0942 3.48975
16.5921 3.54219
17.0901 3.59462
17.588 3.64706
18.0859 3.69949
18.5839 3.75192
19.0818 3.80436
19.5797 3.85679
20.0776 3.90923
20.5756 3.96166
21.0735 4.0141
21.5746 4.0141
22.0758 4.0141
22.5769 4.0141
23.078 4.0141
23.5792 4.0141
24.0803 4.0141
24.5814 4.0141
25.0825 4.0141
25.5837 4.0141
26.0848 4.0141
26.5859 4.0141
27.0871 4.0141
27.5882 4.0141
28.0893 4.0141
28.5905 4.0141
30.9693 4.41963
33.3481 4.41963
35.727 4.41963
38.1058 4.41963
40.4846 4.41963
42.8635 4.41963
45.2423 4.41963
47.6212 4.41963
50.0 4.41963
0.0 1.22377
0.487382 1.22377
0.974763 1.48894
1.46215 1.75411
1.94953 2.01929
2.43691 2.28446
2.92429 2.54963
3.41167 2.8148
3.89754 2.8148
4.3834 2.85896
4.86926 2.90312
5.41387 2.90312
5.95847 2.99563
6.50307 3.08815
7.04767 3.18066
7.59228 3.27318
8.05377 3.27318
8.51526 3.28802
8.97675 3.30287
9.43824 3.31772
9.89973 3.33257
10.3612 3.34741
10.8702 3.34741
11.3791 3.34741
11.8881 3.34741
12.397 3.34741
12.906 3.34741
13.415 3.34741
13.9239 3.34741
14.4329 3.34741
14.9418 3.34741
15.4508 3.34741
15.9597 3.34741
16.4687 3.34741
16.9777 3.34741
17.4866 3.34741
17.9956 3.34741
18.5045 3.34741
20.9272 4.4705
23.35 4.4705
25.7727 4.4705
28.1954 4.4705
30.6182 4.4705
33.0409 4.4705
35.4636 4.4705
37.8864 4.4705
40.3091 4.4705
42.7318 4.4705
45.1545 4.4705
47.5773 4.4705
50.0 4.4705
0.0 0.996902
0.48233 0.996902
0.96466 1.24726
1.44699 1.49762
1.92932 1.74799
2.41165 1.99835
2.89398 2.24871
3.37631 2.49907
3.85864 2.74943
4.3322 2.74943
4.80577 2.77679
5.27933 2.80415
5.7529 2.8315
6.22646 2.85886
6.70003 2.88622
7.17359 2.91357
7.64716 2.94093
8.12072 2.96829
8.60174 2.96829
9.08276 2.98168
9.56378 2.99506
10.0448 3.00845
10.5258 3.02184
11.0068 3.03522
11.4879 3.04861
11.9689 3.062
12.4499 3.07538
12.9309 3.08877
13.4119 3.10216
13.9045 3.10216
14.3971 3.15622
14.8897 3.21027
15.3823 3.26433
15.8749 3.31839
16.3675 3.37244
16.8601 3.4265
17.3527 3.48056
17.8453 3.53462
18.3379 3.58867
18.8305 3.64273
19.3231 3.69679
19.8156 3.75085
20.3082 3.8049
20.8008 3.85896
21.2934 3.91302
21.786 3.96708
22.2786 4.02113
22.7692 4.02113
23.2598 4.02113
23.7504 4.02113
24.241 4.02113
24.7316 4.02113
25.2222 4.02113
25.7128 4.02113
26.2035 4.02113
26.6941 4.02113
27.1847 4.02113
27.6753 4.02113
28.1659 4.02113
28.6565 4.02113
31.028 4.40145
33.3995 4.40145
35.771 4.40145
38.1425 4.40145
40.514 4.40145
42.8855 4.40145
45.257 4.40145
47.6285 4.40145
50.0 4.40145
0.0 1.46271
0.523251 1.46271
1.0465 1.7108
1.56975 1.9589
2.09301 2.20699
2.61626 2.45509
3.13951 2.70319
3.66276 2.95128
4.13693 2.95128
4.6111 2.99581
5.08526 3.04034
5.55943 3.08486
6.0336 3.12939
6.54635 3.12939
7.0591 3.14724
7.57185 3.16508
8.08459 3.18293
8.59734 3.20078
9.11009 3.21863
9.62284 3.23647
10.1356 3.25432
10.6483 3.27217
11.1611 3.29001
11.6738 3.30786
12.1866 3.32571
12.6993 3.34356
13.2099 3.34356
13.7205 3.35833
14.2311 3.3731
14.7417 3.38786
15.2523 3.40263
15.7629 3.4174
16.2735 3.43217
16.7841 3.44694
17.2946 3.46171
17.8052 3.47648
18.3158 3.49125
18.8264 3.50602
19.4063 3.50602
19.9861 3.50602
20.566 3.50602
23.0188 4.68457
25.4716 4.68457
27.9245 4.68457
30.3773 4.68457
32.8302 4.68457
35.283 4.68457
37.7358 4.68457
40.1887 4.68457
42.6415 4.68457
45.0943 4.68457
47.5472 4.68457
50.0 4.68457
0.0 1.15878
0.513035 1.15878
1.02607 1.434
1.53911 1.70921
2.05214 1.98442
2.56518 2.25963
3.07821 2.53484
3.59125 2.81006
4.10428 3.08527
4.59978 3.08527
5.09529 3.08708
5.59079 3.08888
6.08629 3.09069
6.58179 3.0925
7.07729 3.0943
7.5728 3.09611
8.0683 3.09792
8.5638 3.09973
9.0593 3.10153
9.5548 3.10334
10.0503 3.10515
10.5458 3.10696
11.0642 3.10696
11.5825 2.9943
12.1009 2.88164
12.6102 2.88164
13.1194 2.9555
13.6287 3.02936
14.138 3.10322
14.6472 3.17709
15.1565 3.25095
15.6658 3.32481
16.175 3.39867
16.6843 3.47253
17.1936 3.54639
17.7028 3.62025
18.2121 3.69411
18.7214 3.76797
19.2307 3.84183
19.7399 3.91569
20.2492 3.98955
20.7585 4.06341
21.2677 4.13727
21.777 4.21113
22.2863 4.28499
22.7856 4.28499
23.285 4.28499
23.7843 4.28499
24.2837 4.28499
24.783 4.28499
25.2824 4.28499
25.7817 4.28499
26.2811 4.28499
26.7804 4.28499
27.2798 4.28499
27.7792 4.28499
28.2785 4.28499
28.7779 4.28499
29.2772 4.28499
29.7766 4.28499
32.3045 4.5875
34.8324 4.5875
37.3604 4.5875
39.8883 4.5875
42.4162 4.5875
44.9441 4.5875
47.4721 4.5875
50.0 4.5875
0.0 1.04067
0.469575 1.04067
0.93915 1.37286
1.40873 1.70505
1.8783 2.03723
2.34788 2.36942
2.81745 2.70161
3.33163 2.70161
3.84581 2.73441
4.35999 2.76722
4.87417 2.80003
5.38835 2.83284
5.90253 2.86565
6.41671 2.89846
6.93089 2.93126
7.44507 2.96407
7.94761 2.96407
8.45015 3.04305
8.95268 3.12204
9.45522 3.20102
9.95486 3.20102
10.4545 3.23052
10.9541 3.26002
11.4538 3.28952
11.9534 3.31902
12.4531 3.34852
12.9527 3.37803
13.4524 3.40753
13.952 3.43703
14.4516 3.46653
14.9513 3.49603
15.4509 3.52553
15.9506 3.55503
16.4502 3.58453
16.9498 3.61404
17.4495 3.64354
17.9491 3.67304
18.4488 3.70254
18.9484 3.73204
19.4481 3.76154
19.9477 3.79104
20.4473 3.82054
20.947 3.85005
21.4466 3.87955
21.9463 3.90905
22.4459 3.93855
22.9456 3.96805
23.4452 3.99755
23.9357 3.99755
24.4263 3.99755
24.9168 3.99755
25.4074 3.99755
25.8979 3.99755
26.3884 3.99755
26.879 3.99755
27.3695 3.99755
27.86 3.99755
28.3506 3.99755
28.8411 3.99755
31.486 4.40294
34.1308 4.40294
36.7757 4.40294
39.4206 4.40294
42.0654 4.40294
44.7103 4.40294
47.3551 4.40294
50.0 4.40294
0.0 1.41985
0.47175 1.41985
0.9435 1.67186
1.41525 1.92388
1.887 2.1759
2.35875 2.42791
2.8305 2.67993
3.30225 2.93194
3.78504 2.93194
4.26783 2.95923
4.75062 2.98653
5.23341 3.01382
5.7162 3.04111
6.19899 3.0684
6.68178 3.09569
7.16457 3.12298
7.67688 3.12298
8.18919 3.15968
8.70151 3.19637
9.21382 3.23307
9.72614 3.26976
10.2384 3.30646
10.7508 3.34315
11.2631 3.37985
11.7615 3.37985
12.2599 3.38466
12.7583 3.38946
13.2567 3.39427
13.7551 3.39908
14.2535 3.40388
14.7519 3.40869
15.2504 3.4135
15.7488 3.4183
16.2472 3.42311
16.7456 3.42792
17.244 3.43272
17.7424 3.43753
18.2307 3.43753
18.7189 3.43753
19.2072 3.43753
19.6954 3.43753
20.1837 3.43753
20.6719 3.43753
23.1159 4.67736
25.5599 4.67736
28.0039 4.67736
30.4479 4.67736
32.8919 4.67736
35.336 4.67736
37.78 4.67736
40.224 4.67736
42.668 4.67736
45.112 4.67736
47.556 4.67736
50.0 4.67736
0.0 1.21348
0.509959 1.21348
1.01992 1.54752
1.52988 1.88156
2.03984 2.21559
2.54979 2.54963
3.05975 2.88367
3.50169 2.88367
3.94363 2.90917
4.38557 2.93467
4.82751 2.96017
5.36659 2.96017
5.90568 3.08179
6.44476 3.20341
6.98385 3.32503
7.49771 3.32503
8.01158 3.33204
8.52544 3.33905
9.03931 3.34607
9.55318 3.35308
10.067 3.3601
10.5809 3.36711
11.0785 3.36711
11.576 3.36711
12.0735 3.36711
12.5711 3.36711
13.0686 3.36711
13.5662 3.36711
14.0637 3.36711
14.5612 3.36711
15.0588 3.36711
15.5563 3.36711
16.0539 3.36711
16.5514 3.36711
17.049 3.36711
17.5465 3.36711
18.044 3.36711
18.5416 3.36711
20.9615 4.45156
23.3813 4.45156
25.8012 4.45156
28.2211 4.45156
30.641 4.45156
33.0609 4.45156
35.4807 4.45156
37.9006 4.45156
40.3205 4.45156
42.7404 4.45156
45.1602 4.45156
47.5801 4.45156
50.0 4.45156
0.0 1.02567
0.483746 1.02567
0.967491 1.36002
1.45124 1.69438
1.93498 2.02873
2.41873 2.36309
2.90247 2.69744
3.38225 2.69744
3.86203 2.73151
4.34181 2.76559
4.82159 2.79966
5.30137 2.83373
5.78115 2.8678
6.26093 2.90188
6.74071 2.93595
7.18081 2.93595
7.6209 3.03075
8.061 3.12555
8.5011 3.22035
8.99789 3.22035
9.49469 3.24976
9.99148 3.27917
10.4883 3.30858
10.9851 3.33799
11.4819 3.3674
11.9787 3.39682
12.4755 3.42623
12.9723 3.45564
13.469 3.48505
13.9658 3.51446
14.4626 3.54387
14.9594 3.57328
15.4562 3.60269
15.953 3.63211
16.4498 3.66152
16.9466 3.69093
17.4434 3.72034
17.9402 3.74975
18.437 3.77916
18.9338 3.80857
19.4306 3.83798
19.9274 3.86739
20.4242 3.89681
20.921 3.92622
21.4178 3.95563
21.9146 3.98504
22.4114 4.01445
22.8923 4.01445
23.3732 4.01445
23.8541 4.01445
24.335 4.01445
24.8159 4.01445
25.2968 4.01445
25.7777 4.01445
26.2586 4.01445
26.7395 4.01445
27.2204 4.01445
27.7013 4.01445
28.1822 4.01445
28.6631 4.01445
31.0338 4.54153
33.4046 4.54153
35.7754 4.54153
38.1461 4.54153
40.5169 4.54153
42.8877 4.54153
45.2585 4.54153
47.6292 4.54153
50.0 4.54153
0.0 1.01354
0.518926 1.01354
1.03785 1.35759
1.55678 1.70164
2.07571 2.04568
2.59463 2.38973
3.11356 2.73378
3.63786 2.73378
4.16216 2.78154
4.68646 2.82931
5.21075 2.87707
5.73505 2.92483
6.25935 2.97259
6.74525 2.97259
7.23115 3.02037
7.71704 3.06815
8.20294 3.11593
8.68884 3.16371
9.17474 3.21149
9.66063 3.25927
10.1569 3.25927
10.6532 3.28566
11.1496 3.31204
11.6459 3.33843
12.1422 3.36482
12.6385 3.3912
13.1348 3.41759
13.6311 3.44398
14.1274 3.47037
14.6237 3.49675
15.12 3.52314
15.6163 3.54953
16.1126 3.57592
16.6089 3.6023
17.1052 3.62869
17.6015 3.65508
18.0978 3.68147
18.5942 3.70785
19.0905 3.73424
19.5868 3.76063
20.0831 3.78701
20.5794 3.8134
21.0757 3.83979
21.572 3.86618
22.0683 3.89256
22.5646 3.91895
23.0609 3.94534
23.5572 3.97173
24.0562 3.97173
24.5551 3.97173
25.0541 3.97173
25.553 3.97173
26.052 3.97173
26.5509 3.97173
27.0499 3.97173
27.5488 3.97173
28.0478 3.97173
28.5467 3.97173
30.9304 4.4745
33.3141 4.4745
35.6978 4.4745
38.0815 4.4745
40.4652 4.4745
42.8489 4.4745
45.2326 4.4745
47.6163 4.4745
50.0 4.4745
0.0 1.32847
0.540448 1.32847
1.0809 1.61216
1.62134 1.89584
2.16179 2.17953
2.70224 2.46321
3.24269 2.7469
3.70121 2.7469
4.15973 2.7542
4.61824 2.7615
5.07676 2.76881
5.53528 2.77611
5.9938 2.78341
6.44406 2.78341
6.89432 2.92965
7.34458 3.07589
7.86227 3.07589
8.37995 3.07755
8.89763 3.07921
9.41531 3.08087
9.93299 3.08253
10.4507 3.08419
10.9684 3.08585
11.486 3.08751
12.0037 3.08917
12.5184 3.08917
13.0332 3.08917
13.5479 3.08917
14.0626 3.08917
14.5773 3.08917
15.0921 3.08917
15.6068 3.08917
16.1215 3.08917
16.6363 3.08917
19.2027 4.56843
21.7691 4.56843
24.3356 4.56843
26.902 4.56843
29.4685 4.56843
32.0349 4.56843
34.6013 4.56843
37.1678 4.56843
39.7342 4.56843
42.3007 4.56843
44.8671 4.56843
47.4336 4.56843
50.0 4.56843
0.0 1.29229
0.523535 1.29229
1.04707 1.48598
1.5706 1.67968
2.09414 1.87337
2.61767 2.06706
3.14121 2.26076
3.66474 2.45445
4.18828 2.64814
4.68883 2.64814
5.18938 2.68255
5.68993 2.71696
6.19048 2.75137
6.69103 2.78578
7.19157 2.82019
7.69212 2.8546
8.19267 2.88901
8.69322 2.92342
9.19377 2.95783
9.69432 2.99224
10.1949 3.02665
10.6954 3.06105
11.196 3.09546
11.6965 3.12987
12.1971 3.16428
12.6976 3.19869
13.1982 3.2331
13.6987 3.26751
14.1993 3.30192
14.6998 3.33633
15.2004 3.37074
15.7009 3.40515
16.2015 3.43956
16.702 3.47397
17.2026 3.50838
17.7031 3.54279
18.1899 3.54279
18.6767 3.57107
19.1635 3.59936
19.6503 3.62765
20.1371 3.65593
20.6239 3.68422
21.1107 3.71251
21.5975 3.74079
22.0843 3.76908
22.5711 3.79737
23.0579 3.82565
23.5447 3.85394
24.0315 3.88223
24.5693 3.88223
25.107 3.9695
25.6447 4.05677
26.1825 4.14404
26.7202 4.23131
27.2265 4.23131
27.7328 4.23131
28.2391 4.23131
28.7454 4.23131
29.2518 4.23131
29.7581 4.23131
30.2644 4.23131
30.7707 4.23131
31.277 4.23131
31.7833 4.23131
32.2896 4.23131
34.8197 4.39777
37.3497 4.39777
39.8798 4.39777
42.4098 4.39777
44.9399 4.39777
47.4699 4.39777
50.0 4.39777
0.0 1.44039
0.470833 1.44039
0.941666 1.63044
1.4125 1.82049
1.88333 2.01054
2.35417 2.20058
2.825 2.39063
3.29583 2.58068
3.76667 2.77073
4.27584 2.77073
4.78502 2.78573
5.2942 2.80073
5.80337 2.81574
6.32932 2.81574
6.85526 2.85405
7.38121 2.89237
7.90715 2.93068
8.43309 2.96899
8.95904 3.00731
9.48185 3.00731
10.0047 3.01652
10.5275 3.02574
11.0503 3.03495
11.5731 3.04416
12.0959 3.05338
12.6187 3.06259
13.1415 3.07181
13.6643 3.08102
14.1609 3.08102
14.6575 3.08102
15.1541 3.08102
15.6507 3.08102
16.1473 3.08102
16.6439 3.08102
19.2097 4.53757
21.7756 4.53757
24.3414 4.53757
26.9073 4.53757
29.4732 4.53757
32.039 4.53757
34.6049 4.53757
37.1707 4.53757
39.7366 4.53757
42.3024 4.53757
44.8683 4.53757
47.4341 4.53757
50.0 4.53757
0.0 1.41821
0.489921 1.41821
0.979842 1.6594
1.46976 1.9006
1.95968 2.14179
2.4496 2.38299
2.93953 2.62418
3.42945 2.86538
3.91688 2.86538
4.40432 2.89974
4.89176 2.93409
5.37919 2.96845
5.86663 3.00281
6.35407 3.03717
6.8415 3.07153
7.32894 3.10589
7.83831 3.10589
8.34769 3.13832
8.85706 3.17076
9.36643 3.20319
9.87581 3.23563
10.3852 3.26807
10.8946 3.3005
11.3826 3.3005
11.8706 3.31357
12.3587 3.32663
12.8467 3.3397
13.3348 3.35276
13.8228 3.36583
14.3109 3.37889
14.7989 3.39196
15.287 3.40502
15.775 3.41809
16.2631 3.43115
16.7511 3.44422
17.2392 3.45728
17.7178 3.45728
18.1965 3.45728
18.6752 3.45728
19.1539 3.45728
19.6325 3.45728
20.1112 3.45728
20.5899 3.45728
23.0407 4.6695
25.4916 4.6695
27.9424 4.6695
30.3933 4.6695
32.8441 4.6695
35.2949 4.6695
37.7458 4.6695
40.1966 4.6695
42.6475 4.6695
45.0983 4.6695
47.5492 4.6695
50.0 4.6695
0.0 1.32339
0.469078 1.32339
0.938156 1.51688
1.40723 1.71037
1.87631 1.90386
2.34539 2.09734
2.81447 2.29083
3.28355 2.48432
3.75262 2.67781
4.26161 2.67781
4.7706 2.71208
5.27958 2.74635
5.78857 2.78062
6.29755 2.81489
6.80654 2.84916
7.31553 2.88343
7.82451 2.91771
8.3335 2.95198
8.84248 2.98625
9.32898 2.98625
9.81548 3.03676
10.302 3.08728
10.7885 3.13779
11.275 3.18831
11.7615 3.23882
12.248 3.28934
12.7345 3.33985
13.2335 3.33985
13.7326 3.38963
14.2317 3.43941
14.7308 3.48919
15.2299 3.53898
15.729 3.58876
16.228 3.63854
16.7271 3.68832
17.2262 3.7381
17.7253 3.78788
18.2244 3.83767
18.7235 3.88745
19.209 3.88745
19.6945 3.88745
20.18 3.88745
20.6656 3.88745
21.1511 3.88745
21.6366 3.88745
22.1221 3.88745
22.6077 3.88745
23.0932 3.88745
23.5787 3.88745
24.0642 3.88745
24.5497 3.88745
25.0353 3.88745
25.5208 3.88745
26.0063 3.88745
26.4918 3.88745
26.9774 3.88745
29.5354 4.42986
32.0935 4.42986
34.6516 4.42986
37.2097 4.42986
39.7677 4.42986
42.3258 4.42986
44.8839 4.42986
47.4419 4.42986
50.0 4.42986
0.0 1.30157
0.502843 1.30157
1.00569 1.50837
1.50853 1.71516
2.01137 1.92195
2.51422 2.12875
3.01706 2.33554
3.5199 2.54234
4.02275 2.74913
4.51722 2.74913
5.01169 2.7715
5.50616 2.79387
6.00064 2.81624
6.49511 2.83861
6.98958 2.86097
7.48405 2.88334
7.97853 2.90571
8.473 2.92808
8.96747 2.95045
9.46194 2.97282
9.95642 2.99519
10.4815 2.99519
11.0065 3.04729
11.5315 3.09939
12.0566 3.1515
12.5816 3.2036
13.1067 3.2557
13.6317 3.3078
14.1568 3.35991
14.6818 3.41201
15.1792 3.41201
15.6765 3.45856
16.1739 3.50512
16.6712 3.55167
17.1686 3.59823
17.666 3.64478
18.1633 3.69134
18.6607 3.73789
19.158 3.78445
19.6554 3.831
20.1527 3.87756
20.6501 3.92411
21.1446 3.92411
21.6391 3.92411
22.1336 3.92411
22.6281 3.92411
23.1226 3.92411
23.6171 3.92411
24.1116 3.92411
24.6061 3.92411
25.1006 3.92411
25.5951 3.92411
26.0896 3.92411
26.5841 3.92411
27.0786 3.92411
29.6254 4.51146
32.1722 4.51146
34.7191 4.51146
37.2659 4.51146
39.8127 4.51146
42.3595 4.51146
44.9064 4.51146
47.4532 4.51146
50.0 4.51146
0.0 1.11
0.530007 1.11
1.06001 1.45159
1.59002 1.79319
2.12003 2.13478
2.65003 2.47637
3.18004 2.81796
3.67262 2.81796
4.16519 2.83914
4.65777 2.86032
5.15035 2.88151
5.64292 2.90269
6.1355 2.92387
6.62808 2.94505
7.12065 2.96623
7.61323 2.98742
8.10581 3.0086
8.59838 3.02978
9.11877 3.02978
9.63916 3.06649
10.1595 3.1032
10.6799 3.13992
11.2003 3.17663
11.7207 3.21334
12.2411 3.25005
12.737 3.25005
13.2329 3.30652
13.7288 3.36299
14.2247 3.41946
14.7206 3.47593
15.2165 3.5324
15.7124 3.58887
16.2083 3.64533
16.7042 3.7018
17.2001 3.75827
17.696 3.81474
18.1919 3.87121
18.6878 3.92768
19.1837 3.98415
19.6796 4.04062
20.1755 4.09709
20.6714 4.15356
21.1673 4.21003
21.6657 4.21003
22.1642 4.21003
22.6626 4.21003
23.161 4.21003
23.6595 4.21003
24.1579 4.21003
24.6564 4.21003
25.1548 4.21003
25.6532 4.21003
26.1517 4.21003
26.6501 4.21003
27.1485 4.21003
27.647 4.21003
28.1454 4.21003
28.6439 4.21003
29.1423 4.21003
29.6407 4.21003
30.1392 4.21003
30.6376 4.21003
31.1361 4.21003
31.6345 4.21003
32.1329 4.21003
32.6314 4.21003
33.1298 4.21003
33.6283 4.21003
34.1267 4.21003
34.6251 4.21003
35.1236 4.21003
35.622 4.21003
36.1204 4.21003
36.6189 4.21003
37.1173 4.21003
37.6158 4.21003
38.1142 4.21003
38.6126 4.21003
39.1111 4.21003
39.6095 4.21003
40.108 4.21003
40.6064 4.21003
41.1048 4.21003
41.6033 4.21003
42.1017 4.21003
44.7345 4.5267
47.3672 4.5267
50.0 4.5267
0.0 1.04926
0.491643 1.04926
0.983286 1.39947
1.47493 1.74969
1.96657 2.0999
2.45821 2.45011
2.94986 2.80033
3.4415 3.15054
3.92517 3.15054
4.40884 2.99444
4.89251 2.83835
5.37618 2.68225
5.87414 2.68225
6.37211 2.73728
6.87007 2.7923
7.36804 2.84732
7.866 2.90235
8.36397 2.95737
8.86193 3.0124
9.35989 3.06742
9.85786 3.12244
10.3558 3.17747
10.8606 3.17747
11.3653 3.17861
11.8701 3.17976
12.3748 3.18091
12.8796 3.18206
13.3843 3.18321
13.8891 3.18436
14.3938 3.1855
14.8816 3.1855
15.3695 3.1855
15.8573 3.1855
16.3451 3.1855
16.8329 3.1855
17.3207 3.1855
19.8345 4.42304
22.3483 4.42304
24.8621 4.42304
27.3759 4.42304
29.8897 4.42304
32.4035 4.42304
34.9173 4.42304
37.4311 4.42304
39.9448 4.42304
42.4586 4.42304
44.9724 4.42304
47.4862 4.42304
50.0 4.42304
0.0 1.39243
0.502258 1.39243
1.00452 1.62861
1.50677 1.86478
2.00903 2.10095
2.51129 2.33712
3.01355 2.57329
3.5158 2.80947
3.97202 2.80947
4.42824 2.75918
4.88446 2.7089
5.34069 2.65862
5.79691 2.60834
6.35386 2.60834
6.91081 2.73227
7.46777 2.8562
8.02472 2.98012
8.53185 2.98012
9.03898 2.99179
9.5461 3.00345
10.0532 3.01511
10.5604 3.02677
11.0675 3.03843
11.5746 3.05009
12.0817 3.06175
12.5951 3.06175
13.1085 3.06175
13.6218 3.06175
14.1352 3.06175
14.6485 3.06175
15.1619 3.06175
15.6753 3.06175
16.1886 3.06175
16.702 3.06175
19.2634 4.52893
21.8248 4.52893
24.3861 4.52893
26.9475 4.52893
29.5089 4.52893
32.0703 4.52893
34.6317 4.52893
37.1931 4.52893
39.7545 4.52893
42.3158 4.52893
44.8772 4.52893
47.4386 4.52893
50.0 4.52893
0.0 1.26594
0.481939 1.26594
0.963878 1.51294
1.44582 1.75994
1.92776 2.00695
2.40969 2.25395
2.89163 2.50095
3.37357 2.74795
3.83202 2.74795
4.29046 2.79002
4.74891 2.83208
5.20735 2.87415
5.6658 2.91621
6.12424 2.95827
6.62657 2.95827
7.12889 2.97748
7.63122 2.99669
8.13354 3.0159
8.63587 3.03511
9.1382 3.05432
9.64052 3.07353
10.1428 3.09274
10.6452 3.11194
11.1475 3.13115
11.6498 3.15036
12.1522 3.16957
12.6545 3.18878
13.1568 3.20799
13.6591 3.2272
14.1615 3.24641
14.6638 3.26562
15.1661 3.28482
15.6684 3.30403
16.1708 3.32324
16.6731 3.34245
17.1754 3.36166
17.6777 3.38087
18.1903 3.38087
18.7028 3.87582
19.2129 3.87582
19.723 3.87582
20.233 3.87582
20.7431 3.87582
21.2532 3.87582
21.7633 3.87582
22.2733 3.87582
22.7834 3.87582
23.2935 3.87582
23.8036 3.87582
24.3136 3.87582
24.8237 3.87582
25.3338 3.87582
25.8439 3.87582
26.3539 3.87582
26.864 3.87582
29.4347 4.52637
32.0053 4.52637
34.576 4.52637
37.1467 4.52637
39.7173 4.52637
42.288 4.52637
44.8587 4.52637
47.4293 4.52637
50.0 4.52637
0.0 1.06037
0.528266 1.06037
1.05653 1.34408
1.5848 1.62779
2.11306 1.9115
2.64133 2.1952
3.1696 2.47891
3.69786 2.76262
4.21915 2.76262
4.74044 2.81404
5.26173 2.86546
5.78302 2.91688
6.30431 2.96831
6.8256 3.01973
7.33268 3.01973
7.83975 3.03514
8.34683 3.05055
8.85391 3.06597
9.36098 3.08138
9.86806 3.09679
10.3751 3.1122
10.8822 3.12761
11.3893 3.14303
11.8964 3.15844
12.4034 3.17385
12.9105 3.18926
13.4176 3.20467
13.9247 3.22008
14.4317 3.2355
14.9388 3.25091
15.4295 3.25091
15.9201 3.29333
16.4108 3.33575
16.9015 3.37816
17.3921 3.42058
17.8828 3.463
18.3734 3.50542
18.8641 3.54784
19.3548 3.59026
19.8454 3.63268
20.3361 3.67509
20.8267 3.71751
21.3174 3.75993
21.8081 3.80235
22.2987 3.84477
22.7894 3.88719
23.28 3.92961
23.7619 3.92961
24.2437 3.92961
24.7255 3.92961
25.2073 3.92961
25.6891 3.92961
26.171 3.92961
26.6528 3.92961
27.1346 3.92961
27.6164 3.92961
28.0982 3.92961
28.5801 3.92961
30.96 4.44225
33.34 4.44225
35.72 4.44225
38.1 4.44225
40.48 4.44225
42.86 4.44225
45.24 4.44225
47.62 4.44225
50.0 4.44225
0.0 1.29555
0.50459 1.29555
1.00918 1.50025
1.51377 1.70495
2.01836 1.90965
2.52295 2.11435
3.02754 2.31905
3.53213 2.52374
4.03672 2.72844
4.56877 2.72844
5.10082 2.77202
5.63287 2.81559
6.16492 2.85917
6.69697 2.90274
7.22902 2.94632
7.76107 2.98989
8.26997 2.98989
8.77887 3.01003
9.28777 3.03017
9.79667 3.05031
10.3056 3.07045
10.8145 3.09059
11.3234 3.11073
11.8323 3.13087
12.3412 3.15101
12.8501 3.17115
13.359 3.19129
13.8679 3.21143
14.3768 3.23156
14.8857 3.2517
15.3946 3.27184
15.9035 3.29198
16.4124 3.31212
16.9213 3.33226
17.4302 3.3524
17.9802 3.3524
18.5303 3.52007
19.0803 3.68773
19.6304 3.8554
20.1454 3.8554
20.6604 3.8554
21.1753 3.8554
21.6903 3.8554
22.2053 3.8554
22.7202 3.8554
23.2352 3.8554
23.7502 3.8554
24.2652 3.8554
24.7801 3.8554
25.2951 3.8554
25.8101 3.8554
26.325 3.8554
26.84 3.8554
29.4133 4.54201
31.9867 4.54201
34.56 4.54201
37.1333 4.54201
39.7067 4.54201
42.28 4.54201
44.8533 4.54201
47.4267 4.54201
50.0 4.54201
0.0 1.12699
0.512106 1.12699
1.02421 1.441
1.53632 1.75502
2.04842 2.06903
2.56053 2.38305
3.07263 2.69706
3.58474 3.01108
4.07361 3.01108
4.56248 3.02339
5.05135 3.0357
5.54022 3.04801
6.02909 3.06032
6.51796 3.07263
7.00683 3.08494
7.4957 3.09725
7.98457 3.10956
8.47344 3.12187
8.96231 3.13418
9.49223 3.13418
10.0222 3.09266
10.5521 3.05115
11.082 3.00963
11.6119 2.96811
12.1419 2.9266
12.6426 2.9266
13.1432 2.98646
13.6439 3.04631
14.1446 3.10617
14.6453 3.16603
15.146 3.22589
15.6467 3.28575
16.1474 3.34561
16.6481 3.40546
17.1488 3.46532
17.6495 3.52518
18.1501 3.58504
18.6508 3.6449
19.1515 3.70476
19.6522 3.76461
20.1529 3.82447
20.6536 3.88433
21.1543 3.94419
21.655 4.00405
22.1557 4.06391
22.6563 4.12376
23.157 4.18362
23.6577 4.24348
24.1584 4.30334
24.6591 4.3632
25.1604 4.3632
25.6616 4.3632
26.1629 4.3632
26.6641 4.3632
27.1654 4.3632
27.6667 4.3632
28.1679 4.3632
28.6692 4.3632
29.1704 4.3632
29.6717 4.3632
32.2127 4.52861
34.7538 4.52861
37.2948 4.52861
39.8358 4.52861
42.3769 4.52861
44.9179 4.52861
47.459 4.52861
50.0 4.52861
0.0 1.22691
0.529018 1.22691
1.05804 1.47383
1.58705 1.72075
2.11607 1.96768
2.64509 2.2146
3.17411 2.46153
3.70313 2.70845
4.18151 2.70845
4.65989 2.7352
5.13827 2.76196
5.61666 2.78871
6.09504 2.81547
6.57342 2.84222
7.0518 2.86898
7.53018 2.89573
8.00857 2.92249
8.48695 2.94924
8.96533 2.976
9.46233 2.976
9.95933 2.99885
10.4563 3.02171
10.9533 3.04456
11.4503 3.06741
11.9473 3.09027
12.4443 3.11312
12.9413 3.13597
13.4383 3.15883
13.9353 3.18168
14.4323 3.20454
14.9293 3.22739
15.4263 3.25024
15.9233 3.2731
16.4203 3.29595
16.9173 3.31881
17.4446 3.31881
17.9719 3.40648
18.4992 3.49415
19.0265 3.58183
19.5538 3.6695
20.0811 3.75718
20.6084 3.84485
21.128 3.84485
21.6477 3.84485
22.1674 3.84485
22.687 3.84485
23.2067 3.84485
23.7264 3.84485
24.2461 3.84485
24.7657 3.84485
25.2854 3.84485
25.8051 3.84485
26.3247 3.84485
26.8444 3.84485
29.4172 4.50854
31.9901 4.50854
34.5629 4.50854
37.1358 4.50854
39.7086 4.50854
42.2815 4.50854
44.8543 4.50854
47.4272 4.50854
50.0 4.50854
0.0 1.08546
0.481632 1.08546
0.963263 1.32885
1.44489 1.57225
1.92653 1.81564
2.40816 2.05903
2.88979 2.30243
3.37142 2.54582
3.85305 2.78921
4.37427 2.78921
4.89548 2.81937
5.4167 2.84953
5.93791 2.87969
6.45913 2.90985
6.98034 2.94001
7.50156 2.97016
8.02277 3.00032
8.54399 3.03048
9.0652 3.06064
9.57213 3.06064
10.0791 3.07568
10.586 3.09072
11.0929 3.10577
11.5999 3.12081
12.1068 3.13585
12.6137 3.15089
13.1206 3.16594
13.6276 3.18098
14.1345 3.19602
14.6414 3.21106
15.1484 3.22611
15.6467 3.22611
16.145 3.28336
16.6433 3.34061
17.1416 3.39786
17.64 3.45511
18.1383 3.51236
18.6366 3.56961
19.1349 3.62686
19.6332 3.68411
20.1316 3.74136
20.6299 3.79861
21.1282 3.85585
21.6265 3.9131
22.1249 3.97035
22.6168 3.97035
23.1088 3.97035
23.6007 3.97035
24.0927 3.97035
24.5847 3.97035
25.0766 3.97035
25.5686 3.97035
26.0606 3.97035
26.5525 3.97035
27.0445 3.97035
27.5365 3.97035
28.0284 3.97035
28.5204 3.97035
30.907 4.45385
33.2936 4.45385
35.6803 4.45385
38.0669 4.45385
40.4535 4.45385
42.8401 4.45385
45.2268 4.45385
47.6134 4.45385
50.0 4.45385
0.0 1.18862
0.515165 1.18862
1.03033 1.42258
1.54549 1.65654
2.06066 1.8905
2.57582 2.12446
3.09099 2.35842
3.60615 2.59238
4.12132 2.82634
4.61818 2.82634
5.11504 2.85515
5.6119 2.88397
6.10876 2.91279
6.60562 2.9416
7.10248 2.97042
7.59934 2.99923
8.0962 3.02805
8.59306 3.05687
9.08992 3.08568
9.58678 3.1145
10.0524 3.1145
10.5179 3.12778
10.9835 3.14106
11.4491 3.15434
11.9147 3.16763
12.3802 3.18091
12.8458 3.19419
13.3391 3.19419
13.8324 3.23951
14.3258 3.28484
14.8191 3.33016
15.3124 3.37549
15.8057 3.42081
16.299 3.46614
16.7923 3.51146
17.2856 3.55679
17.7789 3.60211
18.2722 3.64744
18.7655 3.69276
19.2588 3.73809
19.7522 3.78341
20.2455 3.82874
20.7388 3.87406
21.2321 3.91939
21.7254 3.96471
22.2187 4.01003
22.715 4.01003
23.2112 4.01003
23.7075 4.01003
24.2037 4.01003
24.7 4.01003
25.1963 4.01003
25.6925 4.01003
26.1888 4.01003
26.6851 4.01003
27.1813 4.01003
27.6776 4.01003
28.1738 4.01003
28.6701 4.01003
31.0401 4.38035
33.4101 4.38035
35.7801 4.38035
38.1501 4.38035
40.52 4.38035
42.89 4.38035
45.26 4.38035
47.63 4.38035
50.0 4.38035
0.0 1.09138
0.516314 1.09138
1.03263 1.42392
1.54894 1.75646
2.06526 2.089
2.58157 2.42154
3.09789 2.75408
3.6142 3.08662
4.08989 3.08662
4.56557 2.92822
5.04126 2.76982
5.51694 2.61142
6.02544 2.61142
6.53394 2.66842
7.04243 2.72541
7.55093 2.78241
8.05942 2.83941
8.56792 2.8964
9.07642 2.9534
9.58491 3.0104
10.0934 3.06739
10.6019 3.12439
11.1104 3.18138
11.6309 3.18138
12.1513 3.20333
12.6718 3.22527
13.1923 3.24721
13.7127 3.26915
14.2279 3.26915
14.7431 3.26915
15.2583 3.26915
15.7735 3.26915
16.2887 3.26915
16.8039 3.26915
17.3191 3.26915
19.833 4.45612
22.3469 4.45612
24.8608 4.45612
27.3748 4.45612
29.8887 4.45612
32.4026 4.45612
34.9165 4.45612
37.4304 4.45612
39.9443 4.45612
42.4583 4.45612
44.9722 4.45612
47.4861 4.45612
50.0 4.45612
0.0 1.08703
0.521694 1.08703
1.04339 1.41967
1.56508 1.7523
2.08677 2.08493
2.60847 2.41756
3.13016 2.75019
3.65185 3.08282
4.15981 3.08282
4.66776 2.97476
5.17571 2.86669
5.68366 2.75862
6.19161 2.65056
6.67936 2.65056
7.16711 2.71617
7.65486 2.78179
8.14261 2.8474
8.63035 2.91302
9.1181 2.97863
9.60585 3.04425
10.0936 3.10986
10.5813 3.17548
11.111 3.17548
11.6406 3.18816
12.1703 3.20084
12.6999 3.21352
13.2296 3.2262
13.7592 3.23888
14.2889 3.25156
14.7809 3.25156
15.273 3.25156
15.7651 3.25156
16.2572 3.25156
16.7492 3.25156
17.2413 3.25156
19.7612 4.46344
22.2811 4.46344
24.801 4.46344
27.3209 4.46344
29.8408 4.46344
32.3607 4.46344
34.8806 4.46344
37.4005 4.46344
39.9204 4.46344
42.4403 4.46344
44.9602 4.46344
47.4801 4.46344
50.0 4.46344
0.0 1.37346
0.515068 1.37346
1.03014 1.61803
1.5452 1.8626
2.06027 2.10718
2.57534 2.35175
3.09041 2.59632
3.60548 2.84089
4.09311 2.84089
4.58074 2.84464
5.06837 2.84839
5.55601 2.85213
6.04364 2.85588
6.36075 2.85588
6.67787 3.43386
7.16384 3.43386
7.6498 3.42168
8.13576 3.40949
8.62173 3.39731
9.10769 3.38512
9.59365 3.37294
10.0796 3.36075
10.5656 3.34856
11.0515 3.33638
11.5375 3.32419
12.0235 3.31201
12.5094 3.29982
13.0145 3.29982
13.5196 3.29982
14.0247 3.29982
14.5298 3.29982
15.0348 3.29982
15.5399 3.29982
16.045 3.29982
16.5501 3.29982
17.0551 3.29982
17.5602 3.29982
18.0653 3.29982
18.5704 3.29982
20.988 4.50849
23.4057 4.50849
25.8234 4.50849
28.241 4.50849
30.6587 4.50849
33.0764 4.50849
35.494 4.50849
37.9117 4.50849
40.3293 4.50849
42.747 4.50849
45.1647 4.50849
47.5823 4.50849
50.0 4.50849
0.0 1.10865
0.47316 1.10865
0.94632 1.39557
1.41948 1.68248
1.89264 1.9694
2.3658 2.25632
2.83896 2.54324
3.31212 2.83016
3.78528 3.11708
4.27119 3.11708
4.7571 2.94853
5.24301 2.77998
5.72893 2.61143
6.21952 2.61143
6.71011 2.68646
7.20071 2.76149
7.6913 2.83651
8.1819 2.91154
8.67249 2.98657
9.16309 3.0616
9.65368 3.13662
10.1465 3.13662
10.6394 3.14326
11.1323 3.1499
11.6251 3.15654
12.118 3.16317
12.6109 3.16981
13.1037 3.17645
13.5966 3.18309
14.0895 3.18973
14.5551 3.18973
15.0207 3.18973
15.4863 3.18973
15.9519 3.18973
16.4176 3.18973
16.8832 3.18973
17.3488 3.18973
19.8604 4.43286
22.3721 4.43286
24.8837 4.43286
27.3953 4.43286
29.907 4.43286
32.4186 4.43286
34.9302 4.43286
37.4418 4.43286
39.9535 4.43286
42.4651 4.43286
44.9767 4.43286
47.4884 4.43286
50.0 4.43286
0.0 1.1333
0.534903 1.1333
1.06981 1.42396
1.60471 1.71462
2.13961 2.00528
2.67452 2.29594
3.20942 2.58661
3.74432 2.87727
4.2621 2.87727
4.77987 2.89556
5.29765 2.91385
5.81542 2.93215
6.3332 2.95044
6.85097 2.96873
7.36875 2.98702
7.88652 3.00532
8.4043 3.02361
8.92207 3.0419
9.41346 3.0419
9.90484 3.10452
10.3962 3.16713
10.8876 3.22975
11.379 3.29237
11.8704 3.35498
12.3853 3.35498
12.9003 3.39331
13.4152 3.43163
13.9302 3.46995
14.4451 3.50828
14.9601 3.5466
15.475 3.58492
15.99 3.62325
16.5049 3.66157
17.0199 3.69989
17.5348 3.73822
18.0498 3.77654
18.5647 3.81486
19.0796 3.85319
19.5796 3.85319
20.0796 3.85319
20.5796 3.85319
21.0796 3.85319
21.5795 3.85319
22.0795 3.85319
22.5795 3.85319
23.0795 3.85319
23.5794 3.85319
24.0794 3.85319
24.5794 3.85319
25.0794 3.85319
25.5794 3.85319
26.0793 3.85319
26.5793 3.85319
29.1816 4.64844
31.7839 4.64844
34.3862 4.64844
36.9885 4.64844
39.5908 4.64844
42.1931 4.64844
44.7954 4.64844
47.3977 4.64844
50.0 4.64844
0.0 1.15875
0.500674 1.15875
1.00135 1.46488
1.50202 1.77101
2.0027 2.07714
2.50337 2.38328
3.00405 2.68941
3.50472 2.99554
4.01007 2.99554
4.51541 3.0016
5.02076 3.00765
5.52611 3.0137
6.03146 3.01976
6.5368 3.02581
7.04215 3.03186
7.5475 3.03792
8.05285 3.04397
8.55819 3.05002
9.06354 3.05608
9.56889 3.06213
10.0742 3.06818
10.5679 3.06818
11.0616 3.01644
11.5553 2.96469
12.049 2.91295
12.5427 2.8612
13.0336 2.8612
13.5244 2.94004
14.0152 3.01889
14.506 3.09773
14.9968 3.17657
15.4877 3.25541
15.9785 3.33425
16.4693 3.41309
16.9601 3.49193
17.4509 3.57077
17.9417 3.64961
18.4326 3.72845
18.9234 3.80729
19.4142 3.88613
19.905 3.96497
20.3958 4.04382
20.8867 4.12266
21.3775 4.2015
21.8683 4.28034
22.3591 4.35918
22.8451 4.35918
23.3311 4.35918
23.8171 4.35918
24.3031 4.35918
24.7891 4.35918
25.2751 4.35918
25.7611 4.35918
26.2471 4.35918
26.7331 4.35918
27.2191 4.35918
27.7051 4.35918
28.1911 4.35918
28.6771 4.35918
29.1631 4.35918
29.6491 4.35918
32.1929 4.50246
34.7368 4.50246
37.2807 4.50246
39.8245 4.50246
42.3684 4.50246
44.9123 4.50246
47.4561 4.50246
50.0 4.50246
0.0 0.938242
0.47983 0.938242
0.95966 1.3453
1.43949 1.75236
1.91932 2.15942
2.39915 2.56648
2.87898 2.97354
3.47285 2.97354
4.06672 2.93625
4.55465 2.93625
5.04258 2.95633
5.53052 2.9764
6.01845 2.99647
6.50639 3.01655
6.99432 3.03662
7.48225 3.05669
7.97019 3.07677
8.45812 3.09684
8.94606 3.11691
9.43399 3.13698
9.92193 3.15706
10.4099 3.17713
10.8978 3.1972
11.3857 3.21728
11.8737 3.23735
12.3616 3.25742
12.8495 3.2775
13.3375 3.29757
13.8254 3.31764
14.3197 3.31764
14.8141 3.31682
15.3084 3.316
15.8027 3.31518
16.2971 3.31436
16.7914 3.31354
17.2858 3.31273
17.815 3.31273
18.3443 3.31273
18.8735 3.31273
21.4674 4.85079
24.0613 4.85079
26.6551 4.85079
29.249 4.85079
31.8429 4.85079
34.4368 4.85079
37.0306 4.85079
39.6245 4.85079
42.2184 4.85079
44.8123 4.85079
47.4061 4.85079
50.0 4.85079
0.0 1.21792
0.488283 1.21792
0.976565 1.44082
1.46485 1.66371
1.95313 1.88661
2.44141 2.1095
2.9297 2.3324
3.41798 2.55529
3.90626 2.77819
4.39628 2.77819
4.8863 2.81018
5.37631 2.84217
5.86633 2.87416
6.35635 2.90616
6.84637 2.93815
7.33639 2.97014
7.8264 3.00213
8.31642 3.03412
8.80644 3.06612
9.29646 3.09811
9.78647 3.1301
10.2756 3.1301
10.7647 3.14509
11.2538 3.16008
11.743 3.17506
12.2321 3.19005
12.7212 3.20504
13.2103 3.22003
13.6995 3.23501
14.1886 3.25
14.6777 3.26499
15.1948 3.26499
15.7118 3.32532
16.2288 3.38565
16.7459 3.44598
17.2629 3.50631
17.78 3.56664
18.297 3.62697
18.8141 3.6873
19.3311 3.74764
19.8481 3.80797
20.3652 3.8683
20.8822 3.92863
21.3993 3.98896
21.8859 3.98896
22.3726 3.98896
22.8593 3.98896
23.346 3.98896
23.8327 3.98896
24.3194 3.98896
24.8061 3.98896
25.2928 3.98896
25.7795 3.98896
26.2661 3.98896
26.7528 3.98896
27.2395 3.98896
27.7262 3.98896
28.2129 3.98896
28.6996 3.98896
31.0663 4.32114
33.433 4.32114
35.7997 4.32114
38.1664 4.32114
40.5331 4.32114
42.8999 4.32114
45.2666 4.32114
47.6333 4.32114
50.0 4.32114
0.0 1.07865
0.469055 1.07865
0.93811 1.46542
1.40717 1.85219
1.87622 2.23896
2.34528 2.62572
2.81433 3.01249
3.32075 3.01249
3.82717 2.99743
4.33359 2.98236
4.84001 2.9673
5.35621 2.9673
5.87241 2.99731
6.38861 3.02733
6.90482 3.05734
7.42102 3.08736
7.93722 3.11737
8.45342 3.14739
8.96963 3.1774
9.48583 3.20742
10.002 3.23743
10.5182 3.26745
11.0344 3.29746
11.5506 3.32748
12.0666 3.32748
12.5825 3.32596
13.0984 3.32445
13.6143 3.32293
14.1302 3.32141
14.6461 3.3199
15.162 3.31838
15.678 3.31687
16.1939 3.31535
16.7098 3.31383
17.2271 3.31383
17.7444 3.31383
18.2617 3.31383
18.7789 3.31383
21.3807 4.72515
23.9824 4.72515
26.5842 4.72515
29.186 4.72515
31.7877 4.72515
34.3895 4.72515
36.9912 4.72515
39.593 4.72515
42.1947 4.72515
44.7965 4.72515
47.3982 4.72515
50.0 4.72515
0.0 1.14469
0.51571 1.14469
1.03142 1.45785
1.54713 1.77102
2.06284 2.08418
2.57855 2.39734
3.09426 2.7105
3.60997 3.02367
3.971 3.02367
4.33203 2.74178
4.81745 2.74178
5.30288 2.82398
5.78831 2.90617
6.27373 2.98836
6.75916 3.07055
7.2526 3.07055
7.74603 3.07854
8.23947 3.08653
8.7329 3.09453
9.22634 3.10252
9.71977 3.11051
10.2132 3.1185
10.7066 3.12649
11.2001 3.13449
11.6991 3.13449
12.1982 3.13449
12.6973 3.13449
13.1963 3.13449
13.6954 3.13449
14.1944 3.13449
14.6935 3.13449
15.1926 3.13449
15.6916 3.13449
16.1907 3.13449
16.6897 3.13449
17.1888 3.13449
19.7127 4.35124
22.2367 4.35124
24.7606 4.35124
27.2846 4.35124
29.8085 4.35124
32.3324 4.35124
34.8564 4.35124
37.3803 4.35124
39.9042 4.35124
42.4282 4.35124
44.9521 4.35124
47.4761 4.35124
50.0 4.35124
0.0 1.19415
0.524215 1.19415
1.04843 1.49546
1.57265 1.79677
2.09686 2.09808
2.62108 2.39939
3.14529 2.7007
3.66951 3.00201
4.19649 3.00201
4.72347 3.00137
5.25046 3.00073
5.77744 3.00009
6.30442 2.99945
6.81515 2.99945
7.32588 2.99944
7.8366 2.99944
8.34733 2.99943
8.85806 2.99943
9.36879 2.99943
9.87951 2.99942
10.3902 2.99942
10.901 2.99942
11.4117 2.99941
11.9164 2.99941
12.421 3.05592
12.9257 3.11243
13.4303 3.16895
13.935 3.22546
14.4397 3.28197
14.9443 3.33848
15.449 3.39499
15.9536 3.4515
16.4583 3.50801
16.9629 3.56452
17.4676 3.62103
17.9723 3.67754
18.4769 3.73405
18.9816 3.79057
19.4862 3.84708
19.9909 3.90359
20.4956 3.9601
21.0002 4.01661
21.5049 4.07312
22.0095 4.12963
22.5142 4.18614
23.0189 4.24265
23.5235 4.29916
24.0352 4.29916
24.5469 4.29916
25.0586 4.29916
25.5703 4.29916
26.082 4.29916
26.5936 4.29916
27.1053 4.29916
27.617 4.29916
28.1287 4.29916
28.6404 4.29916
29.1521 4.29916
29.6638 4.29916
32.2058 4.59379
34.7478 4.59379
37.2899 4.59379
39.8319 4.59379
42.3739 4.59379
44.9159 4.59379
47.458 4.59379
50.0 4.59379
0.0 1.19002
0.469476 1.19002
0.938953 1.43522
1.40843 1.68043
1.87791 1.92563
2.34738 2.17084
2.81686 2.41605
3.28634 2.66125
3.75581 2.90646
4.25233 2.90646
4.74885 2.91816
5.24537 2.92987
5.74189 2.94157
6.23841 2.95328
6.73493 2.96498
7.23145 2.97669
7.72796 2.98839
8.22448 3.0001
8.721 3.0118
9.24019 3.0118
9.75937 3.00913
10.2786 3.00645
10.7977 3.00378
11.3169 3.0011
11.8361 2.99843
12.3553 2.99575
12.8745 2.99308
13.3937 2.9904
13.9052 2.9904
14.4168 3.07279
14.9284 3.15517
15.44 3.23756
15.9515 3.31994
16.4631 3.40233
16.9747 3.48471
17.4863 3.56709
17.9978 3.64948
18.5094 3.73186
19.021 3.81425
19.5325 3.89663
20.0441 3.97902
20.5557 4.0614
21.0673 4.14378
21.5788 4.22617
22.0904 4.30855
22.602 4.39094
23.1163 4.39094
23.6307 4.39094
24.145 4.39094
24.6594 4.39094
25.1737 4.39094
25.6881 4.39094
26.2024 4.39094
26.7167 4.39094
27.2311 4.39094
27.7454 4.39094
28.2598 4.39094
28.7741 4.39094
29.2885 4.39094
29.8028 4.39094
32.3275 4.6427
34.8521 4.6427
37.3768 4.6427
39.9014 4.6427
42.4261 4.6427
44.9507 4.6427
47.4754 4.6427
50.0 4.6427
0.0 1.28853
0.529553 1.28853
1.05911 1.52748
1.58866 1.76643
2.11821 2.00539
2.64776 2.24434
3.17732 2.4833
3.70687 2.72225
4.20415 2.72225
4.70142 2.75742
5.1987 2.7926
5.69597 2.82777
6.19325 2.86295
6.69052 2.89812
7.1878 2.93329
7.68508 2.96847
8.18235 3.00364
8.67963 3.03881
9.1769 3.07399
9.67418 3.10916
10.1715 3.14434
10.6687 3.17951
11.166 3.21468
11.6633 3.24986
12.1606 3.28503
12.6578 3.32021
13.1551 3.35538
13.6524 3.39055
14.1497 3.42573
14.6469 3.4609
15.1274 3.4609
15.6078 3.52314
16.0883 3.58537
16.5687 3.64761
17.0492 3.70984
17.5296 3.77208
18.0101 3.83432
18.509 3.83432
19.008 3.8537
19.507 3.87308
20.006 3.89246
20.505 3.91185
21.004 3.93123
21.5029 3.95061
22.0019 3.97
22.5009 3.98938
22.9999 4.00876
23.4989 4.02814
23.9978 4.04753
24.4968 4.06691
24.9958 4.08629
25.4948 4.10567
25.9938 4.12506
26.4927 4.14444
26.9917 4.16382
27.4907 4.18321
27.9897 4.20259
28.4887 4.22197
28.9877 4.24135
29.4964 4.24135
30.0051 4.24135
30.5138 4.24135
31.0226 4.24135
31.5313 4.24135
32.04 4.24135
32.5487 4.24135
35.0418 4.43436
37.5348 4.43436
40.0278 4.43436
42.5209 4.43436
45.0139 4.43436
47.507 4.43436
50.0 4.43436
0.0 1.26011
0.536704 1.26011
1.07341 1.62167
1.61011 1.98323
2.14682 2.34479
2.68352 2.70635
3.22022 3.06792
3.68507 3.06792
4.14991 3.02954
4.61476 2.99117
5.0796 2.95279
5.54445 2.91442
6.00929 2.87605
6.46085 2.87605
6.91242 2.98793
7.36398 3.09981
7.81554 3.21168
8.2671 3.32356
8.75927 3.32356
9.25143 3.31638
9.7436 3.30919
10.2358 3.30201
10.7279 3.29482
11.2201 3.28764
11.7123 3.28045
12.2295 3.28045
12.7467 3.28045
13.2639 3.28045
13.7812 3.28045
14.2984 3.28045
14.8156 3.28045
15.3329 3.28045
15.8501 3.28045
16.3673 3.28045
16.8846 3.28045
17.4018 3.28045
17.919 3.28045
18.4362 3.28045
18.9535 3.28045
21.5407 4.70117
24.1279 4.70117
26.7151 4.70117
29.3023 4.70117
31.8895 4.70117
34.4767 4.70117
37.0639 4.70117
39.6512 4.70117
42.2384 4.70117
44.8256 4.70117
47.4128 4.70117
50.0 4.70117
0.0 1.19452
0.500461 1.19452
1.00092 1.48931
1.50138 1.7841
2.00184 2.07889
2.5023 2.37368
3.00276 2.66847
3.50322 2.96327
3.96891 2.96327
4.4346 2.84937
4.90028 2.73547
5.40773 2.73547
5.91517 2.80507
6.42262 2.87466
6.93006 2.94425
7.43751 3.01385
7.94495 3.08344
8.45239 3.15304
8.95984 3.22263
9.46532 3.22263
9.9708 3.21171
10.4763 3.20079
10.9818 3.18988
11.4872 3.17896
11.9927 3.16804
12.4982 3.15712
13.0037 3.14621
13.5184 3.14621
14.0331 3.14621
14.5478 3.14621
15.0625 3.14621
15.5772 3.14621
16.0919 3.14621
16.6065 3.14621
17.1212 3.14621
19.6504 4.39888
22.1795 4.39888
24.7087 4.39888
27.2378 4.39888
29.7669 4.39888
32.2961 4.39888
34.8252 4.39888
37.3543 4.39888
39.8835 4.39888
42.4126 4.39888
44.9417 4.39888
47.4709 4.39888
50.0 4.39888
0.0 1.22206
0.535146 1.22206
1.07029 1.54009
1.60544 1.85812
2.14058 2.17615
2.67573 2.49418
3.21088 2.81221
3.6689 2.81221
4.12692 2.81095
4.58494 2.8097
5.04296 2.80844
5.50098 2.80719
6.01954 2.80719
6.5381 2.87116
7.05665 2.93513
7.57521 2.9991
8.09377 3.06308
8.61233 3.12705
9.13088 3.19102
9.61679 3.19102
10.1027 3.18534
10.5886 3.17966
11.0745 3.17398
11.5604 3.16829
12.0463 3.16261
12.5322 3.15693
13.0181 3.15125
13.504 3.14557
13.9992 3.14557
14.4944 3.14557
14.9896 3.14557
15.4848 3.14557
15.9799 3.14557
16.4751 3.14557
16.9703 3.14557
19.5111 4.39565
22.0518 4.39565
24.5925 4.39565
27.1333 4.39565
29.674 4.39565
32.2148 4.39565
34.7555 4.39565
37.2963 4.39565
39.837 4.39565
42.3778 4.39565
44.9185 4.39565
47.4593 4.39565
50.0 4.39565
0.0 1.17968
0.491031 1.17968
0.982062 1.45451
1.47309 1.72934
1.96412 2.00417
2.45515 2.279
2.94618 2.55383
3.43722 2.82866
3.98899 2.82866
4.54076 2.81164
5.09254 2.79463
5.58994 2.79463
6.08735 2.85233
6.58476 2.91004
7.08217 2.96774
7.57957 3.02545
8.07698 3.08315
8.57439 3.14086
9.0718 3.19856
9.58073 3.19856
10.0897 3.19742
10.5986 3.19629
11.1075 3.19515
11.6165 3.19401
12.1254 3.19287
12.6343 3.19173
13.1245 3.19173
13.6148 3.19173
14.105 3.19173
14.5952 3.19173
15.0854 3.19173
15.5757 3.19173
16.0659 3.19173
16.5561 3.19173
17.0463 3.19173
19.5812 4.39792
22.1161 4.39792
24.651 4.39792
27.1859 4.39792
29.7208 4.39792
32.2557 4.39792
34.7906 4.39792
37.3255 4.39792
39.8604 4.39792
42.3953 4.39792
44.9302 4.39792
47.4651 4.39792
50.0 4.39792
0.0 1.20347
0.500273 1.20347
1.00055 1.421
1.50082 1.63854
2.00109 1.85608
2.50136 2.07361
3.00164 2.29115
3.50191 2.50869
4.00218 2.72622
4.48469 2.72622
4.96719 2.7675
5.4497 2.80877
5.9322 2.85005
6.4147 2.89132
6.89721 2.9326
7.37971 2.97387
7.86222 3.01515
8.34472 3.05642
8.82723 3.0977
9.30973 3.13897
9.80707 3.13897
10.3044 3.158
10.8018 3.17703
11.2991 3.19605
11.7964 3.21508
12.2938 3.23411
12.7911 3.25313
13.2885 3.27216
13.7858 3.29119
14.2831 3.31022
14.7805 3.32924
15.2837 3.32924
15.7869 3.37074
16.2901 3.41224
16.7934 3.45374
17.2966 3.49524
17.7998 3.53673
18.303 3.57823
18.8062 3.61973
19.3094 3.66123
19.8127 3.70273
20.3159 3.74423
20.8191 3.78573
21.3223 3.82722
21.8255 3.86872
22.3288 3.91022
22.832 3.95172
23.3352 3.99322
23.8384 4.03472
24.3416 4.07622
24.8448 4.11771
25.3618 4.11771
25.8788 4.11771
26.3958 4.11771
26.9127 4.11771
27.4297 4.11771
27.9467 4.11771
28.4636 4.11771
30.8566 4.32676
33.2495 4.32676
35.6424 4.32676
38.0354 4.32676
40.4283 4.32676
42.8212 4.32676
45.2141 4.32676
47.6071 4.32676
50.0 4.32676
0.0 1.19643
0.528361 1.19643
1.05672 1.52589
1.58508 1.85535
2.11344 2.18481
2.6418 2.51427
3.17016 2.84373
3.70937 2.84373
4.24858 2.85269
4.78779 2.86166
5.32699 2.87062
5.8662 2.87959
6.40541 2.88855
6.9113 2.88855
7.4172 3.03582
7.92309 3.1831
8.3968 3.1831
8.87051 3.19688
9.34422 3.21067
9.81793 3.22445
10.2916 3.23823
10.7654 3.25201
11.2391 3.2658
11.7214 3.2658
12.2036 3.2658
12.6859 3.2658
13.1682 3.2658
13.6505 3.2658
14.1328 3.2658
14.6151 3.2658
15.0974 3.2658
15.5797 3.2658
16.062 3.2658
16.5442 3.2658
17.0265 3.2658
19.5629 4.37374
22.0994 4.37374
24.6358 4.37374
27.1722 4.37374
29.7086 4.37374
32.2451 4.37374
34.7815 4.37374
37.3179 4.37374
39.8543 4.37374
42.3907 4.37374
44.9272 4.37374
47.4636 4.37374
50.0 4.37374
0.0 1.16064
0.512539 1.16064
1.02508 1.45267
1.53762 1.7447
2.05015 2.03673
2.56269 2.32876
3.07523 2.62079
3.58777 2.91282
4.08131 2.91282
4.57485 2.93156
5.06839 2.9503
5.56193 2.96904
6.05547 2.98779
6.54901 3.00653
7.04255 3.02527
7.53609 3.04401
8.02964 3.06276
8.52318 3.0815
9.01672 3.10024
9.51026 3.11898
10.0202 3.11898
10.5302 3.12609
11.0402 3.13319
11.5501 3.14029
12.0601 3.14739
12.5701 3.1545
13.08 3.1616
13.59 3.1687
14.1 3.17581
14.6099 3.18291
15.1067 3.18291
15.6034 3.23476
16.1001 3.28661
16.5968 3.33846
17.0935 3.39032
17.5902 3.44217
18.0869 3.49402
18.5836 3.54587
19.0803 3.59773
19.577 3.64958
20.0737 3.70143
20.5704 3.75328
21.0671 3.80514
21.5638 3.85699
22.0605 3.90884
22.5572 3.96069
23.0539 4.01255
23.5506 4.0644
24.0473 4.11625
24.544 4.1681
25.0407 4.21996
25.5374 4.27181
26.0341 4.32366
26.5308 4.37551
27.0275 4.42737
27.5171 4.42737
28.0066 4.42737
28.4961 4.42737
28.9856 4.42737
29.4751 4.42737
29.9646 4.42737
32.469 4.66794
34.9735 4.66794
37.4779 4.66794
39.9823 4.66794
42.4867 4.66794
44.9912 4.66794
47.4956 4.66794
50.0 4.66794
0.0 1.14798
0.491424 1.14798
0.982847 1.37708
1.47427 1.60617
1.96569 1.83527
2.45712 2.06436
2.94854 2.29346
3.43997 2.52255
3.93139 2.75165
4.44562 2.75165
4.95986 2.78255
5.47409 2.81346
5.98832 2.84436
6.50255 2.87526
7.01679 2.90617
7.53102 2.93707
8.04525 2.96797
8.55949 2.99888
9.07372 3.02978
9.58795 3.06068
10.1022 3.09158
10.6164 3.12249
11.1307 3.15339
11.6449 3.18429
12.1774 3.18429
12.7098 3.22329
13.2423 3.26229
13.7748 3.30129
14.3072 3.34029
14.8397 3.37928
15.3376 3.37928
15.8354 3.41928
16.3333 3.45928
16.8311 3.49928
17.329 3.53928
17.8268 3.57927
18.3247 3.61927
18.8226 3.65927
19.3204 3.69927
19.8183 3.73927
20.3161 3.77926
20.814 3.81926
21.3118 3.85926
21.8097 3.89926
22.3075 3.93926
22.8054 3.97925
23.3032 4.01925
23.8011 4.05925
24.2989 4.09925
24.7968 4.13925
25.2947 4.17925
25.8232 4.17925
26.3518 4.17925
26.8804 4.17925
27.409 4.17925
27.9376 4.17925
28.4661 4.17925
30.8588 4.38911
33.2514 4.38911
35.6441 4.38911
38.0367 4.38911
40.4294 4.38911
42.822 4.38911
45.2147 4.38911
47.6073 4.38911
50.0 4.38911
0.0 1.32493
0.485216 1.32493
0.970431 1.53471
1.45565 1.74448
1.94086 1.95425
2.42608 2.16402
2.91129 2.37379
3.39651 2.58356
3.88173 2.79333
4.37025 2.79333
4.85877 2.84124
5.34729 2.88914
5.83581 2.93704
6.32296 2.93704
6.81011 3.20542
7.3273 3.20542
7.84449 3.21491
8.36168 3.22441
8.87887 3.2339
9.39606 3.2434
9.91326 3.25289
10.4304 3.26239
10.9476 3.27188
11.4648 3.28138
11.982 3.29087
12.4992 3.30037
13.0164 3.30986
13.509 3.30986
14.0015 3.30986
14.4941 3.30986
14.9867 3.30986
15.4792 3.30986
15.9718 3.30986
16.4644 3.30986
16.9569 3.30986
19.4987 4.43429
22.0405 4.43429
24.5823 4.43429
27.124 4.43429
29.6658 4.43429
32.2076 4.43429
34.7494 4.43429
37.2911 4.43429
39.8329 4.43429
42.3747 4.43429
44.9165 4.43429
47.4582 4.43429
50.0 4.43429
0.0 1.47629
0.495957 1.47629
0.991913 1.67415
1.48787 1.872
1.98383 2.06986
2.47978 2.26771
2.97574 2.46556
3.4717 2.66342
3.96765 2.86127
4.46361 3.05912
4.96894 3.05912
5.47427 3.07848
5.9796 3.09784
6.48493 3.11719
6.99026 3.13655
7.49559 3.15591
8.00092 3.17526
8.50625 3.19462
9.01158 3.21398
9.51691 3.23333
10.0222 3.25269
10.5276 3.27204
11.0329 3.2914
11.5382 3.31076
12.0436 3.33011
12.5489 3.34947
13.0542 3.36883
13.5596 3.38818
14.0649 3.40754
14.5702 3.4269
15.0755 3.44625
15.5809 3.46561
16.0862 3.48497
16.5915 3.50432
17.0969 3.52368
17.6022 3.54303
18.1075 3.56239
18.6129 3.58175
19.1182 3.6011
19.6235 3.62046
20.1288 3.63982
20.6342 3.65917
21.1118 3.65917
21.5894 3.7559
22.067 3.85263
22.5447 3.94936
23.0223 4.04608
23.4999 4.14281
23.9775 4.23954
24.4551 4.33627
24.9327 4.433
25.4104 4.52972
25.9136 4.52972
26.4169 4.53026
26.9202 4.53081
27.4234 4.53135
27.9267 4.53189
28.43 4.53243
28.9332 4.53297
29.4365 4.53351
29.9398 4.53405
30.443 4.53459
30.9463 4.53513
31.4496 4.53567
31.9529 4.53621
32.4561 4.53675
32.9594 4.53729
33.4627 4.53784
33.9659 4.53838
34.4692 4.53892
34.9725 4.53946
35.4757 4.54
35.979 4.54054
36.4823 4.54108
36.9855 4.54162
37.4888 4.54216
37.9921 4.5427
38.4953 4.54324
38.9986 4.54378
39.5019 4.54432
39.9409 4.54432
40.3799 4.54432
40.8189 4.54432
41.2579 4.54432
44.1719 4.78903
47.086 4.78903
50.0 4.78903
0.0 1.3461
0.516524 1.3461
1.03305 1.56573
1.54957 1.78536
2.0661 2.00498
2.58262 2.22461
3.09914 2.44424
3.61567 2.66386
4.11238 2.66386
4.6091 2.70376
5.10581 2.74366
5.60253 2.78356
6.09924 2.82346
6.59596 2.86335
7.09267 2.90325
7.58939 2.94315
8.0861 2.98305
8.58281 3.02294
9.07953 3.06284
9.57624 3.10274
10.073 3.14264
10.5697 3.18253
11.0664 3.22243
11.5631 3.26233
12.0598 3.30223
12.5565 3.34212
13.0532 3.38202
13.55 3.42192
14.0339 3.42192
14.5179 3.46129
15.0019 3.50065
15.4859 3.54002
15.9698 3.57938
16.4538 3.61875
16.9378 3.65811
17.4217 3.69748
17.9057 3.73685
18.3897 3.77621
18.8737 3.81558
19.3763 3.81558
19.8789 3.83537
20.3816 3.85517
20.8842 3.87497
21.3869 3.89477
21.8895 3.91456
22.3922 3.93436
22.8948 3.95416
23.3975 3.97396
23.9001 3.99375
24.4028 4.01355
24.9054 4.03335
25.408 4.05315
25.9107 4.07294
26.4133 4.09274
26.916 4.11254
27.4186 4.13234
27.9213 4.15213
28.4239 4.17193
28.9034 4.17193
29.3828 4.17193
29.8623 4.17193
30.3418 4.17193
30.8212 4.17193
31.3007 4.17193
31.7801 4.17193
32.2596 4.17193
32.7391 4.17193
35.2049 4.49564
37.6708 4.49564
40.1366 4.49564
42.6025 4.49564
45.0683 4.49564
47.5342 4.49564
50.0 4.49564
0.0 1.1119
0.489872 1.1119
0.979744 1.34412
1.46962 1.57634
1.95949 1.80857
2.44936 2.04079
2.93923 2.27301
3.4291 2.50523
3.91898 2.73745
4.43045 2.73745
4.94192 2.7671
5.4534 2.79674
5.96487 2.82638
6.47634 2.85602
6.98782 2.88566
7.49929 2.9153
8.01076 2.94494
8.52224 2.97458
9.03371 3.00422
9.54518 3.03386
10.0567 3.06351
10.5681 3.09315
11.0796 3.12279
11.5911 3.15243
12.1026 3.18207
12.614 3.21171
13.1255 3.24135
13.6715 3.24135
14.2176 3.27677
14.7636 3.31218
15.3096 3.3476
15.8117 3.3476
16.3137 3.39001
16.8158 3.43242
17.3178 3.47484
17.8199 3.51725
18.3219 3.55966
18.824 3.60208
19.326 3.64449
19.8281 3.6869
20.3301 3.72931
20.8322 3.77173
21.3342 3.81414
21.8363 3.85655
22.3383 3.89897
22.8404 3.94138
23.3424 3.98379
23.8445 4.0262
24.3465 4.06862
24.8486 4.11103
25.3506 4.15344
25.8526 4.19586
26.3914 4.19586
26.9301 4.19586
27.4688 4.19586
28.0075 4.19586
28.5462 4.19586
30.93 4.36835
33.3137 4.36835
35.6975 4.36835
38.0812 4.36835
40.465 4.36835
42.8487 4.36835
45.2325 4.36835
47.6162 4.36835
50.0 4.36835
0.0 1.32201
0.497222 1.32201
0.994444 1.55675
1.49167 1.79148
1.98889 2.02621
2.48611 2.26094
2.98333 2.49567
3.48055 2.7304
3.96602 2.7304
4.45148 2.76272
4.93694 2.79504
5.4224 2.82736
5.90786 2.85968
6.39333 2.892
6.87879 2.92432
7.43117 2.92432
7.98355 3.07745
8.49172 3.07745
8.9999 3.09551
9.50807 3.11357
10.0162 3.13163
10.5244 3.14968
11.0326 3.16774
11.5408 3.1858
12.0489 3.20386
12.5571 3.22192
13.0653 3.23998
13.5735 3.25804
14.0816 3.2761
14.5619 3.2761
15.0422 3.2761
15.5224 3.2761
16.0027 3.2761
16.483 3.2761
16.9632 3.2761
19.5045 4.43436
22.0458 4.43436
24.5871 4.43436
27.1284 4.43436
29.6697 4.43436
32.211 4.43436
34.7523 4.43436
37.2936 4.43436
39.8348 4.43436
42.3761 4.43436
44.9174 4.43436
47.4587 4.43436
50.0 4.43436
0.0 1.10618
0.504016 1.10618
1.00803 1.41102
1.51205 1.71586
2.01606 2.0207
2.52008 2.32554
3.02409 2.63038
3.52811 2.93522
4.01875 2.93522
4.50939 2.95002
5.00003 2.96481
5.49067 2.97961
5.98131 2.9944
6.47195 3.0092
6.96259 3.02399
7.45323 3.03879
7.94387 3.05358
8.43451 3.06838
8.92515 3.08317
9.41579 3.09796
9.90643 3.11276
10.3971 3.12755
10.8633 3.12755
11.3296 3.13798
11.7959 3.1484
12.2621 3.15882
12.7284 3.16925
13.1946 3.17967
13.6609 3.19009
14.1627 3.19009
14.6646 3.25381
15.1664 3.31754
15.6682 3.38126
16.1701 3.44498
16.6719 3.5087
17.1737 3.57242
17.6756 3.63614
18.1774 3.69987
18.6792 3.76359
19.1811 3.82731
19.6829 3.89103
20.1847 3.95475
20.6866 4.01848
21.1884 4.0822
21.6902 4.14592
22.1921 4.20964
22.6939 4.27336
23.1957 4.33709
23.6976 4.40081
24.1832 4.40081
24.6688 4.40081
25.1544 4.40081
25.64 4.40081
26.1256 4.40081
26.6112 4.40081
27.0968 4.40081
27.5824 4.40081
28.068 4.40081
28.5536 4.40081
29.0392 4.40081
29.5247 4.40081
30.0103 4.40081
32.5091 4.64689
35.0078 4.64689
37.5065 4.64689
40.0052 4.64689
42.5039 4.64689
45.0026 4.64689
47.5013 4.64689
50.0 4.64689
0.0 1.26404
0.516853 1.26404
1.03371 1.55482
1.55056 1.84561
2.06741 2.13639
2.58426 2.42718
3.10112 2.71796
3.60166 2.71796
4.1022 2.73871
4.60275 2.75946
5.10329 2.78021
5.60383 2.80096
6.10438 2.82172
6.60492 2.84247
7.10546 2.86322
7.60601 2.88397
8.1675 2.88397
8.72899 2.99647
9.29048 3.10898
9.81105 3.10898
10.3316 3.12937
10.8522 3.14977
11.3728 3.17016
11.8933 3.19055
12.4139 3.21095
12.9345 3.23134
13.455 3.25174
13.9756 3.27213
14.4962 3.29253
14.9944 3.29253
15.4927 3.29253
15.9909 3.29253
16.4892 3.29253
16.9874 3.29253
19.5268 4.37906
22.0663 4.37906
24.6057 4.37906
27.1451 4.37906
29.6846 4.37906
32.224 4.37906
34.7634 4.37906
37.3029 4.37906
39.8423 4.37906
42.3817 4.37906
44.9211 4.37906
47.4606 4.37906
50.0 4.37906
0.0 1.08313
0.487473 1.08313
0.974946 1.39654
1.46242 1.70995
1.94989 2.02337
2.43736 2.33678
2.92484 2.6502
3.41231 2.96361
3.90556 2.96361
4.39881 2.97459
4.89206 2.98557
5.38531 2.99656
5.87856 3.00754
6.37181 3.01852
6.86506 3.0295
7.35831 3.04049
7.85157 3.05147
8.34482 3.06245
8.83807 3.07343
9.33132 3.08442
9.82457 3.0954
10.3178 3.10638
10.8396 3.10638
11.3614 3.11386
11.8831 3.12134
12.4049 3.12881
12.9267 3.13629
13.4484 3.14377
13.9702 3.15125
14.4733 3.15125
14.9764 3.22166
15.4794 3.29207
15.9825 3.36248
16.4856 3.43289
16.9887 3.5033
17.4918 3.57371
17.9948 3.64413
18.4979 3.71454
19.001 3.78495
19.5041 3.85536
20.0071 3.92577
20.5102 3.99618
21.0133 4.06659
21.5164 4.137
22.0195 4.20741
22.5225 4.27782
23.0256 4.34824
23.5287 4.41865
24.0224 4.41865
24.516 4.41865
25.0097 4.41865
25.5033 4.41865
25.997 4.41865
26.4907 4.41865
26.9843 4.41865
27.478 4.41865
27.9717 4.41865
28.4653 4.41865
28.959 4.41865
29.4526 4.41865
29.9463 4.41865
32.453 4.57994
34.9597 4.57994
37.4664 4.57994
39.9732 4.57994
42.4799 4.57994
44.9866 4.57994
47.4933 4.57994
50.0 4.57994
0.0 1.32232
0.483649 1.32232
0.967297 1.5505
1.45095 1.77869
1.93459 2.00687
2.41824 2.23506
2.90189 2.46324
3.38554 2.69143
3.85768 2.69143
4.32983 2.72396
4.80197 2.75649
5.27411 2.78902
5.74626 2.82155
6.2184 2.85408
6.69054 2.8866
7.16269 2.91913
7.61703 2.91913
8.07138 2.95178
8.52573 2.98443
8.98008 3.01707
9.43443 3.04972
9.9489 3.04972
10.4634 3.07707
10.9779 3.10442
11.4923 3.13177
12.0068 3.15912
12.5213 3.18648
13.0358 3.21383
13.5502 3.24118
14.0647 3.26853
14.5792 3.29588
15.0937 3.32323
15.5431 3.32323
15.9926 3.32323
16.442 3.32323
16.8915 3.32323
19.4383 4.38748
21.9851 4.38748
24.5319 4.38748
27.0787 4.38748
29.6255 4.38748
32.1723 4.38748
34.7192 4.38748
37.266 4.38748
39.8128 4.38748
42.3596 4.38748
44.9064 4.38748
47.4532 4.38748
50.0 4.38748
0.0 1.31684
0.544874 1.31684
1.08975 1.64818
1.63462 1.97953
2.17949 2.31088
2.72437 2.64222
3.25348 2.64222
3.78259 2.68823
4.3117 2.73423
4.84081 2.78024
5.36992 2.82624
5.89902 2.87224
6.43869 2.87224
6.97836 2.93864
7.51802 3.00503
8.05769 3.07142
8.56314 3.07142
9.06859 3.09049
9.57404 3.10957
10.0795 3.12864
10.5849 3.14771
11.0904 3.16679
11.5958 3.18586
12.1013 3.20494
12.6067 3.22401
13.1122 3.24308
13.6176 3.26216
14.1231 3.28123
14.6285 3.3003
15.134 3.31938
15.7001 3.31938
16.2661 3.31938
16.8322 3.31938
19.3836 4.39558
21.935 4.39558
24.4863 4.39558
27.0377 4.39558
29.5891 4.39558
32.1404 4.39558
34.6918 4.39558
37.2432 4.39558
39.7945 4.39558
42.3459 4.39558
44.8973 4.39558
47.4486 4.39558
50.0 4.39558
0.0 1.34215
0.494838 1.34215
0.989676 1.55214
1.48451 1.76213
1.97935 1.97213
2.47419 2.18212
2.96903 2.39211
3.46387 2.60211
3.9609 2.60211
4.45793 2.64441
4.95496 2.68671
5.45199 2.72902
5.94902 2.77132
6.44605 2.81362
6.94308 2.85592
7.44011 2.89823
7.93714 2.94053
8.43417 2.98283
8.9312 3.02514
9.42823 3.06744
9.92526 3.10974
10.4223 3.15204
10.9193 3.19435
11.4164 3.23665
11.9134 3.27895
12.4104 3.32126
12.9074 3.36356
13.4045 3.40586
13.8833 3.40586
14.3621 3.47194
14.8409 3.53801
15.3197 3.60409
15.7985 3.67017
16.2773 3.73624
16.7561 3.80232
17.2349 3.8684
17.7252 3.8684
18.2155 3.88166
18.7058 3.89493
19.1961 3.90819
19.6864 3.92146
20.1767 3.93472
20.6671 3.94799
21.1574 3.96125
21.6477 3.97452
22.138 3.98778
22.6283 4.00105
23.1186 4.01431
23.6089 4.02758
24.0992 4.04085
24.5895 4.05411
25.0798 4.06738
25.5701 4.08064
26.0605 4.09391
26.5508 4.10717
27.0411 4.12044
27.5314 4.1337
28.0217 4.14697
28.512 4.16023
29.0023 4.1735
29.4866 4.1735
29.971 4.1735
30.4553 4.1735
30.9396 4.1735
31.4239 4.1735
31.9082 4.1735
32.3926 4.1735
32.8769 4.1735
35.323 4.48588
37.7692 4.48588
40.2154 4.48588
42.6615 4.48588
45.1077 4.48588
47.5538 4.48588
50.0 4.48588
0.0 1.03297
0.507594 1.03297
1.01519 1.45691
1.52278 1.88084
2.03037 2.30478
2.53797 2.72871
3.04556 3.15265
3.53208 3.15265
4.0186 3.1499
4.50512 3.14715
4.99164 3.1444
5.47816 3.14166
5.96468 3.13891
6.4512 3.13616
6.93772 3.13341
7.42424 3.13066
7.91076 3.12792
8.41581 3.12792
8.92086 3.14559
9.42591 3.16326
9.93097 3.18094
10.436 3.19861
10.9411 3.21629
11.4461 3.23396
11.9512 3.25164
12.4562 3.26931
12.9613 3.28698
13.4663 3.30466
13.9714 3.32233
14.4764 3.34001
14.9815 3.35768
15.4865 3.37536
15.9916 3.39303
16.5322 3.39303
17.0728 3.3726
17.6134 3.35216
18.0743 3.35216
18.5352 3.35216
18.9961 3.35216
19.4569 3.35216
22.0022 4.82228
24.5474 4.82228
27.0927 4.82228
29.638 4.82228
32.1832 4.82228
34.7285 4.82228
37.2737 4.82228
39.819 4.82228
42.3642 4.82228
44.9095 4.82228
47.4547 4.82228
50.0 4.82228
0.0 1.15522
0.514727 1.15522
1.02945 1.38676
1.54418 1.61829
2.05891 1.84983
2.57364 2.08137
3.08836 2.31291
3.60309 2.54445
4.11782 2.77598
4.60625 2.77598
5.09468 2.80384
5.58311 2.83169
6.07154 2.85955
6.55997 2.8874
7.0484 2.91526
7.53683 2.94311
8.02526 2.97097
8.51369 2.99883
9.00212 3.02668
9.49055 3.05454
9.97898 3.08239
10.4674 3.11025
10.9558 3.1381
11.4443 3.16596
11.9327 3.19381
12.4211 3.22167
12.9096 3.24952
13.4545 3.24952
13.9995 3.27933
14.5444 3.30914
15.0516 3.30914
15.5588 3.35654
16.066 3.40395
16.5732 3.45135
17.0804 3.49875
17.5876 3.54615
18.0948 3.59355
18.6021 3.64095
19.1093 3.68835
19.6165 3.73576
20.1237 3.78316
20.6309 3.83056
21.1381 3.87796
21.6453 3.92536
22.1525 3.97276
22.6597 4.02016
23.1669 4.06756
23.6741 4.11497
24.1813 4.16237
24.6885 4.20977
25.1752 4.20977
25.662 4.20977
26.1487 4.20977
26.6355 4.20977
27.1222 4.20977
27.6089 4.20977
28.0957 4.20977
28.5824 4.20977
30.9621 4.35994
33.3419 4.35994
35.7216 4.35994
38.1013 4.35994
40.4811 4.35994
42.8608 4.35994
45.2405 4.35994
47.6203 4.35994
50.0 4.35994
0.0 1.17962
0.518073 1.17962
1.03615 1.47956
1.55422 1.7795
2.07229 2.07944
2.59036 2.37938
3.10844 2.67932
3.61427 2.67932
4.12009 2.70895
4.62592 2.73858
5.13175 2.76821
5.63758 2.79784
6.14341 2.82747
6.64924 2.8571
7.15507 2.88673
7.6609 2.91636
8.16673 2.94599
8.67256 2.97562
9.17838 3.00525
9.68421 3.03488
10.19 3.06451
10.6959 3.09414
11.2017 3.12377
11.7075 3.1534
12.2134 3.18303
12.7192 3.21266
13.225 3.24229
13.718 3.24229
14.211 3.29846
14.7039 3.35462
15.1969 3.41078
15.6899 3.46695
16.1829 3.52311
16.6759 3.57927
17.1688 3.63544
17.6618 3.6916
18.1548 3.74776
18.6478 3.80392
19.1407 3.86009
19.6552 3.86009
20.1698 3.89604
20.6843 3.93199
21.1988 3.96795
21.7133 4.0039
22.2278 4.03985
22.7423 4.07581
23.2568 4.11176
23.7611 4.11176
24.2655 4.11176
24.7698 4.11176
25.2741 4.11176
25.7785 4.11176
26.2828 4.11176
26.7872 4.11176
27.2915 4.11176
27.7958 4.11176
28.3002 4.11176
28.8045 4.11176
29.3089 4.11176
29.8132 4.11176
30.3175 4.11176
30.8219 4.11176
31.3262 4.11176
31.8306 4.11176
32.3349 4.11176
32.8392 4.11176
35.2908 4.50123
37.7423 4.50123
40.1938 4.50123
42.6454 4.50123
45.0969 4.50123
47.5485 4.50123
50.0 4.50123
0.0 1.14018
0.495318 1.14018
0.990636 1.44616
1.48595 1.75213
1.98127 2.05811
2.47659 2.36409
2.97191 2.67006
3.4773 2.67006
3.98269 2.69835
4.48809 2.72663
4.99348 2.75492
5.49887 2.7832
6.00427 2.81149
6.50966 2.83977
7.01505 2.86806
7.52045 2.89634
8.02584 2.92463
8.53123 2.95291
9.03662 2.9812
9.54202 3.00948
10.0474 3.03777
10.5528 3.06605
11.0582 3.09434
11.5636 3.12262
12.069 3.15091
12.5744 3.17919
13.0798 3.20747
13.5852 3.23576
14.0803 3.23576
14.5754 3.37086
15.0706 3.50597
15.5657 3.64107
16.0608 3.77618
16.556 3.91128
17.0837 3.91128
17.6114 3.95061
18.1391 3.98994
18.6668 4.02927
19.1945 4.0686
19.7222 4.10793
20.2191 4.10793
20.7159 4.10793
21.2128 4.10793
21.7096 4.10793
22.2065 4.10793
22.7033 4.10793
23.2002 4.10793
23.697 4.10793
24.1939 4.10793
24.6907 4.10793
25.1876 4.10793
25.6844 4.10793
26.1813 4.10793
26.6781 4.10793
27.175 4.10793
27.6718 4.10793
28.1687 4.10793
28.6655 4.10793
29.1624 4.10793
29.6592 4.10793
30.1561 4.10793
30.6529 4.10793
31.1498 4.10793
31.6466 4.10793
32.1435 4.10793
32.6403 4.10793
35.1203 4.48683
37.6002 4.48683
40.0802 4.48683
42.5601 4.48683
45.0401 4.48683
47.52 4.48683
50.0 4.48683
0.0 1.14509
0.521062 1.14509
1.04212 1.43781
1.56319 1.73052
2.08425 2.02324
2.60531 2.31596
3.12637 2.60868
3.64743 2.9014
4.14885 2.9014
4.65026 2.96796
5.15167 3.03451
5.65308 3.10107
6.14146 3.10107
6.62984 3.11565
7.11822 3.13023
7.6066 3.14481
8.09498 3.15938
8.58337 3.17396
9.07175 3.18854
9.56013 3.20312
10.0485 3.21769
10.5369 3.23227
11.0253 3.24685
11.5137 3.26143
12.002 3.276
12.4904 3.29058
12.9919 3.29058
13.4934 3.33393
13.9949 3.37728
14.4964 3.42063
14.9979 3.46399
15.4994 3.50734
16.0009 3.55069
16.5024 3.59404
17.0039 3.63739
17.5054 3.68074
18.0069 3.72409
18.5084 3.76744
19.0099 3.81079
19.5114 3.85415
20.0129 3.8975
20.503 3.8975
20.9931 3.8975
21.4832 3.8975
21.9734 3.8975
22.4635 3.8975
22.9536 3.8975
23.4438 3.8975
23.9339 3.8975
24.424 3.8975
24.9142 3.8975
25.4043 3.8975
25.8944 3.8975
26.3846 3.8975
26.8747 3.8975
29.4442 4.6649
32.0137 4.6649
34.5831 4.6649
37.1526 4.6649
39.7221 4.6649
42.2916 4.6649
44.861 4.6649
47.4305 4.6649
50.0 4.6649
0.0 1.48166
0.512427 1.48166
1.02485 1.67454
1.53728 1.86743
2.04971 2.06031
2.56213 2.2532
3.07456 2.44608
3.58699 2.63897
4.09941 2.83185
4.61184 3.02474
5.10994 3.02474
5.60803 3.04716
6.10613 3.06959
6.60422 3.09201
7.10232 3.11443
7.60041 3.13686
8.09851 3.15928
8.5966 3.18171
9.0947 3.20413
9.59279 3.22656
10.0909 3.24898
10.589 3.2714
11.0871 3.29383
11.5852 3.31625
12.0833 3.33868
12.5814 3.3611
13.0795 3.38353
13.5776 3.40595
14.0757 3.42837
14.5737 3.4508
15.0718 3.47322
15.5699 3.49565
16.068 3.51807
16.5661 3.5405
17.0642 3.56292
17.5623 3.58534
18.0604 3.60777
18.5585 3.63019
19.0566 3.65262
19.5547 3.67504
20.0636 3.67504
20.5725 3.72059
21.0814 3.76615
21.5902 3.8117
22.0991 3.85726
22.608 3.90281
23.1169 3.94836
23.6258 3.99392
24.1346 4.03947
24.6435 4.08503
25.1524 4.13058
25.6613 4.17613
26.1702 4.22169
26.6791 4.26724
27.1879 4.31279
27.6968 4.35835
28.2057 4.4039
28.7146 4.44946
29.2235 4.49501
29.7141 4.49501
30.2047 4.49604
30.6952 4.49707
31.1858 4.4981
31.6764 4.49913
32.167 4.50016
32.6576 4.50119
33.1482 4.50222
33.6388 4.50324
34.1294 4.50427
34.62 4.5053
35.1106 4.50633
35.6012 4.50736
36.0918 4.50839
36.5824 4.50942
37.0729 4.51045
37.5635 4.51148
38.0541 4.51251
38.5643 4.51251
39.0744 4.51251
39.5846 4.51251
40.0947 4.51251
40.6049 4.51251
41.115 4.51251
43.3363 4.84264
45.5575 4.84264
47.7788 4.84264
50.0 4.84264
0.0 1.07787
0.51791 1.07787
1.03582 1.38033
1.55373 1.68279
2.07164 1.98525
2.58955 2.28771
3.10746 2.59016
3.62537 2.89262
4.17438 2.89262
4.72338 3.02481
5.27239 3.157
5.76461 3.157
6.25683 3.16309
6.74905 3.16918
7.24126 3.17527
7.73348 3.18136
8.2257 3.18745
8.71792 3.19354
9.21014 3.19963
9.70235 3.20573
10.1946 3.21182
10.6868 3.21791
11.179 3.224
11.6712 3.23009
12.1634 3.23618
12.6557 3.24227
13.1479 3.24836
13.6401 3.25445
14.1323 3.26054
14.6245 3.26663
15.1338 3.26663
15.6431 3.32076
16.1524 3.3749
16.6617 3.42903
17.171 3.48316
17.6804 3.53729
18.1897 3.59143
18.699 3.64556
19.2083 3.69969
19.7176 3.75382
20.2269 3.80795
20.7362 3.86209
21.2392 3.86209
21.7422 3.86209
22.2452 3.86209
22.7481 3.86209
23.2511 3.86209
23.7541 3.86209
24.2571 3.86209
24.7601 3.86209
25.2631 3.86209
25.7661 3.86209
26.2691 3.86209
26.7721 3.86209
29.353 4.63332
31.9339 4.63332
34.5147 4.63332
37.0956 4.63332
39.6765 4.63332
42.2574 4.63332
44.8382 4.63332
47.4191 4.63332
50.0 4.63332
0.0 1.13821
0.476494 1.13821
0.952988 1.44514
1.42948 1.75207
1.90598 2.05899
2.38247 2.36592
2.85896 2.67284
3.371 2.67284
3.88304 2.69782
4.39508 2.7228
4.90712 2.74778
5.41916 2.77276
5.9312 2.79774
6.44324 2.82272
6.95528 2.8477
7.46732 2.87268
7.97936 2.89766
8.4914 2.92263
9.00344 2.94761
9.51547 2.97259
10.0275 2.99757
10.5396 3.02255
11.0516 3.04753
11.5636 3.07251
12.0757 3.09749
12.5877 3.12247
13.0997 3.14745
13.5738 3.14745
14.0479 3.25715
14.5219 3.36685
14.996 3.47656
15.47 3.58626
15.9441 3.69597
16.4181 3.80567
16.8922 3.91537
17.3616 3.91537
17.831 3.9619
18.3004 4.00843
18.7698 4.05495
19.2392 4.10148
19.7361 4.10148
20.2331 4.10148
20.73 4.10148
21.2269 4.10148
21.7238 4.10148
22.2208 4.10148
22.7177 4.10148
23.2146 4.10148
23.7115 4.10148
24.2085 4.10148
24.7054 4.10148
25.2023 4.10148
25.6992 4.10148
26.1962 4.10148
26.6931 4.10148
27.19 4.10148
27.6869 4.10148
28.1839 4.10148
28.6808 4.10148
29.1777 4.10148
29.6746 4.10148
30.1716 4.10148
30.6685 4.10148
31.1654 4.10148
31.6623 4.10148
32.1593 4.10148
32.6562 4.10148
35.1339 4.4529
37.6116 4.4529
40.0893 4.4529
42.5669 4.4529
45.0446 4.4529
47.5223 4.4529
50.0 4.4529
0.0 1.36295
0.488377 1.36295
0.976753 1.57492
1.46513 1.7869
1.95351 1.99887
2.44188 2.21084
2.93026 2.42281
3.41864 2.63479
3.90701 2.84676
4.44876 2.84676
4.9905 2.88299
5.53224 2.91922
6.07399 2.95545
6.57397 2.95545
7.07395 2.97046
7.57393 2.98547
8.07391 3.00048
8.5739 3.01548
9.07388 3.03049
9.57386 3.0455
10.0738 3.06051
10.5738 3.07552
11.0878 3.07552
11.6017 3.11787
12.1156 3.16023
12.6295 3.20258
13.107 3.20258
13.5844 3.20258
14.0619 3.20258
14.5394 3.20258
15.0168 3.20258
15.4943 3.20258
15.9717 3.20258
16.4492 3.20258
19.03 4.39565
21.6108 4.39565
24.1917 4.39565
26.7725 4.39565
29.3533 4.39565
31.9342 4.39565
34.515 4.39565
37.0958 4.39565
39.6767 4.39565
42.2575 4.39565
44.8383 4.39565
47.4192 4.39565
50.0 4.39565
0.0 1.21061
0.488408 1.21061
0.976817 1.48354
1.46523 1.75647
1.95363 2.0294
2.44204 2.30233
2.93045 2.57526
3.41886 2.84819
3.93169 2.84819
4.44452 2.87711
4.95735 2.90603
5.47018 2.93495
5.98302 2.96387
6.49585 2.99279
7.00868 3.02172
7.52151 3.05064
8.03434 3.07956
8.5806 3.07956
9.12686 3.12834
9.67312 3.17713
10.2194 3.22591
10.724 3.22591
11.2287 3.25628
11.7334 3.28664
12.238 3.31701
12.7427 3.34737
13.2473 3.37773
13.752 3.4081
14.2567 3.43846
14.7613 3.46882
15.266 3.49919
15.7706 3.52955
16.2753 3.55992
16.78 3.59028
17.2846 3.62064
17.7893 3.65101
18.294 3.68137
18.7986 3.71174
19.3033 3.7421
19.8079 3.77246
20.3126 3.80283
20.8173 3.83319
21.3219 3.86355
21.8266 3.89392
22.3312 3.92428
22.8359 3.95465
23.3406 3.98501
23.8452 4.01537
24.3499 4.04574
24.8545 4.0761
25.3592 4.10646
25.8639 4.13683
26.3685 4.16719
26.8732 4.19756
27.3778 4.22792
27.8825 4.25828
28.3872 4.28865
28.8918 4.31901
29.3965 4.34937
29.9011 4.37974
30.3978 4.37974
30.8945 4.37974
31.3912 4.37974
31.8879 4.37974
32.3846 4.37974
32.8813 4.37974
33.378 4.37974
33.8747 4.37974
34.3714 4.37974
34.8681 4.37974
35.3647 4.37974
35.8614 4.37974
36.3581 4.37974
36.8548 4.37974
37.3515 4.37974
37.8482 4.37974
38.3449 4.37974
38.8416 4.37974
39.3383 4.37974
39.835 4.37974
40.3317 4.37974
40.8284 4.37974
41.325 4.37974
41.8217 4.37974
42.3184 4.37974
44.879 4.55379
47.4395 4.55379
50.0 4.55379
0.0 1.47762
0.500787 1.47762
1.00157 1.68054
1.50236 1.88345
2.00315 2.08636
2.50394 2.28927
3.00472 2.49218
3.50551 2.69509
4.0063 2.89801
4.50708 3.10092
5.00499 3.10092
5.50289 3.12426
6.00079 3.14761
6.4987 3.17096
6.9966 3.1943
7.4945 3.21765
7.99241 3.241
8.49031 3.26434
8.98821 3.28769
9.48612 3.31104
9.98402 3.33438
10.4819 3.35773
10.9798 3.38108
11.4777 3.40442
11.9756 3.42777
12.4735 3.45112
12.9714 3.47446
13.4693 3.49781
13.9672 3.52116
14.4651 3.5445
14.9631 3.56785
15.461 3.5912
15.9589 3.61454
16.4568 3.63789
16.9547 3.66124
17.4526 3.68458
17.9544 3.68458
18.4563 3.71619
18.9581 3.74779
19.4599 3.77939
19.9618 3.81099
20.4636 3.84259
20.9655 3.87419
21.4673 3.90579
21.9691 3.93739
22.471 3.96899
22.9728 4.00059
23.4747 4.0322
23.9765 4.0638
24.4784 4.0954
24.9802 4.127
25.482 4.1586
25.9839 4.1902
26.4857 4.2218
26.9876 4.2534
27.4894 4.285
27.9912 4.3166
28.4931 4.34821
28.9949 4.37981
29.4968 4.41141
30.0094 4.41141
30.522 4.41579
31.0345 4.42017
31.5471 4.42454
32.0597 4.42892
32.5723 4.4333
33.0849 4.43768
33.5975 4.44206
34.1101 4.44644
34.6227 4.45082
35.1353 4.45519
35.6479 4.45957
36.1605 4.46395
36.673 4.46833
37.1504 4.46833
37.6278 4.46833
38.1052 4.46833
38.5826 4.46833
39.06 4.46833
39.5374 4.46833
40.0148 4.46833
40.4922 4.46833
40.9696 4.46833
43.2272 4.91256
45.4848 4.91256
47.7424 4.91256
50.0 4.91256
0.0 1.16237
0.494604 1.16237
0.989208 1.39182
1.48381 1.62127
1.97842 1.85072
2.47302 2.08017
2.96763 2.30962
3.46223 2.53907
3.95683 2.76852
4.45956 2.76852
4.96229 2.79243
5.46502 2.81634
5.96775 2.84024
6.47047 2.86415
6.9732 2.88805
7.47593 2.91196
7.97866 2.93586
8.48139 2.95977
8.98412 2.98367
9.48684 3.00758
9.98957 3.03149
10.4923 3.05539
10.995 3.0793
11.4978 3.1032
12.0005 3.12711
12.5032 3.15101
13.0059 3.17492
13.5087 3.19883
14.0114 3.22273
14.5141 3.24664
15.0392 3.24664
15.5643 3.30641
16.0894 3.36619
16.6145 3.42597
17.12 3.42597
17.6255 3.47042
18.1309 3.51487
18.6364 3.55932
19.1419 3.60377
19.6474 3.64823
20.1528 3.69268
20.6583 3.73713
21.1638 3.78158
21.6693 3.82603
22.1747 3.87048
22.6802 3.91494
23.1857 3.95939
23.6912 4.00384
24.1966 4.04829
24.7021 4.09274
25.2076 4.1372
25.7131 4.18165
26.2185 4.2261
26.7161 4.2261
27.2136 4.2261
27.7111 4.2261
28.2087 4.2261
28.7062 4.2261
31.0722 4.34976
33.4381 4.34976
35.8041 4.34976
38.1701 4.34976
40.5361 4.34976
42.9021 4.34976
45.268 4.34976
47.634 4.34976
50.0 4.34976
0.0 1.45025
0.525572 1.45025
1.05114 1.6866
1.57671 1.92295
2.10229 2.1593
2.62786 2.39565
3.15343 2.632
3.679 2.86835
4.15477 2.86835
4.63053 2.88817
5.1063 2.90799
5.58207 2.92782
6.05784 2.94764
6.5336 2.96746
7.00937 2.98728
7.48514 3.00711
7.97832 3.00711
8.4715 3.0059
8.96469 3.00469
9.45787 3.00349
9.95106 3.00228
10.4442 3.00108
10.9374 2.99987
11.4306 2.99866
11.9238 2.99746
12.4666 2.99746
13.0094 3.09198
13.5522 3.1865
14.02 3.1865
14.4879 3.1865
14.9557 3.1865
15.4236 3.1865
15.8915 3.1865
16.3593 3.1865
18.9471 4.40781
21.5348 4.40781
24.1225 4.40781
26.7103 4.40781
29.298 4.40781
31.8858 4.40781
34.4735 4.40781
37.0613 4.40781
39.649 4.40781
42.2368 4.40781
44.8245 4.40781
47.4123 4.40781
50.0 4.40781
0.0 1.48513
0.490564 1.48513
0.981129 1.66653
1.47169 1.84792
1.96226 2.02931
2.45282 2.2107
2.94339 2.39209
3.43395 2.57348
3.92452 2.75487
4.41508 2.93626
4.90564 3.11765
5.4145 3.11765
5.92335 3.13877
6.4322 3.15988
6.94105 3.181
7.44991 3.20211
7.95876 3.22323
8.46761 3.24435
8.97646 3.26546
9.48531 3.28658
9.99417 3.30769
10.503 3.32881
11.0119 3.34993
11.5207 3.37104
12.0296 3.39216
12.5384 3.41327
13.0473 3.43439
13.5561 3.4555
14.065 3.47662
14.5738 3.49774
15.0827 3.51885
15.5915 3.53997
16.1004 3.56108
16.6092 3.5822
17.1181 3.60331
17.6269 3.62443
18.1358 3.64555
18.6286 3.64555
19.1214 3.68098
19.6142 3.71642
20.107 3.75186
20.5998 3.78729
21.0926 3.82273
21.5854 3.85817
22.0782 3.8936
22.571 3.92904
23.0638 3.96448
23.5565 3.99992
24.0493 4.03535
24.5421 4.07079
25.0349 4.10623
25.5277 4.14166
26.0205 4.1771
26.5133 4.21254
27.0061 4.24797
27.4989 4.28341
27.9917 4.31885
28.4845 4.35428
28.9773 4.38972
29.4701 4.42516
29.9691 4.42516
30.4682 4.43348
30.9672 4.44179
31.4663 4.45011
31.9653 4.45843
32.4643 4.46674
32.9634 4.47506
33.4624 4.48337
33.9615 4.49169
34.4605 4.50001
34.9595 4.50832
35.4586 4.51664
35.9576 4.52496
36.4567 4.53327
36.9656 4.53327
37.4744 4.53327
37.9833 4.53327
38.4922 4.53327
39.0011 4.53327
39.51 4.53327
40.0188 4.53327
40.5277 4.53327
41.0366 4.53327
43.2774 4.90161
45.5183 4.90161
47.7591 4.90161
50.0 4.90161
0.0 1.32605
0.530456 1.32605
1.06091 1.57948
1.59137 1.83292
2.12183 2.08635
2.65228 2.33979
3.18274 2.59322
3.7132 2.84665
4.19054 2.84665
4.66788 2.86594
5.14522 2.88523
5.62256 2.90452
6.0999 2.92381
6.57725 2.9431
7.05459 2.96239
7.53193 2.98168
8.00927 3.00097
8.48661 3.02026
8.96396 3.03955
9.45977 3.03955
9.95559 3.08673
10.4514 3.1339
10.9472 3.18108
11.443 3.22825
11.9389 3.27543
12.4395 3.27543
12.94 3.30423
13.4406 3.33302
13.9412 3.36182
14.4418 3.39061
14.9424 3.41941
15.443 3.4482
15.9436 3.477
16.4442 3.50579
16.9448 3.53459
17.4454 3.56338
17.946 3.59218
18.4466 3.62098
18.9472 3.64977
19.4477 3.67857
19.9483 3.70736
20.4489 3.73616
20.9495 3.76495
21.4501 3.79375
21.9507 3.82254
22.4513 3.85134
22.9519 3.88013
23.4525 3.90893
23.9531 3.93772
24.4537 3.96652
24.9543 3.99531
25.4549 4.02411
25.9554 4.05291
26.456 4.0817
26.9566 4.1105
27.4572 4.13929
27.9578 4.16809
28.4584 4.19688
28.959 4.22568
29.4596 4.25447
29.9602 4.28327
30.4608 4.31206
30.9614 4.34086
31.462 4.36965
31.9626 4.39845
32.4631 4.42725
32.9749 4.42725
33.4866 4.42725
33.9983 4.42725
34.51 4.42725
35.0217 4.42725
35.5334 4.42725
36.0451 4.42725
36.5568 4.42725
37.0685 4.42725
37.5802 4.42725
38.0919 4.42725
38.6036 4.42725
39.1153 4.42725
39.627 4.42725
40.1387 4.42725
40.6504 4.42725
41.1621 4.42725
41.6738 4.42725
42.1855 4.42725
44.7904 4.54393
47.3952 4.54393
50.0 4.54393
0.0 1.16466
0.520258 1.16466
1.04052 1.49296
1.56077 1.82125
2.08103 2.14955
2.60129 2.47785
3.12155 2.80615
3.64181 3.13445
4.10173 3.13445
4.56165 2.74184
5.0598 2.74184
5.55795 2.8221
6.0561 2.90236
6.55425 2.98263
7.05241 3.06289
7.55056 3.14315
8.04871 3.22341
8.54686 3.30368
9.04501 3.38394
9.56433 3.38394
10.0837 3.34955
10.603 3.31515
11.1223 3.28076
11.6416 3.24637
12.1609 3.21197
12.6803 3.17758
13.203 3.17758
13.7258 3.17758
14.2485 3.17758
14.7713 3.17758
15.294 3.17758
15.8168 3.17758
16.3396 3.17758
16.8623 3.17758
19.4114 4.52307
21.9604 4.52307
24.5095 4.52307
27.0585 4.52307
29.6076 4.52307
32.1566 4.52307
34.7057 4.52307
37.2547 4.52307
39.8038 4.52307
42.3528 4.52307
44.9019 4.52307
47.4509 4.52307
50.0 4.52307
0.0 1.29964
0.494041 1.29964
0.988083 1.56373
1.48212 1.82781
1.97617 2.0919
2.47021 2.35598
2.96425 2.62006
3.45829 2.88415
3.96838 2.88415
4.47846 2.89629
4.98855 2.90843
5.49864 2.92058
6.00873 2.93272
6.51881 2.94486
7.0289 2.957
7.53899 2.96915
8.04907 2.98129
8.55916 2.99343
9.06925 3.00558
9.57933 3.01772
10.0782 3.01772
10.5771 3.0817
11.076 3.14569
11.5749 3.20967
12.0738 3.27365
12.5727 3.33764
13.0763 3.33764
13.5798 3.3677
14.0833 3.39776
14.5868 3.42782
15.0904 3.45788
15.5939 3.48795
16.0974 3.51801
16.601 3.54807
17.1045 3.57813
17.608 3.60819
18.1115 3.63825
18.6151 3.66832
19.1186 3.69838
19.6221 3.72844
20.1256 3.7585
20.6292 3.78856
21.1327 3.81862
21.6362 3.84868
22.1397 3.87875
22.6433 3.90881
23.1468 3.93887
23.6503 3.96893
24.1538 3.99899
24.6574 4.02905
25.1609 4.05911
25.6644 4.08918
26.1679 4.11924
26.6715 4.1493
27.175 4.17936
27.6785 4.20942
28.182 4.23948
28.6856 4.26954
29.1891 4.29961
29.6926 4.32967
30.1961 4.35973
30.6997 4.38979
31.2032 4.41985
31.7067 4.44991
32.2103 4.47997
32.7077 4.47997
33.2052 4.47997
33.7027 4.47997
34.2002 4.47997
34.6977 4.47997
35.1952 4.47997
35.6926 4.47997
36.1901 4.47997
36.6876 4.47997
37.1851 4.47997
37.6826 4.47997
38.1801 4.47997
38.6775 4.47997
39.175 4.47997
39.6725 4.47997
40.17 4.47997
40.6675 4.47997
41.165 4.47997
41.6625 4.47997
42.1599 4.47997
44.7733 4.55249
47.3866 4.55249
50.0 4.55249
0.0 1.12188
0.483723 1.12188
0.967446 1.38227
1.45117 1.64266
1.93489 1.90305
2.41862 2.16343
2.90234 2.42382
3.38606 2.68421
3.86978 2.9446
4.3562 2.9446
4.84262 2.96332
5.32903 2.98205
5.81545 3.00077
6.30186 3.0195
6.78828 3.03822
7.27469 3.05695
7.76111 3.07567
8.24752 3.09439
8.73394 3.11312
9.22036 3.13184
9.72634 3.13184
10.2323 3.14532
10.7383 3.1588
11.2443 3.17228
11.7503 3.18576
12.2563 3.19923
12.7622 3.21271
13.2682 3.22619
13.7742 3.23967
14.2802 3.25315
14.7862 3.26663
15.2922 3.2801
15.7981 3.29358
16.3041 3.30706
16.8101 3.32054
17.3161 3.33402
17.8221 3.34749
18.3281 3.36097
18.8652 3.36097
19.4024 3.44936
19.9396 3.53776
20.4768 3.62615
21.014 3.71454
21.5512 3.80293
22.0755 3.80293
22.5998 3.80293
23.1241 3.80293
23.6484 3.80293
24.1727 3.80293
24.697 3.80293
25.2213 3.80293
25.7456 3.80293
26.2698 3.80293
26.7941 3.80293
29.3726 4.57245
31.951 4.57245
34.5294 4.57245
37.1079 4.57245
39.6863 4.57245
42.2647 4.57245
44.8431 4.57245
47.4216 4.57245
50.0 4.57245
0.0 1.37766
0.505295 1.37766
1.01059 1.56808
1.51589 1.7585
2.02118 1.94891
2.52648 2.13933
3.03177 2.32975
3.53707 2.52017
4.04236 2.71058
4.54472 2.71058
5.04707 2.7476
5.54943 2.78461
6.05178 2.82163
6.55413 2.85864
7.05649 2.89565
7.55884 2.93267
8.0612 2.96968
8.56355 3.0067
9.06591 3.04371
9.56826 3.08072
10.0706 3.11774
10.573 3.15475
11.0753 3.19177
11.5777 3.22878
12.08 3.26579
12.5824 3.30281
13.0847 3.33982
13.5871 3.37684
14.0894 3.41385
14.5918 3.45086
15.0942 3.48788
15.5965 3.52489
16.0989 3.56191
16.6012 3.59892
17.1036 3.63593
17.6059 3.67295
18.1083 3.70996
18.6106 3.74698
19.113 3.78399
19.6153 3.821
20.1177 3.85802
20.6201 3.89503
21.1224 3.93205
21.6248 3.96906
22.1271 4.00608
22.63 4.00608
23.133 4.03415
23.6359 4.06222
24.1388 4.09029
24.6417 4.11836
25.1446 4.14644
25.6476 4.17451
26.1505 4.20258
26.6534 4.23065
27.1563 4.25872
27.6593 4.2868
28.1622 4.31487
28.6651 4.34294
29.168 4.37101
29.671 4.39909
30.1739 4.42716
30.6768 4.45523
31.1797 4.4833
31.6826 4.51137
32.1856 4.53945
32.6885 4.56752
33.1914 4.59559
33.6879 4.59559
34.1843 4.57897
34.6808 4.56235
35.1772 4.54573
35.6736 4.52912
36.1701 4.5125
36.6665 4.49588
37.163 4.47926
37.6594 4.46264
38.1559 4.44602
38.6523 4.42941
39.1488 4.41279
39.6452 4.39617
40.1417 4.37955
40.6381 4.36293
41.1345 4.34631
41.631 4.3297
42.1274 4.31308
42.6239 4.29646
43.1203 4.27984
43.6168 4.26322
44.1132 4.2466
44.6097 4.22998
45.1061 4.21337
45.6026 4.19675
46.099 4.18013
46.5484 4.18013
48.2742 4.36165
50.0 4.36165
0.0 1.25148
0.47237 1.25148
0.94474 1.48241
1.41711 1.71333
1.88948 1.94426
2.36185 2.17519
2.83422 2.40612
3.30659 2.63705
3.77896 2.86798
4.27718 2.86798
4.77541 2.88716
5.27363 2.90635
5.77185 2.92553
6.27007 2.94472
6.7683 2.9639
7.26652 2.98308
7.76474 3.00227
8.26297 3.02145
8.76119 3.04064
9.25496 3.04064
9.74873 3.06784
10.2425 3.09503
10.7363 3.12223
11.23 3.14943
11.7238 3.17663
12.2176 3.20383
12.7114 3.23103
13.2051 3.25822
13.6989 3.28542
14.1927 3.31262
14.6964 3.31262
15.2001 3.35069
15.7039 3.38875
16.2076 3.42682
16.7113 3.46488
17.2151 3.50295
17.7188 3.54101
18.2225 3.57908
18.7263 3.61714
19.23 3.65521
19.7337 3.69327
20.2375 3.73134
20.7412 3.7694
21.2449 3.80747
21.7487 3.84553
22.2524 3.8836
22.7561 3.92166
23.2599 3.95973
23.7636 3.99779
24.2673 4.03586
24.7711 4.07392
25.2748 4.11199
25.7785 4.15005
26.2823 4.18812
26.786 4.22619
27.2897 4.26425
27.7934 4.30232
28.2972 4.34038
28.8009 4.37845
29.3046 4.41651
29.8084 4.45458
30.3121 4.49264
30.8049 4.49264
31.2978 4.49264
31.7906 4.49264
32.2835 4.49264
32.7763 4.49264
33.2691 4.49264
33.762 4.49264
34.2548 4.49264
34.7476 4.49264
35.2405 4.49264
35.7333 4.49264
36.2261 4.49264
36.719 4.49264
37.2118 4.49264
37.7046 4.49264
38.1975 4.49264
38.6903 4.49264
39.1832 4.49264
39.676 4.49264
40.1688 4.49264
40.6617 4.49264
41.1545 4.49264
41.6473 4.49264
42.1402 4.49264
44.7601 4.55716
47.3801 4.55716
50.0 4.55716
0.0 1.48275
0.498981 1.48275
0.997962 1.66808
1.49694 1.8534
1.99592 2.03873
2.4949 2.22405
2.99389 2.40937
3.49287 2.5947
3.99185 2.78002
4.49083 2.96535
4.98981 3.15067
5.48292 3.15067
5.97603 3.1704
6.46914 3.19012
6.96225 3.20984
7.45536 3.22957
7.94847 3.24929
8.44158 3.26901
8.93469 3.28874
9.4278 3.30846
9.92092 3.32819
10.414 3.34791
10.9071 3.36763
11.4002 3.38736
11.8934 3.40708
12.3865 3.42681
12.8796 3.44653
13.3727 3.46625
13.8658 3.48598
14.3589 3.5057
14.852 3.52542
15.3451 3.54515
15.8382 3.56487
16.3459 3.56487
16.8535 3.60148
17.3611 3.63809
17.8687 3.6747
18.3763 3.71131
18.884 3.74793
19.3916 3.78454
19.8992 3.82115
20.4068 3.85776
20.9144 3.89437
21.4221 3.93098
21.9297 3.96759
22.4373 4.0042
22.9449 4.04081
23.4525 4.07742
23.9602 4.11403
24.4678 4.15064
24.9754 4.18725
25.483 4.22386
25.9906 4.26047
26.4983 4.29708
27.0059 4.3337
27.5135 4.37031
28.0211 4.40692
28.5281 4.40692
29.0352 4.41421
29.5422 4.42149
30.0492 4.42878
30.5562 4.43607
31.0632 4.44336
31.5703 4.45065
32.0773 4.45794
32.5843 4.46523
33.0913 4.47252
33.5983 4.47981
34.1053 4.4871
34.6124 4.49439
35.1194 4.50167
35.6264 4.50896
36.1334 4.51625
36.613 4.51625
37.0926 4.51625
37.5721 4.51625
38.0517 4.51625
38.5313 4.51625
39.0109 4.51625
39.4905 4.51625
39.97 4.51625
40.4496 4.51625
40.9292 4.51625
43.1969 4.87315
45.4646 4.87315
47.7323 4.87315
50.0 4.87315
0.0 1.09395
0.508692 1.09395
1.01738 1.40519
1.52608 1.71643
2.03477 2.02767
2.54346 2.33892
3.05215 2.65016
3.56084 2.9614
4.04253 2.9614
4.52422 2.98644
5.0059 3.01148
5.48759 3.03653
5.96928 3.06157
6.45097 3.08661
6.93265 3.11165
7.41434 3.13669
7.90359 3.13669
8.39284 3.13512
8.88209 3.13355
9.37134 3.13199
9.86059 3.13042
10.3498 3.12885
10.8391 3.12728
11.3283 3.12571
11.8176 3.12414
12.3068 3.12257
12.7961 3.121
13.2955 3.121
13.795 3.17763
14.2944 3.23425
14.7939 3.29088
15.2933 3.34751
15.7927 3.40413
16.2922 3.46076
16.7916 3.51739
17.2911 3.57401
17.7905 3.63064
18.2899 3.68727
18.7894 3.74389
19.2888 3.80052
19.7883 3.85715
20.2877 3.91377
20.7871 3.9704
21.2866 4.02703
21.786 4.08365
22.2855 4.14028
22.7849 4.19691
23.2843 4.25353
23.7838 4.31016
24.268 4.31016
24.7522 4.31016
25.2364 4.31016
25.7207 4.31016
26.2049 4.31016
26.6891 4.31016
27.1733 4.31016
27.6576 4.31016
28.1418 4.31016
28.626 4.31016
29.1102 4.31016
29.5945 4.31016
30.0787 4.31016
32.5688 4.63792
35.059 4.63792
37.5492 4.63792
40.0393 4.63792
42.5295 4.63792
45.0197 4.63792
47.5098 4.63792
50.0 4.63792
0.0 1.40584
0.443583 1.40584
0.968749 1.43665
1.49391 1.73517
2.01908 2.0337
2.54425 2.33222
3.06941 2.63074
3.59458 2.92927
4.09927 2.92927
4.60395 2.96066
5.10864 2.99205
5.61332 3.02344
6.11801 3.05482
6.6227 3.08621
7.12738 3.1176
7.63207 3.14899
8.13675 3.18038
8.64144 3.21177
9.14613 3.24316
9.65081 3.27455
10.1555 3.30594
10.6602 3.33733
11.1649 3.36872
11.6696 3.40011
12.1742 3.4315
12.6789 3.46289
13.1836 3.49428
13.6883 3.52567
14.193 3.55706
14.6977 3.58845
15.2024 3.61984
15.707 3.65123
16.2117 3.68262
16.7164 3.714
17.2211 3.74539
17.7258 3.77678
18.2305 3.80817
18.7352 3.83956
19.2399 3.87095
19.7445 3.90234
20.2492 3.93373
20.7539 3.96512
21.2586 3.99651
21.7633 4.0279
22.268 4.05929
22.7668 4.05929
23.2657 4.07631
23.7646 4.09333
24.2634 4.11035
24.7623 4.12737
25.2612 4.14439
25.76 4.16141
26.2589 4.17843
26.7577 4.19546
27.2566 4.21248
27.7555 4.2295
28.2543 4.24652
28.7532 4.26354
29.2521 4.28056
29.7509 4.29758
30.2498 4.3146
30.7487 4.33162
31.2475 4.34864
31.7464 4.36566
32.2453 4.38268
32.7441 4.3997
33.243 4.41673
33.7419 4.43375
34.2407 4.45077
34.7396 4.46779
35.2384 4.48481
35.7373 4.50183
36.2362 4.51885
36.735 4.53587
37.2339 4.55289
37.7328 4.56991
38.2316 4.58693
38.7305 4.60395
39.254 4.60395
39.7774 4.60395
40.3009 4.60395
40.8243 4.60395
41.3478 4.60395
44.2319 4.80603
47.1159 4.80603
50.0 4.80603
0.0 1.25489
0.533826 1.25489
1.06765 1.51937
1.60148 1.78385
2.1353 2.04833
2.66913 2.31282
3.20296 2.5773
3.73678 2.84178
4.2511 2.84178
4.76542 2.87638
5.27974 2.91098
5.79406 2.94558
6.30837 2.98018
6.82269 3.01477
7.33701 3.04937
7.85133 3.08397
8.36565 3.11857
8.86888 3.11857
9.37212 3.1298
9.87536 3.14103
10.3786 3.15225
10.8818 3.16348
11.3851 3.17471
11.8883 3.18594
12.3915 3.19717
12.8948 3.2084
13.398 3.21962
13.9012 3.23085
14.4045 3.24208
14.9077 3.25331
15.4004 3.25331
15.8932 3.29455
16.3859 3.33578
16.8787 3.37702
17.3714 3.41825
17.8641 3.45949
18.3569 3.50072
18.8496 3.54196
19.3423 3.58319
19.8351 3.62443
20.3278 3.66566
20.8206 3.7069
21.3133 3.74813
21.806 3.78937
22.2988 3.8306
22.7915 3.87184
23.2842 3.91307
23.777 3.95431
24.2697 3.99554
24.7624 4.03678
25.2552 4.07801
25.7479 4.11925
26.2407 4.16048
26.7334 4.20172
27.2261 4.24295
27.7189 4.28419
28.2116 4.32542
28.7043 4.36666
29.1971 4.40789
29.6898 4.44913
30.1826 4.49036
30.6753 4.5316
31.1763 4.5316
31.6773 4.5316
32.1783 4.5316
32.6793 4.5316
33.1803 4.5316
33.6813 4.5316
34.1823 4.5316
34.6833 4.5316
35.1843 4.5316
35.6853 4.5316
36.1864 4.5316
36.6874 4.5316
37.1884 4.5316
37.6894 4.5316
38.1904 4.5316
38.6914 4.5316
39.1924 4.5316
39.6934 4.5316
40.1944 4.5316
40.6954 4.5316
41.1964 4.5316
41.6974 4.5316
42.1984 4.5316
44.7989 4.54835
47.3995 4.54835
50.0 4.54835
0.0 1.10499
0.47926 1.10499
0.95852 1.36361
1.43778 1.62224
1.91704 1.88087
2.3963 2.13949
2.87556 2.39812
3.35482 2.65675
3.83408 2.91537
4.34477 2.91537
4.85546 2.94551
5.36615 2.97565
5.87684 3.00579
6.38753 3.03593
6.89823 3.06607
7.40892 3.09621
7.91961 3.12635
8.4303 3.15649
8.91987 3.15649
9.40943 3.17281
9.899 3.18914
10.3886 3.20546
10.8781 3.22179
11.3677 3.23811
11.8573 3.25444
12.3468 3.27076
12.8364 3.28709
13.326 3.30342
13.8155 3.31974
14.3051 3.33607
14.7947 3.35239
15.2842 3.36872
15.7738 3.38504
16.2634 3.40137
16.7702 3.40137
17.277 3.44449
17.7838 3.48761
18.2906 3.53073
18.7974 3.57385
19.3042 3.61697
19.8111 3.66009
20.3179 3.70322
20.8247 3.74634
21.3315 3.78946
21.8382 3.78946
22.345 3.78946
22.8517 3.78946
23.3585 3.78946
23.8652 3.78946
24.372 3.78946
24.8787 3.78946
25.3854 3.78946
25.8922 3.78946
26.3989 3.78946
26.9057 3.78946
29.4717 4.62551
32.0377 4.62551
34.6038 4.62551
37.1698 4.62551
39.7358 4.62551
42.3019 4.62551
44.8679 4.62551
47.434 4.62551
50.0 4.62551
0.0 1.21059
0.491441 1.21059
0.982883 1.4754
1.47432 1.74021
1.96577 2.00503
2.45721 2.26984
2.94865 2.53465
3.44009 2.79946
3.93748 2.79946
4.43487 2.86965
4.93226 2.93984
5.42965 3.01003
5.92704 3.08022
6.42443 3.15041
6.90657 3.15041
7.38871 3.1585
7.87085 3.16659
8.35299 3.17468
8.83513 3.18277
9.31727 3.19085
9.79941 3.19894
10.2815 3.20703
10.7637 3.21512
11.2458 3.22321
11.728 3.2313
12.2101 3.23939
12.7127 3.23939
13.2154 3.27154
13.718 3.30368
14.2206 3.33582
14.7232 3.36797
15.2259 3.40011
15.7285 3.43226
16.2311 3.4644
16.7337 3.49655
17.2364 3.52869
17.739 3.56084
18.2416 3.59298
18.7443 3.62513
19.2469 3.65727
19.7495 3.68942
20.2521 3.72156
20.7548 3.7537
21.2574 3.78585
21.76 3.81799
22.2626 3.85014
22.7653 3.88228
23.2679 3.91443
23.7705 3.94657
24.2731 3.97872
24.7758 4.01086
25.2784 4.04301
25.781 4.07515
26.2837 4.1073
26.7863 4.13944
27.2889 4.17158
27.7915 4.20373
28.2942 4.23587
28.7968 4.26802
29.2994 4.30016
29.802 4.33231
30.3047 4.36445
30.8073 4.3966
31.3099 4.42874
31.8034 4.42874
32.2968 4.42874
32.7902 4.42874
33.2837 4.42874
33.7771 4.42874
34.2706 4.42874
34.764 4.42874
35.2574 4.42874
35.7509 4.42874
36.2443 4.42874
36.7377 4.42874
37.2312 4.42874
37.7246 4.42874
38.2181 4.42874
38.7115 4.42874
39.2049 4.42874
39.6984 4.42874
40.1918 4.42874
40.6852 4.42874
41.1787 4.42874
41.6721 4.42874
42.1656 4.42874
44.777 4.61533
47.3885 4.61533
50.0 4.61533
0.0 1.16884
0.518252 1.16884
1.0365 1.46002
1.55475 1.75119
2.07301 2.04237
2.59126 2.33354
3.10951 2.62472
3.62776 2.9159
4.09922 2.9159
4.57068 2.95813
5.04214 3.00037
5.5136 3.0426
5.98506 3.08484
6.45652 3.12707
6.92798 3.1693
7.40877 3.1693
7.88956 3.17224
8.37035 3.17518
8.85114 3.17811
9.33193 3.18105
9.81272 3.18399
10.2935 3.18692
10.7743 3.18986
11.2551 3.1928
11.7359 3.19573
12.2338 3.19573
12.7317 3.24304
13.2297 3.29035
13.7276 3.33766
14.2255 3.38497
14.7234 3.43227
15.2213 3.47958
15.7193 3.52689
16.2172 3.5742
16.7151 3.62151
17.213 3.66881
17.711 3.71612
18.2089 3.76343
18.7068 3.81074
19.2047 3.85805
19.7027 3.90535
20.2006 3.95266
20.6985 3.99997
21.1964 4.04728
21.6944 4.09459
22.1923 4.14189
22.6902 4.1892
23.1881 4.23651
23.6861 4.28382
24.184 4.33113
24.6819 4.37843
25.1798 4.42574
25.6791 4.42574
26.1783 4.42574
26.6775 4.42574
27.1767 4.42574
27.676 4.42574
28.1752 4.42574
28.6744 4.42574
29.1737 4.42574
29.6729 4.42574
30.1721 4.42574
30.6713 4.42574
31.1706 4.42574
31.6698 4.42574
32.169 4.42574
32.6683 4.42574
33.1675 4.42574
33.6667 4.42574
34.1659 4.42574
34.6652 4.42574
35.1644 4.42574
35.6636 4.42574
36.1629 4.42574
36.6621 4.42574
37.1613 4.42574
37.6605 4.42574
38.1598 4.42574
38.659 4.42574
39.1582 4.42574
39.6575 4.42574
40.1567 4.42574
40.6559 4.42574
41.1551 4.42574
41.6544 4.42574
42.1536 4.42574
44.7691 4.60819
47.3845 4.60819
50.0 4.60819
0.0 1.38298
0.485248 1.38298
0.970495 1.66591
1.45574 1.94885
1.94099 2.23178
2.42624 2.51471
2.91149 2.79764
3.39673 3.08057
3.93989 3.08057
4.48305 3.07592
5.02621 3.07127
5.52089 3.07127
6.01557 3.11521
6.51025 3.15916
7.00493 3.2031
7.49961 3.24705
7.99429 3.291
8.48897 3.33494
8.98365 3.37889
9.47833 3.42283
9.97301 3.46678
10.4677 3.51073
10.9624 3.55467
11.4571 3.59862
11.9517 3.64256
12.4464 3.68651
12.9411 3.73046
13.4358 3.7744
13.9305 3.81835
14.4251 3.86229
14.9198 3.90624
15.4017 3.90624
15.8836 3.79595
16.3655 3.68565
16.8474 3.57536
17.3293 3.46507
17.8343 3.46507
18.3393 3.46507
18.8443 3.46507
19.3493 3.46507
19.8542 3.46507
20.3592 3.46507
22.8293 4.73843
25.2993 4.73843
27.7694 4.73843
30.2395 4.73843
32.7095 4.73843
35.1796 4.73843
37.6497 4.73843
40.1197 4.73843
42.5898 4.73843
45.0599 4.73843
47.5299 4.73843
50.0 4.73843
0.0 1.07941
0.522436 1.07941
1.04487 1.33545
1.56731 1.5915
2.08974 1.84754
2.61218 2.10359
3.13461 2.35963
3.65705 2.61568
4.17948 2.87172
4.6703 2.87172
5.16111 2.91067
5.65192 2.94962
6.14273 2.98856
6.63354 3.02751
7.12436 3.06646
7.61517 3.10541
8.10598 3.14435
8.59679 3.1833
9.08141 3.1833
9.56604 3.20062
10.0507 3.21794
10.5353 3.23525
11.0199 3.25257
11.5045 3.26989
11.9891 3.28721
12.4738 3.30453
12.9584 3.32184
13.443 3.33916
13.9276 3.35648
14.4123 3.3738
14.8969 3.39112
15.3815 3.40843
15.8661 3.42575
16.3451 3.42575
16.8241 3.46639
17.3031 3.50702
17.7821 3.54766
18.2612 3.58829
18.7402 3.62893
19.2192 3.66957
19.6982 3.7102
20.1772 3.75084
20.6562 3.79147
21.1352 3.83211
21.6207 3.83211
22.1063 3.83211
22.5918 3.83211
23.0774 3.83211
23.563 3.83211
24.0485 3.83211
24.5341 3.83211
25.0196 3.83211
25.5052 3.83211
25.9907 3.83211
26.4763 3.83211
26.9618 3.83211
29.5216 4.58944
32.0814 4.58944
34.6412 4.58944
37.201 4.58944
39.7608 4.58944
42.3206 4.58944
44.8804 4.58944
47.4402 4.58944
50.0 4.58944
0.0 1.138
0.494712 1.138
0.989423 1.35086
1.48413 1.56373
1.97885 1.77659
2.47356 1.98946
2.96827 2.20232
3.46298 2.41519
3.95769 2.62805
4.4524 2.84091
4.94991 2.84091
5.44741 2.85724
5.94491 2.87356
6.44241 2.88989
6.93991 2.90621
7.43742 2.92254
7.93492 2.93886
8.43242 2.95519
8.92992 2.97151
9.42742 2.98784
9.92493 3.00416
10.4224 3.02049
10.9199 3.03681
11.4174 3.05313
11.9149 3.06946
12.4124 3.08578
12.9099 3.10211
13.4074 3.11843
13.9049 3.13476
14.4362 3.13476
14.9675 3.19943
15.4988 3.2641
16.03 3.32877
16.5613 3.39345
17.0608 3.39345
17.5604 3.4434
18.0599 3.49336
18.5595 3.54331
19.059 3.59327
19.5585 3.64322
20.0581 3.69318
20.5576 3.74313
21.0572 3.79309
21.5567 3.84304
22.0563 3.893
22.5558 3.94296
23.0553 3.99291
23.5549 4.04287
24.0544 4.09282
24.554 4.14278
25.0535 4.19273
25.553 4.24269
26.0725 4.24269
26.592 4.24269
27.1114 4.24269
27.6309 4.24269
28.1503 4.24269
28.6698 4.24269
31.0398 4.3666
33.4098 4.3666
35.7799 4.3666
38.1499 4.3666
40.5199 4.3666
42.8899 4.3666
45.26 4.3666
47.63 4.3666
50.0 4.3666
0.0 1.05451
0.477378 1.05451
0.954756 1.28878
1.43213 1.52304
1.90951 1.75731
2.38689 1.99157
2.86427 2.22584
3.34165 2.46011
3.81903 2.69437
4.2964 2.92864
4.80899 2.92864
5.32158 2.94452
5.83416 2.96041
6.34675 2.9763
6.85934 2.99218
7.37193 3.00807
7.88451 3.02396
8.3971 3.03985
8.90969 3.05573
9.4135 3.05573
9.9173 3.08159
10.4211 3.10744
10.9249 3.1333
11.4287 3.15915
11.9325 3.18501
12.4363 3.21086
12.9402 3.23672
13.444 3.26257
13.9478 3.28843
14.4516 3.31428
14.9554 3.34014
15.4592 3.36599
15.963 3.39185
16.4668 3.4177
16.9704 3.4177
17.474 3.47533
17.9776 3.53295
18.4812 3.59058
18.9848 3.6482
19.4884 3.70582
19.992 3.76345
20.4956 3.82107
20.9992 3.8787
21.4951 3.8787
21.991 3.8787
22.4869 3.8787
22.9827 3.8787
23.4786 3.8787
23.9745 3.8787
24.4704 3.8787
24.9662 3.8787
25.4621 3.8787
25.958 3.8787
26.4539 3.8787
26.9497 3.8787
29.5109 4.45406
32.072 4.45406
34.6332 4.45406
37.1943 4.45406
39.7554 4.45406
42.3166 4.45406
44.8777 4.45406
47.4389 4.45406
50.0 4.45406
0.0 1.01894
0.480187 1.01894
0.960374 1.28335
1.44056 1.54777
1.92075 1.81218
2.40094 2.0766
2.88112 2.34101
3.36131 2.60543
3.8415 2.86985
4.31978 2.86985
4.79806 2.88706
5.27634 2.90427
5.75462 2.92149
6.23291 2.9387
6.71119 2.95591
7.18947 2.97312
7.66775 2.99034
8.14603 3.00755
8.62432 3.02476
9.12968 3.02476
9.63504 3.06315
10.1404 3.10155
10.6458 3.13994
11.1511 3.17833
11.6565 3.21672
12.1619 3.25511
12.6672 3.2935
13.1726 3.33189
13.6779 3.37029
14.1833 3.40868
14.6887 3.44707
15.1803 3.44707
15.6719 3.48093
16.1635 3.5148
16.6552 3.54866
17.1468 3.58253
17.6384 3.6164
18.13 3.65026
18.6217 3.68413
19.1133 3.71799
19.6049 3.75186
20.0965 3.78572
20.5818 3.78572
21.067 3.78572
21.5523 3.78572
22.0375 3.78572
22.5228 3.78572
23.008 3.78572
23.4932 3.78572
23.9785 3.78572
24.4637 3.78572
24.949 3.78572
25.4342 3.78572
25.9194 3.78572
26.4047 3.78572
26.8899 3.78572
29.4577 4.48316
32.0255 4.48316
34.5933 4.48316
37.1611 4.48316
39.7289 4.48316
42.2966 4.48316
44.8644 4.48316
47.4322 4.48316
50.0 4.48316
0.0 1.1242
0.470938 1.1242
0.941876 1.37367
1.41281 1.62314
1.88375 1.87261
2.35469 2.12208
2.82563 2.37155
3.29657 2.62103
3.7675 2.8705
4.26279 2.8705
4.75808 2.88573
5.25337 2.90097
5.74865 2.91621
6.24394 2.93144
6.73923 2.94668
7.23452 2.96191
7.7298 2.97715
8.22509 2.99239
8.72038 3.00762
9.21567 3.02286
9.71095 3.03809
10.2008 3.03809
10.6906 3.0647
11.1805 3.09131
11.6703 3.11792
12.1601 3.14453
12.65 3.17113
13.1398 3.19774
13.6296 3.22435
14.1195 3.25096
14.6093 3.27756
15.0991 3.30417
15.589 3.33078
16.0788 3.35739
16.5686 3.38399
17.0585 3.4106
17.5483 3.43721
18.0302 3.43721
18.5122 3.46718
18.9941 3.49716
19.476 3.52714
19.958 3.55711
20.4399 3.58709
20.9218 3.61707
21.4038 3.64704
21.8857 3.67702
22.3676 3.70699
22.8496 3.73697
23.3315 3.76695
23.8134 3.79692
24.3438 3.79692
24.8743 3.79692
25.4047 3.79692
25.9351 3.79692
26.4655 3.79692
26.9959 3.79692
29.5519 4.56826
32.1079 4.56826
34.664 4.56826
37.22 4.56826
39.776 4.56826
42.332 4.56826
44.888 4.56826
47.444 4.56826
50.0 4.56826
0.0 1.09281
0.479611 1.09281
0.959222 1.36765
1.43883 1.6425
1.91844 1.91734
2.39806 2.19218
2.87767 2.46702
3.35728 2.74186
3.83689 3.01671
4.33992 3.01671
4.84296 3.03628
5.34599 3.05586
5.84902 3.07544
6.35206 3.09501
6.85509 3.11459
7.35812 3.13416
7.86274 3.13416
8.36735 3.13132
8.87197 3.12848
9.37658 3.12563
9.8812 3.12279
10.3858 3.11994
10.8904 3.1171
11.395 3.11426
11.8997 3.11141
12.4043 3.10857
12.9089 3.10572
13.4135 3.10288
13.9181 3.10003
14.4227 3.09719
14.9273 3.09435
15.4269 3.09435
15.9264 3.17146
16.4259 3.24857
16.9254 3.32568
17.4249 3.40279
17.9244 3.4799
18.4239 3.55701
18.9234 3.63412
19.4229 3.71124
19.9225 3.78835
20.422 3.86546
20.9215 3.94257
21.421 4.01968
21.9205 4.09679
22.42 4.1739
22.9195 4.25102
23.419 4.32813
23.9042 4.32813
24.3894 4.32813
24.8747 4.32813
25.3599 4.32813
25.8451 4.32813
26.3303 4.32813
26.8155 4.32813
27.3007 4.32813
27.7859 4.32813
28.2711 4.32813
28.7563 4.32813
29.2415 4.32813
29.7267 4.32813
30.212 4.32813
32.6855 4.6531
35.159 4.6531
37.6325 4.6531
40.106 4.6531
42.5795 4.6531
45.053 4.6531
47.5265 4.6531
50.0 4.6531
0.0 1.11756
0.511802 1.11756
1.0236 1.33594
1.53541 1.55431
2.04721 1.77269
2.55901 1.99107
3.07081 2.20945
3.58262 2.42782
4.09442 2.6462
4.60622 2.86458
5.11382 2.86458
5.62142 2.87714
6.12902 2.8897
6.63662 2.90225
7.14422 2.91481
7.65183 2.92737
8.15943 2.93993
8.66703 2.95249
9.17463 2.96504
9.68223 2.9776
10.1898 2.99016
10.6974 3.00272
11.205 3.01528
11.7126 3.02783
12.2202 3.04039
12.7278 3.05295
13.2354 3.06551
13.743 3.07807
14.2506 3.09063
14.7582 3.10318
15.2658 3.11574
15.7734 3.1283
16.2115 3.1283
16.6495 3.21461
17.0875 3.30091
17.5255 3.38722
18.0144 3.38722
18.5033 3.4656
18.9922 3.54397
19.4811 3.62234
19.97 3.70071
20.4589 3.77909
20.9478 3.85746
21.4367 3.93583
21.9256 4.01421
22.4145 4.09258
22.9034 4.17095
23.3923 4.24933
23.8812 4.3277
24.3635 4.3277
24.8457 4.3277
25.328 4.3277
25.8102 4.3277
26.2925 4.3277
26.7747 4.3277
27.257 4.3277
27.7392 4.3277
28.2215 4.3277
28.7037 4.3277
31.07 4.38224
33.4362 4.38224
35.8025 4.38224
38.1687 4.38224
40.535 4.38224
42.9012 4.38224
45.2675 4.38224
47.6337 4.38224
50.0 4.38224
0.0 1.19364
0.524546 1.19364
1.04909 1.51033
1.57364 1.82701
2.09818 2.1437
2.62273 2.46038
3.14727 2.77707
3.67182 3.09376
4.19141 3.09376
4.711 3.10692
5.23059 3.12008
5.75018 3.13325
6.26977 3.14641
6.78935 3.15958
7.30894 3.17274
7.82634 3.17274
8.34374 3.16526
8.86113 3.15777
9.37853 3.15028
9.89593 3.14279
10.4133 3.1353
10.9307 3.12782
11.4481 3.12033
11.9655 3.11284
12.4829 3.10535
13.0003 3.09787
13.5177 3.09038
14.0351 3.08289
14.5525 3.0754
15.0486 3.0754
15.5448 3.15762
16.0409 3.23984
16.537 3.32205
17.0332 3.40427
17.5293 3.48649
18.0254 3.56871
18.5215 3.65092
19.0177 3.73314
19.5138 3.81536
20.0099 3.89757
20.5061 3.97979
21.0022 4.06201
21.4983 4.14423
21.9945 4.22644
22.4906 4.30866
22.9867 4.39088
23.5017 4.39088
24.0168 4.39088
24.5318 4.39088
25.0468 4.39088
25.5619 4.39088
26.0769 4.39088
26.5919 4.39088
27.107 4.39088
27.622 4.39088
28.137 4.39088
28.652 4.39088
29.1671 4.39088
29.6821 4.39088
30.1971 4.39088
32.6725 4.66817
35.1479 4.66817
37.6232 4.66817
40.0986 4.66817
42.5739 4.66817
45.0493 4.66817
47.5246 4.66817
50.0 4.66817
0.0 1.06818
0.498104 1.06818
0.996207 1.32016
1.49431 1.57214
1.99241 1.82412
2.49052 2.0761
2.98862 2.32808
3.48673 2.58006
3.98483 2.83204
4.49766 2.83204
5.01049 2.84956
5.52333 2.86709
6.03616 2.88462
6.54899 2.90215
7.06183 2.91968
7.57466 2.9372
8.08749 2.95473
8.60032 2.97226
9.11316 2.98979
9.62599 3.00732
10.1388 3.02484
10.6517 3.04237
11.1645 3.0599
11.6773 3.07743
12.1902 3.09496
12.703 3.11248
13.2158 3.13001
13.7035 3.13001
14.1912 3.16589
14.6789 3.20177
15.1666 3.23765
15.6543 3.27353
16.1419 3.30941
16.6296 3.34528
17.1173 3.38116
17.61 3.38116
18.1028 3.4328
18.5955 3.48444
19.0882 3.53608
19.581 3.58772
20.0737 3.63936
20.5664 3.691
21.0592 3.74264
21.5519 3.79428
22.0446 3.84591
22.5373 3.89755
23.0301 3.94919
23.5228 4.00083
24.0155 4.05247
24.5083 4.10411
25.001 4.15575
25.4937 4.20739
25.9865 4.25903
26.4792 4.31067
26.9405 4.31067
27.4018 4.31067
27.8631 4.31067
28.3243 4.31067
28.7856 4.31067
31.4374 4.3302
34.0892 4.3302
36.741 4.3302
39.3928 4.3302
42.0446 4.3302
44.6964 4.3302
47.3482 4.3302
50.0 4.3302
0.0 0.966428
0.489359 0.966428
0.978717 1.42538
1.46808 1.88433
1.95743 2.34328
2.46596 2.34328
2.97449 2.40169
3.48302 2.4601
3.99155 2.51851
4.50008 2.57692
5.00861 2.63533
5.51714 2.69374
6.02567 2.75215
6.5342 2.81056
7.04273 2.86897
7.55126 2.92738
8.05979 2.9858
8.56832 3.04421
9.07685 3.10262
9.58538 3.16103
10.0939 3.21944
10.6024 3.27785
11.111 3.33626
11.6195 3.39467
12.128 3.45308
12.6366 3.51149
13.1451 3.5699
13.6536 3.62832
14.1605 3.62832
14.6674 3.64386
15.1743 3.6594
15.6811 3.67495
16.188 3.69049
16.6949 3.70603
17.2018 3.72158
17.7087 3.73712
18.2156 3.75266
18.7224 3.76821
19.2293 3.78375
19.7362 3.79929
20.2431 3.81484
20.75 3.83038
21.2568 3.84592
21.7637 3.86147
22.2706 3.87701
22.7775 3.89255
23.2844 3.90809
23.7912 3.92364
24.2981 3.93918
24.805 3.95472
25.3119 3.97027
25.8188 3.98581
26.3257 4.00135
26.8325 4.0169
27.3394 4.03244
27.8463 4.04798
28.3532 4.06353
28.8721 4.06353
29.391 4.1012
29.9099 4.13887
30.4287 4.17655
30.9476 4.21422
31.4665 4.25189
31.9854 4.28956
32.5043 4.32724
33.0232 4.36491
33.5421 4.40258
34.061 4.44026
34.5799 4.47793
35.0963 4.47793
35.6128 4.47793
36.1293 4.47793
36.6458 4.47793
37.1623 4.47793
37.6787 4.47793
38.1952 4.47793
38.7117 4.47793
39.2282 4.47793
39.7446 4.47793
40.2611 4.47793
40.7776 4.47793
43.0832 4.52229
45.3888 4.52229
47.6944 4.52229
50.0 4.52229
0.0 1.22551
0.469921 1.22551
0.939841 1.49218
1.40976 1.75886
1.87968 2.02553
2.3496 2.2922
2.81952 2.55887
3.28945 2.82555
3.75937 3.09222
4.25676 3.09222
4.75416 3.09793
5.25156 3.10364
5.74896 3.10935
6.24636 3.11506
6.74376 3.12077
7.24115 3.12647
7.73855 3.13218
8.23595 3.13789
8.73707 3.13789
9.23819 3.13864
9.7393 3.13939
10.2404 3.14013
10.7415 3.14088
11.2427 3.14163
11.7438 3.14237
12.2449 3.14312
12.746 3.14386
13.2471 3.14461
13.7482 3.14536
14.2494 3.1461
14.7505 3.14685
15.2516 3.1476
15.7527 3.14834
16.2538 3.14909
16.7549 3.14984
17.2646 3.14984
17.7742 3.24695
18.2838 3.34406
18.7934 3.44117
19.303 3.53828
19.8127 3.63539
20.3223 3.7325
20.8319 3.82961
21.3415 3.92673
21.8511 4.02384
22.3607 4.12095
22.8704 4.21806
23.38 4.31517
23.8896 4.41228
24.3826 4.41228
24.8757 4.41228
25.3687 4.41228
25.8618 4.41228
26.3548 4.41228
26.8478 4.41228
27.3409 4.41228
27.8339 4.41228
28.327 4.41228
28.82 4.41228
29.3131 4.41228
29.8061 4.41228
30.2991 4.41228
32.7617 4.5897
35.2243 4.5897
37.687 4.5897
40.1496 4.5897
42.6122 4.5897
45.0748 4.5897
47.5374 4.5897
50.0 4.5897
0.0 1.12421
0.512462 1.12421
1.02492 1.43143
1.53739 1.73866
2.04985 2.04588
2.56231 2.35311
3.07477 2.66033
3.58724 2.96756
4.09386 2.96756
4.60048 2.98504
5.10711 3.00252
5.61373 3.02001
6.12035 3.03749
6.62698 3.05497
7.1336 3.07245
7.64022 3.08993
8.14685 3.10742
8.64181 3.10742
9.13677 3.11771
9.63172 3.128
10.1267 3.1383
10.6216 3.14859
11.1166 3.15888
11.6116 3.16918
12.1065 3.17947
12.6015 3.18976
13.0964 3.20005
13.5914 3.21035
14.0864 3.22064
14.5813 3.23093
15.0763 3.24123
15.5712 3.25152
16.0662 3.26181
16.5612 3.26181
17.0562 3.31488
17.5512 3.36794
18.0462 3.421
18.5412 3.47406
19.0362 3.52712
19.5312 3.58019
20.0263 3.63325
20.5213 3.68631
21.0163 3.73937
21.5113 3.79243
22.0063 3.8455
22.5013 3.89856
22.9963 3.95162
23.4913 4.00468
23.9863 4.05774
24.4813 4.11081
24.9763 4.16387
25.4713 4.21693
25.9663 4.26999
26.4614 4.32305
26.9564 4.37612
27.4514 4.42918
27.9464 4.48224
28.4403 4.48224
28.9342 4.48224
29.4282 4.48224
29.9221 4.48224
30.416 4.48224
30.91 4.48224
31.4039 4.48224
31.8978 4.48224
32.3917 4.48224
32.8857 4.48224
33.3796 4.48224
33.8735 4.48224
34.3675 4.48224
34.8614 4.48224
35.3553 4.48224
35.8493 4.48224
36.3432 4.48224
36.8371 4.48224
37.331 4.48224
37.825 4.48224
38.3189 4.48224
38.8128 4.48224
39.3068 4.48224
39.8007 4.48224
40.2946 4.48224
40.7885 4.48224
41.2825 4.48224
41.7764 4.48224
42.2703 4.48224
44.8469 4.61503
47.4234 4.61503
50.0 4.61503
0.0 1.16412
0.512884 1.16412
1.02577 1.41959
1.53865 1.67506
2.05153 1.93053
2.56442 2.186
3.0773 2.44147
3.59019 2.69694
4.10307 2.95241
4.58023 2.95241
5.0574 2.98005
5.53456 3.00769
6.01173 3.03533
6.48889 3.06297
6.96606 3.09062
7.44323 3.11826
7.92039 3.1459
8.42468 3.1459
8.92897 3.14785
9.43325 3.14981
9.93754 3.15176
10.4418 3.15371
10.9461 3.15567
11.4504 3.15762
11.9547 3.15957
12.459 3.16153
12.9633 3.16348
13.4676 3.16544
13.9718 3.16739
14.4761 3.16934
14.9736 3.16934
15.471 3.21094
15.9685 3.25254
16.4659 3.29414
16.9633 3.33574
17.4608 3.37734
17.9582 3.41894
18.4557 3.46054
18.9531 3.50214
19.4505 3.54374
19.948 3.58534
20.4454 3.62694
20.9429 3.66854
21.4403 3.71014
21.9377 3.75174
22.4352 3.79334
22.9326 3.83494
23.4301 3.87654
23.9275 3.91814
24.4249 3.95974
24.9224 4.00134
25.4198 4.04294
25.9173 4.08454
26.4147 4.12614
26.9121 4.16774
27.4096 4.20934
27.907 4.25093
28.4045 4.29253
28.9019 4.33413
29.3993 4.37573
29.8968 4.41733
30.3942 4.45893
30.8917 4.50053
31.3891 4.54213
31.88 4.54213
32.3709 4.54213
32.8618 4.54213
33.3527 4.54213
33.8436 4.54213
34.3345 4.54213
34.8255 4.54213
35.3164 4.54213
35.8073 4.54213
36.2982 4.54213
36.7891 4.54213
37.28 4.54213
37.7709 4.54213
38.2618 4.54213
38.7527 4.54213
39.2436 4.54213
39.7345 4.54213
40.2254 4.54213
40.7164 4.54213
41.2073 4.54213
41.6982 4.54213
42.1891 4.54213
44.7927 4.54439
47.3964 4.54439
50.0 4.54439
0.0 1.14482
0.47092 1.14482
0.94184 1.48381
1.41276 1.8228
1.88368 2.1618
2.3546 2.50079
2.82552 2.83978
3.29644 3.17877
3.80141 3.17877
4.30637 3.10396
4.81134 3.02915
5.3163 2.95434
5.82127 2.87953
6.30792 2.87953
6.79457 2.92648
7.28122 2.97344
7.76787 3.02039
8.25452 3.06735
8.74116 3.11431
9.22781 3.16126
9.71446 3.20822
10.2081 3.20822
10.7018 3.2135
11.1954 3.21878
11.6891 3.22406
12.1827 3.22934
12.6764 3.23462
13.1701 3.2399
13.6637 3.24518
14.1574 3.25046
14.651 3.25575
15.1447 3.26103
15.6384 3.26631
16.132 3.27159
16.6257 3.27687
17.1193 3.28215
17.5701 3.28215
18.021 3.28215
18.4718 3.28215
18.9226 3.28215
19.3734 3.28215
21.9256 4.58599
24.4778 4.58599
27.0301 4.58599
29.5823 4.58599
32.1345 4.58599
34.6867 4.58599
37.2389 4.58599
39.7911 4.58599
42.3434 4.58599
44.8956 4.58599
47.4478 4.58599
50.0 4.58599
0.0 1.08628
0.523244 1.08628
1.04649 1.34128
1.56973 1.59627
2.09298 1.85127
2.61622 2.10626
3.13946 2.36125
3.66271 2.61625
4.18595 2.87124
4.67599 2.87124
5.16603 2.89326
5.65607 2.91527
6.14611 2.93729
6.63615 2.9593
7.12618 2.98132
7.61622 3.00333
8.10626 3.02534
8.5963 3.04736
9.08634 3.06937
9.57638 3.09139
10.0664 3.1134
10.5565 3.13542
11.0465 3.15743
11.5365 3.17944
12.0601 3.17944
12.5837 3.19994
13.1073 3.22044
13.6309 3.24093
14.1544 3.26143
14.678 3.28192
15.2016 3.30242
15.7252 3.32291
16.2488 3.34341
16.7396 3.34341
17.2304 3.40283
17.7213 3.46225
18.2121 3.52168
18.7029 3.5811
19.1938 3.64053
19.6846 3.69995
20.1754 3.75938
20.6663 3.8188
21.1571 3.87822
21.6479 3.93765
22.1388 3.99707
22.6296 4.0565
23.1204 4.11592
23.6113 4.17534
24.1021 4.23477
24.5929 4.29419
25.0837 4.35362
25.5987 4.35362
26.1137 4.35362
26.6287 4.35362
27.1437 4.35362
27.6587 4.35362
28.1737 4.35362
28.6887 4.35362
31.0566 4.38095
33.4245 4.38095
35.7924 4.38095
38.1604 4.38095
40.5283 4.38095
42.8962 4.38095
45.2641 4.38095
47.6321 4.38095
50.0 4.38095
0.0 1.19879
0.465604 1.19879
0.931208 1.51615
1.39681 1.8335
1.86242 2.15085
2.32802 2.46821
2.79362 2.78556
3.25923 3.10291
3.78272 3.10291
4.30621 3.05097
4.8297 2.99902
5.35319 2.94708
5.87668 2.89513
6.43286 2.89513
6.98904 3.20944
7.47771 3.20944
7.96639 3.21089
8.45506 3.21234
8.94374 3.21379
9.43241 3.21524
9.92109 3.21669
10.4098 3.21814
10.8984 3.21959
11.3871 3.22104
11.8758 3.22249
12.3645 3.22394
12.8531 3.22539
13.3418 3.22684
13.8305 3.22829
14.3192 3.22974
14.8078 3.23119
15.2965 3.23264
15.7852 3.23409
16.2739 3.23554
16.7625 3.23699
17.2512 3.23844
17.7399 3.23989
18.3189 3.23989
18.8979 3.23989
19.4769 3.23989
22.0205 4.59959
24.5641 4.59959
27.1077 4.59959
29.6513 4.59959
32.1949 4.59959
34.7385 4.59959
37.282 4.59959
39.8256 4.59959
42.3692 4.59959
44.9128 4.59959
47.4564 4.59959
50.0 4.59959
0.0 1.27826
0.525596 1.27826
1.05119 1.48692
1.57679 1.69557
2.10238 1.90423
2.62798 2.11289
3.15358 2.32155
3.67917 2.53021
4.20477 2.73886
4.73036 2.94752
5.24105 2.94752
5.75173 2.97207
6.26241 2.99662
6.7731 3.02117
7.28378 3.04572
7.79447 3.07026
8.30515 3.09481
8.81583 3.11936
9.32652 3.14391
9.81262 3.14391
10.2987 3.15752
10.7848 3.17113
11.2709 3.18474
11.757 3.19835
12.2431 3.21197
12.7293 3.22558
13.2154 3.23919
13.7015 3.2528
14.1876 3.26641
14.6737 3.28002
15.1598 3.29363
15.6459 3.30724
16.132 3.32085
16.6181 3.33446
17.1083 3.33446
17.5986 3.3805
18.0888 3.42653
18.5791 3.47257
19.0693 3.5186
19.5596 3.56464
20.0498 3.61067
20.5401 3.6567
21.0303 3.70274
21.5206 3.74877
22.0108 3.79481
22.5011 3.84084
22.9913 3.88687
23.4816 3.93291
23.9718 3.97894
24.4621 4.02498
24.9523 4.07101
25.4426 4.11705
25.9328 4.16308
26.4231 4.20911
26.9041 4.20911
27.3852 4.20911
27.8663 4.20911
28.3473 4.20911
28.8284 4.20911
31.4748 4.41126
34.1213 4.41126
36.7677 4.41126
39.4142 4.41126
42.0606 4.41126
44.7071 4.41126
47.3535 4.41126
50.0 4.41126
0.0 1.37996
0.490363 1.37996
0.980727 1.54806
1.47109 1.71617
1.96145 1.88427
2.45182 2.05237
2.94218 2.22048
3.43254 2.38858
3.92291 2.55669
4.41327 2.72479
4.9174 2.72479
5.42152 2.76092
5.92565 2.79704
6.42978 2.83317
6.9339 2.86929
7.43803 2.90542
7.94216 2.94155
8.44628 2.97767
8.95041 3.0138
9.45453 3.04993
9.95866 3.08605
10.4628 3.12218
10.9669 3.15831
11.471 3.19443
11.9752 3.23056
12.4793 3.26669
12.9834 3.30281
13.4875 3.33894
13.9917 3.37506
14.4958 3.41119
14.9999 3.44732
15.504 3.48344
16.0082 3.51957
16.5123 3.5557
17.0164 3.59182
17.5206 3.62795
18.0247 3.66408
18.5288 3.7002
19.0329 3.73633
19.5371 3.77246
20.0412 3.80858
20.5453 3.84471
21.0494 3.88084
21.5536 3.91696
22.0534 3.91696
22.5533 3.94572
23.0532 3.97448
23.553 4.00323
24.0529 4.03199
24.5528 4.06075
25.0527 4.08951
25.5525 4.11826
26.0524 4.14702
26.5523 4.17578
27.0521 4.20453
27.552 4.23329
28.0519 4.26205
28.5517 4.29081
29.0516 4.31956
29.5515 4.34832
30.0514 4.37708
30.5512 4.40583
31.0511 4.43459
31.551 4.46335
32.0508 4.49211
32.5507 4.52086
33.0506 4.54962
33.5711 4.54962
34.0915 4.50839
34.612 4.46716
35.1325 4.42593
35.653 4.38471
36.1734 4.34348
36.6939 4.30225
37.2144 4.26102
37.7349 4.21979
38.2488 4.21979
38.7626 4.21979
39.2765 4.21979
39.7904 4.21979
40.3043 4.21979
40.8182 4.21979
41.3321 4.21979
41.846 4.21979
42.3599 4.21979
42.8738 4.21979
43.3877 4.21979
43.9016 4.21979
44.4155 4.21979
44.9294 4.21979
45.4433 4.21979
45.9572 4.21979
46.4711 4.21979
48.2356 4.39388
50.0 4.39388
0.0 1.02995
0.48132 1.02995
0.962639 1.2794
1.44396 1.52886
1.92528 1.77831
2.4066 2.02777
2.88792 2.27722
3.36924 2.52668
3.85056 2.77613
4.33466 2.77613
4.81876 2.79805
5.30286 2.81996
5.78695 2.84187
6.27105 2.86379
6.75515 2.8857
7.23925 2.90761
7.72335 2.92952
8.20745 2.95144
8.69155 2.97335
9.17565 2.99526
9.65975 3.01717
10.1794 3.01717
10.699 3.08807
11.2186 3.15898
11.7382 3.22988
12.26 3.22988
12.7817 3.28241
13.3034 3.33495
13.8251 3.38749
14.3469 3.44003
14.8686 3.49256
15.3903 3.5451
15.912 3.59764
16.4338 3.65017
16.9555 3.70271
17.4528 3.70271
17.95 3.70271
18.4473 3.70271
18.9446 3.70271
19.4418 3.70271
19.9391 3.70271
20.4364 3.70271
20.9336 3.70271
21.4309 3.70271
21.9282 3.70271
22.4254 3.70271
22.9227 3.70271
23.42 3.70271
23.9172 3.70271
24.4145 3.70271
24.9118 3.70271
25.409 3.70271
25.9063 3.70271
26.4036 3.70271
26.9008 3.70271
29.4674 4.52593
32.034 4.52593
34.6006 4.52593
37.1671 4.52593
39.7337 4.52593
42.3003 4.52593
44.8669 4.52593
47.4334 4.52593
50.0 4.52593
0.0 1.16601
0.509787 1.16601
1.01957 1.5303
1.52936 1.8946
2.03915 2.25889
2.54893 2.62319
3.05872 2.98748
3.59007 2.98748
4.12142 2.94462
4.65277 2.90177
5.18412 2.85891
5.71547 2.81605
6.21411 2.81605
6.71276 2.84968
7.21141 2.88331
7.71006 2.91694
8.2087 2.95057
8.70735 2.98419
9.206 3.01782
9.70464 3.05145
10.2033 3.08508
10.7019 3.11871
11.2006 3.15234
11.6992 3.18596
12.202 3.18596
12.7048 3.20404
13.2076 3.22212
13.7104 3.24019
14.2132 3.25827
14.716 3.27634
15.2188 3.29442
15.7216 3.3125
16.1989 3.3125
16.6761 3.3125
17.1534 3.3125
17.6306 3.3125
18.1079 3.3125
18.5851 3.3125
19.0624 3.3125
19.5396 3.3125
22.078 4.57773
24.6164 4.57773
27.1547 4.57773
29.6931 4.57773
32.2315 4.57773
34.7698 4.57773
37.3082 4.57773
39.8465 4.57773
42.3849 4.57773
44.9233 4.57773
47.4616 4.57773
50.0 4.57773
0.0 1.01032
0.496343 1.01032
0.992686 1.46938
1.48903 1.92844
1.98537 2.38749
2.49483 2.38749
3.00428 2.44687
3.51374 2.50624
4.0232 2.56561
4.53265 2.62499
5.04211 2.68436
5.55157 2.74373
6.06102 2.80311
6.57048 2.86248
7.07994 2.92185
7.58939 2.98123
8.09885 3.0406
8.6083 3.09997
9.11776 3.15934
9.62722 3.21872
10.1367 3.27809
10.6461 3.33746
11.1556 3.39684
11.665 3.45621
12.1745 3.51558
12.684 3.57496
13.1847 3.57496
13.6854 3.59103
14.1862 3.60709
14.6869 3.62316
15.1877 3.63923
15.6884 3.6553
16.1891 3.67137
16.6899 3.68744
17.1906 3.70351
17.6914 3.71958
18.1921 3.73565
18.6928 3.75172
19.1936 3.76778
19.6943 3.78385
20.1951 3.79992
20.6958 3.81599
21.1965 3.83206
21.6973 3.84813
22.198 3.8642
22.6988 3.88027
23.1995 3.89634
23.7002 3.9124
24.201 3.92847
24.7017 3.94454
25.2025 3.96061
25.7032 3.97668
26.2039 3.99275
26.7047 4.00882
27.2054 4.02489
27.7062 4.04096
28.2047 4.04096
28.7032 4.08254
29.2017 4.12413
29.7002 4.16572
30.1987 4.2073
30.6972 4.24889
31.1957 4.29047
31.6942 4.33206
32.1927 4.37365
32.6912 4.41523
33.1897 4.45682
33.705 4.45682
34.2203 4.45682
34.7356 4.45682
35.2509 4.45682
35.7662 4.45682
36.2815 4.45682
36.7968 4.45682
37.3121 4.45682
37.8274 4.45682
38.3427 4.45682
38.858 4.45682
39.3733 4.45682
39.8886 4.45682
40.4039 4.45682
40.9192 4.45682
43.1894 4.47519
45.4596 4.47519
47.7298 4.47519
50.0 4.47519
0.0 1.12707
0.500183 1.12707
1.00037 1.44689
1.50055 1.76672
2.00073 2.08654
2.50091 2.40637
3.0011 2.72619
3.52211 2.72619
4.04313 2.74953
4.56415 2.77286
5.08517 2.7962
5.60619 2.81953
6.1272 2.84287
6.64822 2.86621
7.16924 2.88954
7.69026 2.91288
8.21128 2.93622
8.73229 2.95955
9.20577 2.95955
9.67925 2.99934
10.1527 3.03912
10.6262 3.0789
11.0997 3.11869
11.5732 3.15847
12.0466 3.19826
12.5408 3.19826
13.035 3.2323
13.5292 3.26635
14.0234 3.3004
14.5176 3.33444
15.0117 3.36849
15.5059 3.40254
16.0001 3.43658
16.4943 3.47063
16.9885 3.50467
17.4827 3.53872
17.9768 3.57277
18.471 3.60681
18.9652 3.64086
19.4594 3.67491
19.9536 3.70895
20.4433 3.70895
20.933 3.70895
21.4227 3.70895
21.9125 3.70895
22.4022 3.70895
22.8919 3.70895
23.3816 3.70895
23.8714 3.70895
24.3611 3.70895
24.8508 3.70895
25.3405 3.70895
25.8303 3.70895
26.32 3.70895
26.8097 3.70895
29.3864 4.5195
31.9631 4.5195
34.5398 4.5195
37.1165 4.5195
39.6932 4.5195
42.2699 4.5195
44.8466 4.5195
47.4233 4.5195
50.0 4.5195
0.0 1.17555
0.480391 1.17555
0.960782 1.39318
1.44117 1.61081
1.92156 1.82843
2.40195 2.04606
2.88235 2.26369
3.36274 2.48132
3.84313 2.69894
4.34181 2.69894
4.84049 2.73069
5.33918 2.76244
5.83786 2.79419
6.33655 2.82593
6.83523 2.85768
7.33391 2.88943
7.8326 2.92117
8.33128 2.95292
8.82996 2.98467
9.32865 3.01642
9.88288 3.01642
10.4371 3.14238
10.9914 3.26835
11.497 3.26835
12.0026 3.29321
12.5083 3.31806
13.0139 3.34292
13.5196 3.36778
14.0252 3.39263
14.5308 3.41749
15.0365 3.44235
15.5421 3.4672
16.0478 3.49206
16.5534 3.51691
17.059 3.54177
17.5647 3.56663
18.0703 3.59148
18.576 3.61634
19.0816 3.6412
19.5872 3.66605
20.0929 3.69091
20.5985 3.71577
21.1042 3.74062
21.6098 3.76548
22.1154 3.79033
22.6211 3.81519
23.0937 3.81519
23.5664 3.81519
24.039 3.81519
24.5117 3.81519
24.9843 3.81519
25.457 3.81519
25.9296 3.81519
26.4023 3.81519
26.8749 3.81519
29.4444 4.56668
32.0138 4.56668
34.5833 4.56668
37.1527 4.56668
39.7222 4.56668
42.2916 4.56668
44.8611 4.56668
47.4305 4.56668
50.0 4.56668
0.0 1.30716
0.485934 1.30716
0.971869 1.58778
1.4578 1.8684
1.94374 2.14902
2.42967 2.42964
2.91561 2.71026
3.40154 2.99088
3.8576 2.99088
4.31367 2.91486
4.76973 2.83884
5.2258 2.76282
5.72755 2.76282
6.22931 2.82013
6.73107 2.87743
7.23282 2.93474
7.73458 2.99205
8.23634 3.04935
8.7381 3.10666
9.23985 3.16396
9.76979 3.16396
10.2997 3.19326
10.8297 3.22256
11.3596 3.25186
11.8896 3.28116
12.4195 3.31046
12.9494 3.33976
13.4498 3.33976
13.9501 3.33976
14.4504 3.33976
14.9508 3.33976
15.4511 3.33976
15.9515 3.33976
16.4518 3.33976
16.9521 3.33976
17.4525 3.33976
17.9528 3.33976
18.4532 3.33976
18.9535 3.33976
19.4538 3.33976
21.9994 4.53409
24.5449 4.53409
27.0904 4.53409
29.6359 4.53409
32.1814 4.53409
34.7269 4.53409
37.2724 4.53409
39.8179 4.53409
42.3635 4.53409
44.909 4.53409
47.4545 4.53409
50.0 4.53409
0.0 1.25075
0.505982 1.25075
1.01196 1.57674
1.51795 1.90273
2.02393 2.22872
2.52991 2.55472
3.03589 2.88071
3.52539 2.88071
4.01488 3.01345
4.50437 3.1462
5.00808 3.1462
5.51179 3.17707
6.01549 3.20795
6.5192 3.23883
7.0229 3.26971
7.52661 3.30059
8.03032 3.33147
8.53402 3.36235
9.03773 3.39323
9.54143 3.42411
10.0451 3.45499
10.5488 3.48587
11.0526 3.51674
11.5563 3.54762
12.06 3.5785
12.5637 3.60938
13.0674 3.64026
13.5179 3.64026
13.9684 3.58965
14.4189 3.53904
14.8694 3.48843
15.3199 3.43783
15.7983 3.43783
16.2766 3.43783
16.755 3.43783
17.2333 3.43783
17.7117 3.43783
18.19 3.43783
18.6684 3.43783
19.1467 3.43783
19.6251 3.43783
20.1034 3.43783
22.5948 4.61346
25.0862 4.61346
27.5776 4.61346
30.0689 4.61346
32.5603 4.61346
35.0517 4.61346
37.5431 4.61346
40.0345 4.61346
42.5259 4.61346
45.0172 4.61346
47.5086 4.61346
50.0 4.61346
0.0 1.1581
0.48135 1.1581
0.962699 1.4705
1.44405 1.78291
1.9254 2.09531
2.40675 2.40771
2.8881 2.72012
3.36945 3.03252
3.8539 3.03252
4.33834 3.03851
4.82279 3.0445
5.30724 3.05049
5.79169 3.05648
6.27614 3.06246
6.76059 3.06845
7.24504 3.07444
7.72949 3.08043
8.21394 3.08642
8.69839 3.09241
9.18284 3.0984
9.69738 3.0984
10.2119 3.10426
10.7265 3.11012
11.241 3.11599
11.7556 3.12185
12.2701 3.12771
12.7847 3.13357
13.2992 3.13943
13.8137 3.1453
14.3283 3.15116
14.8428 3.15702
15.3263 3.15702
15.8098 3.26451
16.2933 3.372
16.7767 3.47949
17.2602 3.58698
17.7437 3.69448
18.2272 3.80197
18.7106 3.90946
19.1941 4.01695
19.6776 4.12444
20.1611 4.23193
20.6446 4.33942
21.128 4.44691
21.6276 4.44691
22.1272 4.44691
22.6268 4.44691
23.1264 4.44691
23.626 4.44691
24.1256 4.44691
24.6252 4.44691
25.1248 4.44691
25.6244 4.44691
26.124 4.44691
26.6236 4.44691
27.1232 4.44691
27.6228 4.44691
28.1224 4.44691
28.622 4.44691
29.1216 4.44691
29.6212 4.44691
30.1208 4.44691
32.6057 4.65244
35.0906 4.65244
37.5755 4.65244
40.0604 4.65244
42.5453 4.65244
45.0302 4.65244
47.5151 4.65244
50.0 4.65244
0.0 1.1177
0.48254 1.1177
0.965079 1.3673
1.44762 1.6169
1.93016 1.86649
2.4127 2.11609
2.89524 2.36569
3.37778 2.61529
3.86032 2.86489
4.35576 2.86489
4.8512 2.88692
5.34664 2.90895
5.84208 2.93098
6.33752 2.95301
6.83296 2.97504
7.3284 2.99707
7.82384 3.01911
8.31928 3.04114
8.81472 3.06317
9.36948 3.06317
9.92423 3.3227
10.4191 3.3227
10.914 3.34839
11.4089 3.37408
11.9038 3.39977
12.3986 3.42546
12.8935 3.45115
13.3884 3.47684
13.8833 3.50253
14.3782 3.52823
14.873 3.55392
15.3679 3.57961
15.8628 3.6053
16.3577 3.63099
16.8526 3.65668
17.3475 3.68237
17.8423 3.70806
18.3372 3.73375
18.8321 3.75945
19.327 3.78514
19.8219 3.81083
20.3167 3.83652
20.8116 3.86221
21.2933 3.86221
21.775 3.86221
22.2567 3.86221
22.7384 3.86221
23.2201 3.86221
23.7018 3.86221
24.1835 3.86221
24.6652 3.86221
25.1469 3.86221
25.6286 3.86221
26.1103 3.86221
26.592 3.86221
27.0737 3.86221
29.621 4.53534
32.1684 4.53534
34.7158 4.53534
37.2632 4.53534
39.8105 4.53534
42.3579 4.53534
44.9053 4.53534
47.4526 4.53534
50.0 4.53534
0.0 1.22694
0.474381 1.22694
0.948762 1.51261
1.42314 1.79828
1.89752 2.08395
2.3719 2.36962
2.84628 2.6553
3.32067 2.94097
3.81909 2.94097
4.31752 2.95315
4.81595 2.96532
5.31437 2.9775
5.8128 2.98968
6.31123 3.00185
6.80966 3.01403
7.30808 3.02621
7.80651 3.03838
8.30494 3.05056
8.80337 3.06274
9.32164 3.06274
9.83991 3.07104
10.3582 3.07935
10.8765 3.08765
11.3947 3.09595
11.913 3.10426
12.4313 3.11256
12.9336 3.11256
13.4359 3.18062
13.9381 3.24868
14.4404 3.31674
14.9427 3.3848
15.445 3.45286
15.9473 3.52092
16.4496 3.58898
16.9519 3.65704
17.4542 3.7251
17.9565 3.79316
18.4588 3.86122
18.9611 3.92928
19.4634 3.99734
19.9657 4.0654
20.4679 4.13346
20.9702 4.20152
21.4725 4.26958
21.9748 4.33764
22.4771 4.4057
22.9794 4.47376
23.4924 4.47376
24.0054 4.47376
24.5184 4.47376
25.0314 4.47376
25.5444 4.47376
26.0575 4.47376
26.5705 4.47376
27.0835 4.47376
27.5965 4.47376
28.1095 4.47376
28.6225 4.47376
29.1355 4.47376
29.6485 4.47376
30.1615 4.47376
32.6413 4.69452
35.1211 4.69452
37.6009 4.69452
40.0808 4.69452
42.5606 4.69452
45.0404 4.69452
47.5202 4.69452
50.0 4.69452
0.0 1.33554
0.480501 1.33554
0.961002 1.58187
1.4415 1.82819
1.922 2.07451
2.40251 2.32083
2.88301 2.56715
3.36351 2.81347
3.84401 3.05979
4.45593 3.05979
5.06785 2.78691
5.59456 2.78691
6.12127 2.83617
6.64798 2.88542
7.17468 2.93468
7.70139 2.98394
8.2281 3.03319
8.75481 3.08245
9.28152 3.13171
9.76127 3.13171
10.241 3.14694
10.7208 3.16218
11.2005 3.17742
11.6802 3.19265
12.16 3.20789
12.6397 3.22312
13.1195 3.23836
13.5992 3.2536
14.079 3.26883
14.5827 3.26883
15.0864 3.26883
15.5902 3.26883
16.0939 3.26883
16.5977 3.26883
17.1014 3.26883
17.6051 3.26883
18.1089 3.26883
18.6126 3.26883
19.1163 3.26883
19.6201 3.26883
22.1517 4.45946
24.6834 4.45946
27.2151 4.45946
29.7467 4.45946
32.2784 4.45946
34.81 4.45946
37.3417 4.45946
39.8734 4.45946
42.405 4.45946
44.9367 4.45946
47.4683 4.45946
50.0 4.45946
0.0 1.29783
0.520703 1.29783
1.04141 1.58856
1.56211 1.87929
2.08281 2.17002
2.60352 2.46075
3.12422 2.75148
3.64492 3.04221
4.19993 3.04221
4.75495 2.94029
5.30996 2.83837
5.81776 2.83837
6.32555 2.87233
6.83335 2.9063
7.34115 2.94027
7.84895 2.97423
8.35675 3.0082
8.86455 3.04217
9.37235 3.07613
9.88015 3.1101
10.399 3.1101
10.9179 3.13909
11.4368 3.16807
11.9556 3.19706
12.4745 3.22605
12.9934 3.25503
13.5123 3.28402
14.0311 3.31301
14.55 3.342
15.0501 3.342
15.5501 3.342
16.0502 3.342
16.5503 3.342
17.0503 3.342
17.5504 3.342
18.0504 3.342
18.5505 3.342
19.0505 3.342
19.5506 3.342
22.088 4.44168
24.6255 4.44168
27.1629 4.44168
29.7004 4.44168
32.2378 4.44168
34.7753 4.44168
37.3127 4.44168
39.8502 4.44168
42.3876 4.44168
44.9251 4.44168
47.4625 4.44168
50.0 4.44168
0.0 1.30916
0.466017 1.30916
0.932035 1.58198
1.39805 1.8548
1.86407 2.12762
2.33009 2.40044
2.7961 2.67326
3.26212 2.94608
3.76827 2.94608
4.27442 2.93275
4.78056 2.91942
5.27564 2.91942
5.77071 2.93461
6.26578 2.94979
6.76085 2.96497
7.25592 2.98015
7.75099 2.99533
8.24606 3.01052
8.74114 3.0257
9.23621 3.04088
9.73128 3.05606
10.2264 3.07125
10.7214 3.08643
11.2165 3.10161
11.6865 3.10161
12.1565 3.14162
12.6265 3.18164
13.0965 3.22165
13.5665 3.26167
14.0365 3.30168
14.5065 3.3417
14.9765 3.38171
15.4722 3.38171
15.968 3.38171
16.4637 3.38171
16.9594 3.38171
17.4552 3.38171
17.9509 3.38171
18.4467 3.38171
18.9424 3.38171
19.4382 3.38171
21.985 4.48182
24.5318 4.48182
27.0786 4.48182
29.6254 4.48182
32.1723 4.48182
34.7191 4.48182
37.2659 4.48182
39.8127 4.48182
42.3595 4.48182
44.9064 4.48182
47.4532 4.48182
50.0 4.48182
0.0 1.29051
0.484856 1.29051
0.969713 1.51942
1.45457 1.74832
1.93943 1.97722
2.42428 2.20613
2.90914 2.43503
3.39399 2.66393
3.87885 2.89284
4.41055 2.89284
4.94225 2.93874
5.47394 2.98464
6.00564 3.03054
6.53734 3.07645
7.06904 3.12235
7.58047 3.12235
8.0919 3.12428
8.60332 3.1262
9.11475 3.12813
9.62618 3.13006
10.1376 3.13198
10.649 3.13391
11.1605 3.13584
11.6644 3.13584
12.1684 3.18952
12.6724 3.24321
13.1764 3.2969
13.6803 3.35058
14.1843 3.40427
14.6883 3.45795
15.1923 3.51164
15.6962 3.56533
16.2002 3.61901
16.7042 3.6727
17.2082 3.72638
17.7121 3.78007
18.2161 3.83376
18.7201 3.88744
19.2241 3.94113
19.728 3.99481
20.232 4.0485
20.736 4.10219
21.24 4.15587
21.7439 4.20956
22.2479 4.26324
22.7459 4.26324
23.2439 4.26324
23.742 4.26324
24.24 4.26324
24.738 4.26324
25.236 4.26324
25.734 4.26324
26.2321 4.26324
26.7301 4.26324
27.2281 4.26324
27.7261 4.26324
28.2241 4.26324
28.7222 4.26324
29.2202 4.26324
29.7182 4.26324
30.2162 4.26324
32.6892 4.59199
35.1622 4.59199
37.6351 4.59199
40.1081 4.59199
42.5811 4.59199
45.0541 4.59199
47.527 4.59199
50.0 4.59199
0.0 1.24123
0.508139 1.24123
1.01628 1.50677
1.52442 1.77232
2.03256 2.03786
2.54069 2.3034
3.04883 2.56894
3.55697 2.83448
4.0292 2.83448
4.50142 2.90142
4.97365 2.96835
5.44587 3.03528
5.9181 3.10222
6.39032 3.16915
6.86255 3.23608
7.35203 3.23608
7.84152 3.2319
8.331 3.22772
8.82048 3.22354
9.30997 3.21936
9.79945 3.21518
10.2889 3.211
10.7784 3.20681
11.2679 3.20263
11.7574 3.19845
12.2469 3.19427
12.7364 3.19009
13.2258 3.18591
13.7153 3.18173
14.2048 3.17755
14.6943 3.17336
15.1838 3.16918
15.6793 3.16918
16.1747 3.25232
16.6702 3.33545
17.1657 3.41859
17.6612 3.50173
18.1567 3.58486
18.6522 3.668
19.1476 3.75113
19.6431 3.83427
20.1386 3.9174
20.6341 4.00054
21.1296 4.08367
21.6251 4.16681
22.1134 4.16681
22.6017 4.16681
23.0899 4.16681
23.5782 4.16681
24.0665 4.16681
24.5548 4.16681
25.0431 4.16681
25.5314 4.16681
26.0197 4.16681
26.508 4.16681
26.9963 4.16681
27.4846 4.16681
27.9729 4.16681
28.4612 4.16681
28.9495 4.16681
29.4378 4.16681
29.9261 4.16681
30.4144 4.16681
32.8626 4.60763
35.3108 4.60763
37.759 4.60763
40.2072 4.60763
42.6554 4.60763
45.1036 4.60763
47.5518 4.60763
50.0 4.60763
0.0 1.04272
0.473194 1.04272
0.946388 1.49351
1.41958 1.94429
1.89278 2.39507
2.39423 2.39507
2.89569 2.48137
3.39714 2.56766
3.8986 2.65395
4.40006 2.74024
4.90151 2.82653
5.40297 2.91282
5.90442 2.99911
6.40588 3.0854
6.90734 3.17169
7.40879 3.25798
7.91025 3.34427
8.4117 3.43056
8.91316 3.51685
9.41484 3.51685
9.91651 3.54349
10.4182 3.57013
10.9199 3.59678
11.4215 3.62342
11.9232 3.65007
12.4249 3.67671
12.9266 3.70336
13.4283 3.73
13.9299 3.75665
14.4316 3.78329
14.9333 3.80994
15.435 3.83658
15.9366 3.86323
16.4383 3.88987
16.94 3.91652
17.4417 3.94316
17.9433 3.96981
18.445 3.99645
18.9327 3.99645
19.4204 4.01679
19.9082 4.03714
20.3959 4.05748
20.8836 4.07783
21.3713 4.09817
21.859 4.11851
22.3467 4.13886
22.8344 4.1592
23.3222 4.17955
23.8099 4.19989
24.2976 4.22024
24.7853 4.24058
25.273 4.26092
25.7607 4.28127
26.2484 4.30161
26.7362 4.32196
27.2239 4.3423
27.7261 4.3423
28.2283 4.3423
28.7304 4.3423
29.2326 4.3423
29.7348 4.3423
30.237 4.3423
30.7392 4.3423
31.2414 4.3423
31.7436 4.3423
32.2458 4.3423
32.748 4.3423
33.2502 4.3423
33.7524 4.3423
34.2546 4.3423
34.7568 4.3423
35.2589 4.3423
35.7611 4.3423
36.2633 4.3423
36.7655 4.3423
37.2677 4.3423
37.7699 4.3423
38.2721 4.3423
38.7743 4.3423
39.2765 4.3423
39.7787 4.3423
40.2809 4.3423
40.7831 4.3423
43.0873 4.54326
45.3915 4.54326
47.6958 4.54326
50.0 4.54326
0.0 1.16838
0.503624 1.16838
1.00725 1.40246
1.51087 1.63653
2.0145 1.8706
2.51812 2.10467
3.02174 2.33874
3.52537 2.57281
4.02899 2.80689
4.5411 2.80689
5.05322 2.85628
5.56533 2.90567
6.07744 2.95507
6.58955 3.00446
7.10166 3.05385
7.61377 3.10324
8.12588 3.15264
8.638 3.20203
9.15011 3.25142
9.64883 3.25142
10.1476 3.25159
10.6463 3.25176
11.145 3.25192
11.6437 3.25209
12.1425 3.25225
12.6412 3.25242
13.1399 3.25259
13.6387 3.25275
14.1374 3.25292
14.6361 3.25308
15.1348 3.25325
15.6336 3.25342
16.1313 3.25342
16.6291 3.36429
17.1269 3.47516
17.6247 3.58603
18.1225 3.6969
18.6203 3.80777
19.1181 3.91864
19.6159 4.0295
20.1137 4.14037
20.6211 4.14037
21.1286 4.14037
21.636 4.14037
22.1435 4.14037
22.6509 4.14037
23.1584 4.14037
23.6659 4.14037
24.1733 4.14037
24.6808 4.14037
25.1882 4.14037
25.6957 4.14037
26.2031 4.14037
26.7106 4.14037
27.2181 4.14037
27.7255 4.14037
28.233 4.14037
28.7404 4.14037
29.2479 4.14037
29.7553 4.14037
30.2628 4.14037
32.7299 4.63451
35.1971 4.63451
37.6642 4.63451
40.1314 4.63451
42.5985 4.63451
45.0657 4.63451
47.5328 4.63451
50.0 4.63451
0.0 1.1074
0.510792 1.1074
1.02158 1.73888
1.53237 2.37035
2.04609 2.37035
2.5598 2.44492
3.07352 2.51949
3.58723 2.59406
4.10095 2.66863
4.61466 2.7432
5.12838 2.81777
5.64209 2.89234
6.15581 2.96691
6.66952 3.04148
7.18324 3.11605
7.69695 3.19061
8.21067 3.26518
8.72438 3.33975
9.2381 3.41432
9.75181 3.48889
10.2627 3.48889
10.7737 3.52085
11.2846 3.55281
11.7956 3.58477
12.3065 3.61672
12.8174 3.64868
13.3284 3.68064
13.8393 3.7126
14.3502 3.74455
14.8612 3.77651
15.3721 3.80847
15.883 3.84043
16.394 3.87238
16.9049 3.90434
17.4158 3.9363
17.9268 3.96826
18.4377 4.00021
18.9399 4.00021
19.4422 4.01623
19.9444 4.03224
20.4466 4.04825
20.9489 4.06426
21.4511 4.08027
21.9533 4.09628
22.4555 4.11229
22.9578 4.1283
23.46 4.14431
23.9622 4.16032
24.4645 4.17633
24.9667 4.19234
25.4689 4.20835
25.9711 4.22436
26.4734 4.24038
26.9756 4.25639
27.4778 4.2724
27.9801 4.28841
28.4823 4.30442
28.9845 4.32043
29.4868 4.33644
29.989 4.35245
30.4912 4.36846
30.9955 4.36846
31.4997 4.36846
32.004 4.36846
32.5082 4.36846
33.0125 4.36846
33.5168 4.36846
34.021 4.36846
34.5253 4.36846
35.0295 4.36846
35.5338 4.36846
36.0381 4.36846
36.5423 4.36846
37.0466 4.36846
37.5508 4.36846
38.0551 4.36846
38.5593 4.36846
39.0636 4.36846
39.5679 4.36846
40.0721 4.36846
40.5764 4.36846
42.9323 4.54694
45.2882 4.54694
47.6441 4.54694
50.0 4.54694
0.0 1.06608
0.514976 1.06608
1.02995 1.33458
1.54493 1.60309
2.0599 1.87159
2.57488 2.1401
3.08985 2.4086
3.60483 2.67711
4.1198 2.94562
4.632 2.94562
5.1442 2.97066
5.6564 2.99571
6.1686 3.02076
6.6808 3.0458
7.193 3.07085
7.7052 3.0959
8.2174 3.12094
8.7296 3.14599
9.24179 3.17104
9.75399 3.19609
10.2662 3.22113
10.7433 3.22113
11.2204 3.22397
11.6975 3.22682
12.1746 3.22966
12.6517 3.2325
13.1288 3.23534
13.6059 3.23818
14.083 3.24102
14.5821 3.24102
15.0812 3.27481
15.5803 3.3086
16.0794 3.34239
16.5785 3.37617
17.0776 3.40996
17.5767 3.44375
18.0758 3.47754
18.5749 3.51132
19.074 3.54511
19.5731 3.5789
20.0722 3.61268
20.5712 3.64647
21.0703 3.68026
21.5694 3.71405
22.0685 3.74783
22.5676 3.78162
23.0667 3.81541
23.5658 3.8492
24.0649 3.88298
24.564 3.91677
25.0631 3.95056
25.5622 3.98435
26.0613 4.01813
26.5604 4.05192
27.0595 4.08571
27.5586 4.11949
28.0577 4.15328
28.5199 4.15328
28.9821 4.15328
29.4444 4.15328
29.9066 4.15328
30.3688 4.15328
32.8227 4.63315
35.2766 4.63315
37.7305 4.63315
40.1844 4.63315
42.6383 4.63315
45.0922 4.63315
47.5461 4.63315
50.0 4.63315
0.0 1.04638
0.52368 1.04638
1.04736 1.36511
1.57104 1.68384
2.09472 2.00257
2.6184 2.32131
3.14208 2.64004
3.66576 2.95877
4.15884 2.95877
4.65192 2.98283
5.145 3.00689
5.63808 3.03095
6.13116 3.05501
6.62424 3.07908
7.11732 3.10314
7.6104 3.1272
8.10348 3.15126
8.59656 3.17532
9.08965 3.19938
9.58273 3.22344
10.0758 3.2475
10.5689 3.27156
11.0778 3.27156
11.5868 3.26727
12.0957 3.26298
12.6046 3.25869
13.1042 3.25869
13.6038 3.29075
14.1034 3.32281
14.603 3.35487
15.1026 3.38693
15.6022 3.41899
16.1017 3.45105
16.6013 3.4831
17.1009 3.51516
17.6005 3.54722
18.1001 3.57928
18.5997 3.61134
19.0993 3.6434
19.5989 3.67546
20.0985 3.70751
20.5981 3.73957
21.0976 3.77163
21.5972 3.80369
22.0968 3.83575
22.5964 3.86781
23.096 3.89986
23.5956 3.93192
24.0952 3.96398
24.5948 3.99604
25.0944 4.0281
25.5939 4.06016
26.0935 4.09222
26.5931 4.12427
27.0927 4.15633
27.5662 4.15633
28.0396 4.15633
28.5131 4.15633
28.9865 4.15633
29.46 4.15633
29.9335 4.15633
30.4069 4.15633
32.8561 4.73078
35.3052 4.73078
37.7543 4.73078
40.2035 4.73078
42.6526 4.73078
45.1017 4.73078
47.5509 4.73078
50.0 4.73078
0.0 1.00459
0.499148 1.00459
0.998296 1.30569
1.49744 1.6068
1.99659 1.90791
2.49574 2.20901
2.99489 2.51012
3.49404 2.81123
4.00323 2.81123
4.51243 2.84994
5.02163 2.88865
5.53083 2.92737
6.04002 2.96608
6.54922 3.00479
7.05842 3.04351
7.56762 3.08222
8.07681 3.12093
8.58601 3.15965
9.09521 3.19836
9.60441 3.23707
10.1136 3.27579
10.6228 3.3145
11.1455 3.3145
11.6683 3.31322
12.191 3.31195
12.7138 3.31067
13.2365 3.30939
13.7593 3.30811
14.282 3.30684
14.7957 3.30684
15.3093 3.34863
15.823 3.39041
16.3366 3.4322
16.8503 3.47399
17.3639 3.51578
17.8776 3.55757
18.3912 3.59936
18.9049 3.64115
19.4186 3.68294
19.9322 3.72473
20.4459 3.76652
20.9595 3.8083
21.4732 3.85009
21.9868 3.89188
22.5005 3.93367
23.0141 3.97546
23.5278 4.01725
24.0399 4.01725
24.5521 4.01725
25.0643 4.01725
25.5764 4.01725
26.0886 4.01725
26.6007 4.01725
27.1129 4.01725
27.625 4.01725
28.1372 4.01725
28.6493 4.01725
29.1615 4.01725
29.6736 4.01725
30.1858 4.01725
32.6626 4.65466
35.1393 4.65466
37.6161 4.65466
40.0929 4.65466
42.5697 4.65466
45.0464 4.65466
47.5232 4.65466
50.0 4.65466
0.0 1.2635
0.490779 1.2635
0.981557 1.49323
1.47234 1.72296
1.96311 1.95269
2.45389 2.18242
2.94467 2.41215
3.43545 2.64188
3.9545 2.64188
4.47356 2.66439
4.99261 2.6869
5.51167 2.70941
6.03072 2.73192
6.54978 2.75443
7.06883 2.77694
7.58789 2.79945
8.10694 2.82197
8.626 2.84448
9.14505 2.86699
9.66411 2.8895
10.0702 2.8895
10.5739 3.04209
11.0777 3.07838
11.5815 3.11468
12.0852 3.15097
12.589 3.18726
13.0928 3.22355
13.5966 3.25985
14.1003 3.29614
14.6041 3.33243
15.1079 3.36872
15.6116 3.40502
16.1154 3.44131
16.6192 3.4776
17.1229 3.51389
17.6267 3.55019
18.1305 3.58648
18.6342 3.62277
19.138 3.65906
19.6418 3.69536
20.1456 3.73165
20.6493 3.76794
21.1531 3.80423
21.6569 3.84053
22.1606 3.87682
22.6644 3.91311
23.1682 3.9494
23.6537 3.9494
24.1393 3.9494
24.6248 3.9494
25.1104 3.9494
25.5959 3.9494
26.0815 3.9494
26.567 3.9494
27.0526 3.9494
29.6023 4.44811
32.152 4.44811
34.7017 4.44811
37.2514 4.44811
39.8012 4.44811
42.3509 4.44811
44.9006 4.44811
47.4503 4.44811
50.0 4.44811
0.0 1.24837
0.517746 1.24837
1.03549 1.52557
1.55324 1.80277
2.07098 2.07997
2.58873 2.35717
3.10648 2.63437
3.62422 2.91157
4.10288 2.91157
4.58154 2.9294
5.06021 2.94722
5.53887 2.96504
6.01753 2.98286
6.49619 3.00069
6.97485 3.01851
7.45351 3.03633
7.93217 3.05416
8.41083 3.07198
8.90052 3.07198
9.39022 3.10282
9.87991 3.13366
10.3696 3.1645
10.8593 3.19534
11.349 3.22618
11.8387 3.25702
12.3284 3.28785
12.8181 3.31869
13.3078 3.34953
13.7974 3.38037
14.2871 3.41121
14.7768 3.44205
15.2665 3.47289
15.7562 3.50373
16.2459 3.53457
16.7356 3.56541
17.2253 3.59625
17.5468 3.59625
17.8683 3.37203
18.3492 3.37203
18.8301 3.37203
19.311 3.37203
19.7919 3.37203
20.2728 3.37203
20.7537 3.37203
23.1909 4.57704
25.6281 4.57704
28.0653 4.57704
30.5024 4.57704
32.9396 4.57704
35.3768 4.57704
37.814 4.57704
40.2512 4.57704
42.6884 4.57704
45.1256 4.57704
47.5628 4.57704
50.0 4.57704
0.0 1.22548
0.512533 1.22548
1.02507 1.50118
1.5376 1.77688
2.05013 2.05257
2.56266 2.32827
3.0752 2.60397
3.58773 2.87966
4.08302 2.87966
4.57831 2.90322
5.07359 2.92679
5.56888 2.95035
6.06417 2.97391
6.55946 2.99747
7.05475 3.02103
7.55004 3.0446
8.04533 3.06816
8.55569 3.06816
9.06605 3.09966
9.57642 3.13117
10.0868 3.16267
10.5971 3.19417
11.1075 3.22568
11.6179 3.25718
12.1282 3.28868
12.6386 3.32019
13.149 3.35169
13.6593 3.38319
14.1697 3.4147
14.6801 3.4462
15.1904 3.4777
15.7008 3.50921
16.2112 3.54071
16.7215 3.57221
17.1322 3.57221
17.5429 3.36945
18.0097 3.36945
18.4765 3.36945
18.9433 3.36945
19.4101 3.36945
19.8769 3.36945
20.3437 3.36945
20.8105 3.36945
23.2429 4.59394
25.6754 4.59394
28.1079 4.59394
30.5403 4.59394
32.9728 4.59394
35.4052 4.59394
37.8377 4.59394
40.2702 4.59394
42.7026 4.59394
45.1351 4.59394
47.5675 4.59394
50.0 4.59394
0.0 1.08486
0.48995 1.08486
0.9799 1.36175
1.46985 1.63863
1.9598 1.91552
2.44975 2.1924
2.9397 2.46929
3.42965 2.74617
3.92626 2.74617
4.42287 2.78229
4.91948 2.8184
5.41609 2.85452
5.9127 2.89063
6.40931 2.92675
6.90593 2.96286
7.40254 2.99898
7.89915 3.03509
8.39576 3.07121
8.89237 3.10733
9.38898 3.14344
9.88559 3.17956
10.3822 3.21567
10.8788 3.25179
11.3754 3.2879
11.872 3.32402
12.3686 3.36013
12.8653 3.39625
13.3213 3.39625
13.7774 3.38906
14.2335 3.38188
14.6896 3.37469
15.1457 3.36751
15.6531 3.36751
16.1604 3.40474
16.6678 3.44197
17.1752 3.4792
17.6826 3.51643
18.1899 3.55366
18.6973 3.59089
19.2047 3.62812
19.7121 3.66535
20.2194 3.70259
20.7268 3.73982
21.2342 3.77705
21.7416 3.81428
22.2489 3.85151
22.7563 3.88874
23.2637 3.92597
23.7711 3.9632
24.2784 4.00043
24.8004 4.00043
25.3224 4.00043
25.8444 4.00043
26.3664 4.00043
26.8884 4.00043
27.4104 4.00043
27.9324 4.00043
28.4544 4.00043
28.9764 4.00043
29.4984 4.00043
30.0204 4.00043
32.5178 4.63149
35.0153 4.63149
37.5127 4.63149
40.0102 4.63149
42.5076 4.63149
45.0051 4.63149
47.5025 4.63149
50.0 4.63149
0.0 1.24487
0.56189 1.24487
1.12378 1.61579
1.68567 1.98672
2.24756 2.35764
2.74778 2.35764
3.24799 2.41956
3.74821 2.48147
4.24842 2.54339
4.74864 2.6053
5.24885 2.66722
5.74907 2.72913
6.24928 2.79105
6.7495 2.85297
7.24971 2.91488
7.74993 2.9768
8.25014 3.03871
8.75036 3.10063
9.25057 3.16254
9.75079 3.22446
10.251 3.28637
10.7512 3.34829
11.2514 3.4102
11.7516 3.47212
12.2519 3.53403
12.7521 3.59595
13.2523 3.65786
13.7551 3.65786
14.2579 3.67392
14.7607 3.68997
15.2635 3.70602
15.7664 3.72208
16.2692 3.73813
16.772 3.75418
17.2748 3.77024
17.7776 3.78629
18.2804 3.80234
18.7832 3.81839
19.286 3.83445
19.7889 3.8505
20.2917 3.86655
20.7945 3.88261
21.2973 3.89866
21.8001 3.91471
22.3029 3.93076
22.8057 3.94682
23.3085 3.96287
23.8114 3.97892
24.3142 3.99498
24.817 4.01103
25.3198 4.02708
25.8226 4.04314
26.3254 4.05919
26.8282 4.07524
27.331 4.09129
27.8339 4.10735
28.3367 4.1234
28.8395 4.13945
29.3423 4.15551
29.8349 4.15551
30.3276 4.16818
30.8202 4.18085
31.3129 4.19353
31.8055 4.2062
32.2982 4.21887
32.7908 4.23154
33.2835 4.24422
33.7762 4.25689
34.2688 4.26956
34.7615 4.28224
35.2541 4.29491
35.7468 4.30758
36.2394 4.32026
36.7321 4.33293
37.2247 4.3456
37.7174 4.35828
38.21 4.37095
38.7354 4.37095
39.2607 4.37095
39.7861 4.37095
40.3115 4.37095
42.7336 4.49849
45.1557 4.49849
47.5779 4.49849
50.0 4.49849
0.0 1.19341
0.471936 1.19341
0.943872 1.48169
1.41581 1.76996
1.88774 2.05824
2.35968 2.34651
2.83162 2.63479
3.30355 2.92306
3.82312 2.92306
4.34268 2.94534
4.86225 2.96762
5.38181 2.98989
5.90138 3.01217
6.42095 3.03445
6.94051 3.05673
7.46008 3.079
7.97964 3.10128
8.49424 3.10128
9.00884 3.1489
9.52344 3.19652
10.038 3.24414
10.5526 3.29176
11.0672 3.33937
11.5818 3.38699
12.0964 3.43461
12.611 3.48223
13.1256 3.52985
13.6402 3.57747
14.134 3.57747
14.6277 3.5391
15.1214 3.50074
15.6151 3.46238
16.1088 3.42402
16.6025 3.38566
17.0962 3.34729
17.5899 3.30893
18.1301 3.30893
18.6703 3.30893
19.2105 3.30893
19.7507 3.30893
20.2909 3.30893
20.8311 3.30893
23.2619 4.6121
25.6926 4.6121
28.1233 4.6121
30.5541 4.6121
32.9848 4.6121
35.4156 4.6121
37.8463 4.6121
40.277 4.6121
42.7078 4.6121
45.1385 4.6121
47.5693 4.6121
50.0 4.6121
0.0 1.09214
0.466524 1.09214
0.933048 1.40736
1.39957 1.72258
1.8661 2.03779
2.33262 2.35301
2.79914 2.66823
3.26567 2.98344
3.78444 2.98344
4.3032 2.97742
4.82197 2.9714
5.34074 2.96539
5.85951 2.95937
6.37828 2.95335
6.87475 2.95335
7.37122 2.99445
7.8677 3.03555
8.36417 3.07665
8.86064 3.11775
9.35712 3.15885
9.85359 3.19996
10.3501 3.24106
10.8465 3.28216
11.343 3.32326
11.8395 3.36436
12.336 3.40546
12.8714 3.40546
13.4069 3.36346
13.9424 3.32146
14.4779 3.27946
15.0133 3.23746
15.5488 3.19546
15.9796 3.19546
16.4104 3.19546
16.8412 3.19546
19.3919 4.46101
21.9425 4.46101
24.4932 4.46101
27.0439 4.46101
29.5946 4.46101
32.1453 4.46101
34.6959 4.46101
37.2466 4.46101
39.7973 4.46101
42.348 4.46101
44.8986 4.46101
47.4493 4.46101
50.0 4.46101
0.0 1.43526
0.514319 1.43526
1.02864 1.70889
1.54296 1.98253
2.05728 2.25617
2.56784 2.25617
3.07841 2.41972
3.58897 2.58327
4.09954 2.74681
4.58004 2.74681
5.06054 2.79979
5.54104 2.85276
6.02154 2.90574
6.50204 2.95871
6.98254 3.01169
7.46304 3.06466
7.94354 3.11763
8.42404 3.17061
8.90454 3.22358
9.41223 3.22358
9.91992 3.22502
10.4276 3.22646
10.9353 3.22789
11.443 3.22933
11.9507 3.23077
12.4584 3.2322
12.9661 3.23364
13.4737 3.23508
13.9814 3.23651
14.4899 3.23651
14.9984 3.23651
15.5069 3.23651
16.0154 3.23651
16.5239 3.23651
17.0323 3.23651
17.5408 3.23651
20.0377 4.54334
22.5346 4.54334
25.0314 4.54334
27.5283 4.54334
30.0251 4.54334
32.522 4.54334
35.0188 4.54334
37.5157 4.54334
40.0126 4.54334
42.5094 4.54334
45.0063 4.54334
47.5031 4.54334
50.0 4.54334
0.0 1.52201
0.512014 1.52201
1.02403 1.72711
1.53604 1.93221
2.04805 2.13731
2.56007 2.34241
3.07208 2.54751
3.5841 2.75261
4.09611 2.95771
4.59491 2.95771
5.09371 2.99306
5.59251 3.02842
6.09132 3.06377
6.59012 3.09912
7.08892 3.13447
7.58772 3.16982
8.08652 3.20517
8.58532 3.24052
9.08413 3.27587
9.58293 3.31122
10.0817 3.34657
10.5805 3.38192
11.0793 3.41727
11.5781 3.45262
12.0769 3.48797
12.5757 3.52332
13.0745 3.55867
13.5733 3.59402
14.0721 3.62937
14.5709 3.66472
15.0697 3.70007
15.5685 3.73542
16.0673 3.77077
16.5662 3.80612
17.065 3.84147
17.5638 3.87682
18.0626 3.91217
18.5568 3.91217
19.0511 3.96491
19.5453 4.01765
20.0396 4.07038
20.5339 4.12312
21.0281 4.17585
21.5224 4.22859
22.0167 4.28132
22.5109 4.33406
23.0052 4.38679
23.4816 4.38679
23.9579 4.41823
24.4343 4.44966
24.9106 4.4811
25.387 4.51253
25.8633 4.54396
26.3397 4.5754
26.8161 4.60683
27.2924 4.63826
27.7688 4.6697
28.265 4.6697
28.7612 4.6697
29.2574 4.6697
29.7536 4.6697
30.2499 4.6697
30.7461 4.6697
31.2423 4.6697
31.7385 4.6697
32.2347 4.6697
32.7309 4.6697
33.2272 4.6697
33.7234 4.6697
34.2196 4.6697
34.7158 4.6697
35.212 4.6697
35.7082 4.6697
36.2045 4.6697
36.7007 4.6697
37.1969 4.6697
37.6931 4.6697
38.1893 4.6697
38.6855 4.6697
39.1818 4.6697
39.678 4.6697
40.1742 4.6697
40.6704 4.6697
41.1666 4.6697
43.375 4.68223
45.5833 4.68223
47.7917 4.68223
50.0 4.68223
0.0 1.48222
0.489716 1.48222
0.979431 1.69303
1.46915 1.90384
1.95886 2.11466
2.44858 2.32547
2.93829 2.53628
3.42801 2.7471
3.91772 2.95791
4.41752 2.95791
4.91732 2.98506
5.41712 3.0122
5.91692 3.03935
6.41672 3.06649
6.91651 3.09363
7.41631 3.12078
7.91611 3.14792
8.41591 3.17507
8.91571 3.20221
9.4155 3.22936
9.9153 3.2565
10.4151 3.28364
10.9149 3.31079
11.4147 3.33793
11.9145 3.36508
12.4143 3.39222
12.9141 3.41937
13.4139 3.44651
13.9137 3.47366
14.4135 3.5008
14.9133 3.52794
15.4131 3.55509
15.9129 3.58223
16.4127 3.60938
16.9125 3.63652
17.4123 3.66367
17.9121 3.69081
18.4119 3.71795
18.9117 3.7451
19.4115 3.77224
19.9113 3.79939
20.4111 3.82653
20.9109 3.85368
21.42 3.85368
21.9292 3.88051
22.4384 3.90734
22.9475 3.93418
23.4567 3.96101
23.9659 3.98784
24.475 4.01467
24.9842 4.04151
25.4933 4.06834
26.0025 4.09517
26.5117 4.12201
27.0208 4.14884
27.53 4.17567
28.0392 4.20251
28.5483 4.22934
29.0575 4.25617
29.5667 4.283
30.0758 4.30984
30.585 4.33667
31.0942 4.3635
31.6033 4.39034
32.1125 4.41717
32.6646 4.41717
33.2167 4.4455
33.7688 4.47383
34.3209 4.50216
34.8401 4.50216
35.3593 4.50216
35.8785 4.50216
36.3977 4.50216
36.9169 4.50216
37.4361 4.50216
37.9553 4.50216
38.4745 4.50216
38.9938 4.50216
39.513 4.50216
40.0322 4.50216
40.5514 4.50216
41.0706 4.50216
43.3029 4.66423
45.5353 4.66423
47.7676 4.66423
50.0 4.66423
0.0 1.1892
0.493414 1.1892
0.986828 1.53189
1.48024 1.87458
1.97366 2.21727
2.46707 2.55996
2.96048 2.90265
3.47807 2.90265
3.99566 2.92691
4.51325 2.95117
5.03083 2.97543
5.54842 2.9997
6.06601 3.02396
6.5836 3.04822
7.10118 3.07248
7.61877 3.09675
8.13302 3.09675
8.64727 3.12037
9.16152 3.144
9.67577 3.16763
10.19 3.19125
10.7043 3.21488
11.2185 3.23851
11.7328 3.26214
12.247 3.28576
12.7613 3.30939
13.2755 3.33302
13.7898 3.35664
14.304 3.38027
14.8183 3.4039
15.3325 3.42752
15.8468 3.45115
16.3075 3.45115
16.7682 3.41511
17.2289 3.37907
17.6896 3.34303
18.1503 3.30699
18.6866 3.30699
19.223 3.30699
19.7594 3.30699
20.2958 3.30699
20.8321 3.30699
23.2628 4.73348
25.6935 4.73348
28.1241 4.73348
30.5548 4.73348
32.9854 4.73348
35.4161 4.73348
37.8467 4.73348
40.2774 4.73348
42.708 4.73348
45.1387 4.73348
47.5693 4.73348
50.0 4.73348
0.0 1.08131
0.527732 1.08131
1.05546 1.46015
1.58319 1.839
2.11093 2.21784
2.63866 2.59669
3.16639 2.97554
3.6494 2.97554
4.13241 2.96839
4.61543 2.96124
5.09844 2.95409
5.58145 2.94694
6.06446 2.93979
6.54748 2.93265
7.03049 2.9255
7.5135 2.91835
7.99651 2.9112
8.48873 2.9112
8.98094 2.94407
9.47315 2.97695
9.96537 3.00982
10.4576 3.0427
10.9498 3.07558
11.442 3.10845
11.9342 3.14133
12.4264 3.1742
12.9186 3.20708
13.4109 3.23995
13.9031 3.27283
14.3953 3.3057
14.8919 3.3057
15.3885 3.16609
15.9452 3.16609
16.5019 3.16609
19.0787 4.44599
21.6554 4.44599
24.2322 4.44599
26.809 4.44599
29.3858 4.44599
31.9626 4.44599
34.5393 4.44599
37.1161 4.44599
39.6929 4.44599
42.2697 4.44599
44.8464 4.44599
47.4232 4.44599
50.0 4.44599
0.0 1.44203
0.483919 1.44203
0.967837 1.66207
1.45176 1.88212
1.93567 2.10216
2.41959 2.3222
2.90351 2.54225
3.38743 2.76229
3.87135 2.98234
4.38215 2.98234
4.89296 3.02686
5.40376 3.07137
5.91457 3.11589
6.42537 3.16041
6.93618 3.20493
7.44698 3.24945
7.95779 3.29397
8.46859 3.33849
8.9794 3.38301
9.4902 3.42753
10.001 3.47205
10.5118 3.51657
11.0226 3.56109
11.5334 3.60561
12.0442 3.65013
12.555 3.69465
13.0658 3.73917
13.5766 3.78369
14.0732 3.78369
14.5697 3.80546
15.0662 3.82722
15.5627 3.84899
16.0592 3.87076
16.5557 3.89252
17.0522 3.91429
17.5487 3.93605
18.0452 3.95782
18.5417 3.97959
19.0383 4.00135
19.5348 4.02312
20.0313 4.04489
20.5278 4.06665
21.0243 4.08842
21.5208 4.11018
22.0173 4.13195
22.5138 4.15372
23.0103 4.17548
23.5068 4.19725
24.0034 4.21901
24.4999 4.24078
24.9964 4.26255
25.4929 4.28431
25.9894 4.30608
26.4859 4.32785
26.9824 4.34961
27.4789 4.37138
27.9754 4.39314
28.472 4.41491
28.9685 4.43668
29.4327 4.43668
29.897 4.50551
30.3612 4.57434
30.8623 4.57434
31.3634 4.57434
31.8644 4.57434
32.3655 4.57434
32.8665 4.57434
33.3676 4.57434
33.8687 4.57434
34.3697 4.57434
34.8708 4.57434
35.3718 4.57434
35.8729 4.57434
36.374 4.57434
36.875 4.57434
37.3761 4.57434
37.8771 4.57434
38.3782 4.57434
38.8792 4.57434
39.3803 4.57434
39.8814 4.57434
40.3824 4.57434
40.8835 4.57434
41.3845 4.57434
44.2564 4.66033
47.1282 4.66033
50.0 4.66033
0.0 1.30472
0.503992 1.30472
1.00798 1.55915
1.51198 1.81358
2.01597 2.06801
2.51996 2.32244
3.02395 2.57687
3.52794 2.8313
4.02227 2.8313
4.51659 2.90291
5.01092 2.97452
5.50524 3.04613
6.10835 3.04613
6.71145 3.03185
7.20527 3.03185
7.6991 3.05105
8.19292 3.07025
8.68674 3.08945
9.18057 3.10864
9.67439 3.12784
10.1682 3.14704
10.662 3.16624
11.1559 3.18543
11.6497 3.20463
12.1435 3.22383
12.6373 3.24303
13.1312 3.26222
13.625 3.28142
14.1188 3.30062
14.6126 3.31981
15.1064 3.33901
15.6003 3.35821
16.0941 3.37741
16.5879 3.3966
17.0817 3.4158
17.5756 3.435
18.0694 3.4542
18.5349 3.4542
19.0003 3.4542
19.4658 3.4542
22.0103 4.55083
24.5549 4.55083
27.0994 4.55083
29.6439 4.55083
32.1884 4.55083
34.7329 4.55083
37.2774 4.55083
39.8219 4.55083
42.3665 4.55083
44.911 4.55083
47.4555 4.55083
50.0 4.55083
0.0 1.39089
0.507891 1.39089
1.01578 1.59945
1.52367 1.80801
2.03156 2.01656
2.53946 2.22512
3.00387 2.22512
3.46829 2.83931
3.97162 2.83931
4.47495 2.85662
4.97828 2.87392
5.48161 2.89122
5.98494 2.90852
6.48827 2.92582
6.99161 2.94312
7.49494 2.96042
7.99827 2.97773
8.5016 2.99503
9.00493 3.01233
9.50826 3.02963
10.0116 3.04693
10.5149 3.06423
11.0183 3.08153
11.5216 3.09884
12.0107 3.09884
12.4997 3.11649
12.9888 3.13415
13.4779 3.15181
13.967 3.16947
14.456 3.18712
14.9451 3.20478
15.493 3.20478
16.0408 3.20478
16.5887 3.20478
17.1365 3.20478
17.6844 3.20478
20.1702 4.50091
22.656 4.50091
25.1418 4.50091
27.6276 4.50091
30.1135 4.50091
32.5993 4.50091
35.0851 4.50091
37.5709 4.50091
40.0567 4.50091
42.5425 4.50091
45.0284 4.50091
47.5142 4.50091
50.0 4.50091
0.0 1.38728
0.535389 1.38728
1.07078 1.68536
1.60617 1.98344
2.14156 2.28152
2.67695 2.57959
3.21234 2.87767
3.48292 2.87767
3.75351 2.99153
4.29566 2.99153
4.83781 2.99588
5.37996 3.00023
5.92211 3.00459
6.46426 3.00894
6.96753 3.00894
7.47081 3.04629
7.97408 3.08365
8.47736 3.121
8.98063 3.15835
9.48391 3.1957
9.98718 3.23306
10.4905 3.27041
10.9937 3.30776
11.497 3.34511
12.0003 3.38247
12.5036 3.41982
13.0032 3.41982
13.5028 3.41982
14.0024 3.41982
14.502 3.41982
15.0016 3.41982
15.5012 3.41982
16.0008 3.41982
16.5004 3.41982
17.0 3.41982
17.4996 3.41982
17.9992 3.41982
18.4989 3.41982
18.9985 3.41982
19.4981 3.41982
22.0399 4.56856
24.5817 4.56856
27.1235 4.56856
29.6654 4.56856
32.2072 4.56856
34.749 4.56856
37.2909 4.56856
39.8327 4.56856
42.3745 4.56856
44.9163 4.56856
47.4582 4.56856
50.0 4.56856
0.0 1.44127
0.482854 1.44127
0.965707 1.68784
1.44856 1.93441
1.93141 2.18097
2.41427 2.42754
2.89712 2.67411
3.37998 2.92068
3.64271 2.92068
4.2093 3.03421
4.7759 2.99032
5.34249 2.94642
5.85233 2.94642
6.36218 2.97515
6.87202 3.00388
7.38186 3.0326
7.89171 3.06133
8.40155 3.09006
8.91139 3.11879
9.42124 3.14751
9.93108 3.17624
10.4409 3.20497
10.9508 3.2337
11.4606 3.26242
11.9705 3.29115
12.4803 3.31988
12.9901 3.3486
13.5 3.37733
14.0098 3.40606
14.4901 3.40606
14.9703 3.40606
15.4505 3.40606
15.9308 3.40606
16.411 3.40606
16.8913 3.40606
17.3715 3.40606
17.8517 3.40606
18.332 3.40606
18.8122 3.40606
19.2925 3.40606
21.8514 4.51544
24.4104 4.51544
26.9693 4.51544
29.5283 4.51544
32.0873 4.51544
34.6462 4.51544
37.2052 4.51544
39.7642 4.51544
42.3231 4.51544
44.8821 4.51544
47.441 4.51544
50.0 4.51544
0.0 1.21738
0.527 1.21738
1.054 1.45592
1.581 1.69446
2.108 1.93299
2.635 2.17153
3.162 2.41007
3.689 2.6486
4.18571 2.6486
4.68243 2.69694
5.17915 2.74527
5.67587 2.7936
6.17259 2.84193
6.66931 2.89026
7.16602 2.9386
7.66274 2.98693
8.15946 3.03526
8.65618 3.08359
9.1529 3.13192
9.64961 3.18026
10.1463 3.22859
10.643 3.27692
11.1398 3.32525
11.6365 3.37358
12.114 3.37358
12.5915 3.36559
13.069 3.3576
13.5465 3.3496
14.024 3.34161
14.5015 3.33362
14.979 3.32562
15.4565 3.31763
15.934 3.30964
16.4801 3.30964
17.0262 3.59348
17.5723 3.87732
18.0714 3.87732
18.5705 3.87732
19.0696 3.87732
19.5687 3.87732
20.0678 3.87732
20.5669 3.87732
21.066 3.87732
21.5652 3.87732
22.0643 3.87732
22.5634 3.87732
23.0625 3.87732
23.5616 3.87732
24.0607 3.87732
24.5598 3.87732
25.0589 3.87732
25.558 3.87732
26.0571 3.87732
26.5562 3.87732
27.0553 3.87732
27.5544 3.87732
28.0535 3.87732
28.5526 3.87732
29.0517 3.87732
29.5508 3.87732
32.107 4.54817
34.6631 4.54817
37.2193 4.54817
39.7754 4.54817
42.3316 4.54817
44.8877 4.54817
47.4439 4.54817
50.0 4.54817
0.0 1.22531
0.484393 1.22531
0.968785 1.45824
1.45318 1.69118
1.93757 1.92412
2.42196 2.15706
2.90636 2.38999
3.39075 2.62293
3.90771 2.62293
4.42467 2.68186
4.94163 2.74078
5.45859 2.79971
5.97556 2.85863
6.49252 2.91756
7.00948 2.97648
7.52644 3.03541
8.0434 3.09433
8.56036 3.15326
9.07733 3.21218
9.59429 3.27111
10.1112 3.33004
10.6282 3.38896
11.1187 3.38896
11.6092 3.38539
12.0997 3.38181
12.5902 3.37824
13.0807 3.37467
13.5713 3.37109
14.0618 3.36752
14.5523 3.36395
15.0428 3.36037
15.5333 3.3568
16.0238 3.35323
16.5143 3.34965
17.0937 3.34965
17.673 3.61032
18.2524 3.87099
18.7574 3.87099
19.2623 3.87099
19.7672 3.87099
20.2722 3.87099
20.7771 3.87099
21.282 3.87099
21.787 3.87099
22.2919 3.87099
22.7968 3.87099
23.3018 3.87099
23.8067 3.87099
24.3116 3.87099
24.8166 3.87099
25.3215 3.87099
25.8265 3.87099
26.3314 3.87099
26.8363 3.87099
27.3413 3.87099
27.8462 3.87099
28.3511 3.87099
28.8561 3.87099
29.361 3.87099
31.9409 4.55168
34.5207 4.55168
37.1006 4.55168
39.6805 4.55168
42.2604 4.55168
44.8402 4.55168
47.4201 4.55168
50.0 4.55168
0.0 1.45487
0.483508 1.45487
0.967016 1.64492
1.45052 1.83496
1.93403 2.02501
2.41754 2.21505
2.90105 2.4051
3.38456 2.59515
3.86806 2.78519
4.35157 2.97524
4.85853 2.97524
5.36548 3.02568
5.87244 3.07612
6.37939 3.12656
6.88634 3.177
7.3933 3.22744
7.90025 3.27788
8.40721 3.32832
8.91416 3.37875
9.42112 3.42919
9.92807 3.47963
10.435 3.53007
10.942 3.58051
11.4489 3.63095
11.9559 3.68139
12.4628 3.73183
12.9698 3.78227
13.4747 3.78227
13.9795 3.80276
14.4844 3.82324
14.9892 3.84373
15.4941 3.86421
15.9989 3.8847
16.5038 3.90518
17.0087 3.92567
17.5135 3.94615
18.0184 3.96664
18.5232 3.98713
19.0281 4.00761
19.533 4.0281
20.0378 4.04858
20.5427 4.06907
21.0475 4.08955
21.5524 4.11004
22.0572 4.13052
22.5621 4.15101
23.067 4.17149
23.5718 4.19198
24.0767 4.21246
24.5815 4.23295
25.0864 4.25344
25.5913 4.27392
26.0961 4.29441
26.601 4.31489
27.1058 4.33538
27.6107 4.35586
28.1155 4.37635
28.6204 4.39683
29.1253 4.41732
29.6301 4.4378
30.135 4.45829
30.6398 4.47878
31.1633 4.47878
31.6867 4.50072
32.2102 4.52267
32.7336 4.54461
33.257 4.56656
33.7805 4.5885
34.2865 4.5885
34.7926 4.5885
35.2986 4.5885
35.8047 4.5885
36.3107 4.5885
36.8168 4.5885
37.3228 4.5885
37.8288 4.5885
38.3349 4.5885
38.8409 4.5885
39.347 4.5885
39.853 4.5885
40.3591 4.5885
40.8651 4.5885
41.3712 4.5885
44.2474 4.63893
47.1237 4.63893
50.0 4.63893
0.0 1.12607
0.485192 1.12607
0.970383 1.42894
1.45558 1.73181
1.94077 2.03468
2.42596 2.33755
2.91115 2.64042
3.39634 2.94329
3.8697 2.94329
4.34306 2.97757
4.81642 3.01185
5.28978 3.04613
5.76314 3.08041
6.2365 3.11469
6.70986 3.14897
7.18322 3.18325
7.67703 3.18325
8.17084 3.1754
8.66465 3.16756
9.15846 3.15972
9.65227 3.15188
10.1461 3.14404
10.6399 3.13619
11.1337 3.12835
11.6275 3.12051
12.1213 3.11267
12.6151 3.10483
13.1089 3.09698
13.6166 3.09698
14.1242 3.17732
14.6319 3.25766
15.1395 3.33799
15.6471 3.41833
16.1548 3.49866
16.6624 3.579
17.17 3.65933
17.6777 3.73967
18.1853 3.82
18.6929 3.90034
19.2006 3.98067
19.7082 4.06101
20.2159 4.14135
20.7235 4.22168
21.2311 4.30202
21.7388 4.38235
22.2464 4.46269
22.7431 4.46269
23.2397 4.46269
23.7364 4.46269
24.233 4.46269
24.7297 4.46269
25.2264 4.46269
25.723 4.46269
26.2197 4.46269
26.7163 4.46269
27.213 4.46269
27.7096 4.46269
28.2063 4.46269
28.703 4.46269
29.1996 4.46269
29.6963 4.46269
30.1929 4.46269
30.6896 4.46269
31.1863 4.46269
31.6829 4.46269
32.1796 4.46269
32.6762 4.46269
33.1729 4.46269
33.6695 4.46269
34.1662 4.46269
34.6629 4.46269
35.1595 4.46269
35.6562 4.46269
36.1528 4.46269
36.6495 4.46269
37.1462 4.46269
37.6428 4.46269
38.1395 4.46269
38.6361 4.46269
39.1328 4.46269
39.6295 4.46269
40.1261 4.46269
40.6228 4.46269
41.1194 4.46269
41.6161 4.46269
42.1127 4.46269
44.7418 4.60843
47.3709 4.60843
50.0 4.60843
0.0 1.38776
0.500728 1.38776
1.00146 1.56057
1.50219 1.73338
2.00291 1.90619
2.50364 2.079
3.00437 2.25181
3.5051 2.42462
4.00583 2.59743
4.50656 2.77024
5.00728 2.94305
5.49216 2.94305
5.97703 2.96641
6.4619 2.98977
6.94677 3.01313
7.43164 3.03649
7.91652 3.05985
8.40139 3.08321
8.88626 3.10657
9.37113 3.12993
9.856 3.15329
10.3409 3.17665
10.8257 3.20001
11.3106 3.22337
11.6613 3.22337
12.1633 3.5326
12.6653 3.53825
13.1673 3.54389
13.6693 3.54954
14.1713 3.55518
14.6733 3.56083
15.1753 3.56647
15.6773 3.57211
16.1793 3.57776
16.6813 3.5834
17.1833 3.58905
17.6853 3.59469
18.1873 3.60034
18.6893 3.60598
19.1913 3.61162
19.6933 3.61727
20.1953 3.62291
20.6973 3.62856
21.1993 3.6342
21.7013 3.63985
22.2033 3.64549
22.7053 3.65113
23.2073 3.65678
23.7093 3.66242
24.2113 3.66807
24.7133 3.67371
25.1944 3.67371
25.6755 3.67371
26.1566 3.67371
26.6377 3.67371
27.1188 3.67371
27.5999 3.67371
28.081 3.67371
28.5621 3.67371
29.0432 3.67371
31.6628 4.53378
34.2824 4.53378
36.902 4.53378
39.5216 4.53378
42.1412 4.53378
44.7608 4.53378
47.3804 4.53378
50.0 4.53378
0.0 1.15466
0.479826 1.15466
0.959652 1.46206
1.43948 1.76946
1.9193 2.07686
2.39913 2.38426
2.87896 2.69167
3.35878 2.99907
3.85278 2.99907
4.34677 2.99205
4.84077 2.98503
5.33476 2.978
5.82876 2.97098
6.32275 2.96396
6.81675 2.95694
7.31074 2.94992
7.80474 2.9429
8.29873 2.93588
8.81462 2.93588
9.33051 2.95821
9.8464 2.98055
10.3623 3.00288
10.8782 3.02521
11.3941 3.04754
11.91 3.06988
12.4259 3.09221
12.9417 3.11454
13.4576 3.13688
13.9735 3.15921
14.4894 3.18154
15.0053 3.20387
15.3225 3.20387
15.9406 3.13193
16.5587 3.13193
19.1311 4.4407
21.7035 4.4407
24.276 4.4407
26.8484 4.4407
29.4208 4.4407
31.9932 4.4407
34.5656 4.4407
37.138 4.4407
39.7104 4.4407
42.2828 4.4407
44.8552 4.4407
47.4276 4.4407
50.0 4.4407
0.0 1.48064
0.51138 1.48064
1.02276 1.72877
1.53414 1.97691
2.04552 2.22504
2.5569 2.47317
3.06828 2.7213
3.57966 2.96944
3.77248 2.96944
4.25536 2.97619
4.73825 2.97408
5.22113 2.97196
5.70401 2.96985
6.1869 2.96773
6.66978 2.96562
7.15266 2.9635
7.65024 2.9635
8.14781 2.99773
8.64538 3.03195
9.14295 3.06617
9.64053 3.10039
10.1381 3.13462
10.6357 3.16884
11.1332 3.20306
11.6308 3.23729
12.1284 3.27151
12.626 3.30573
13.1235 3.33996
13.6211 3.37418
14.1187 3.4084
14.6343 3.4084
15.15 3.4084
15.6657 3.4084
16.1814 3.4084
16.697 3.4084
17.2127 3.4084
17.7284 3.4084
18.244 3.4084
18.7597 3.4084
19.2754 3.4084
21.8357 4.58307
24.3961 4.58307
26.9565 4.58307
29.5169 4.58307
32.0773 4.58307
34.6377 4.58307
37.1981 4.58307
39.7585 4.58307
42.3188 4.58307
44.8792 4.58307
47.4396 4.58307
50.0 4.58307
0.0 1.45146
0.509864 1.45146
1.01973 1.70748
1.52959 1.9635
2.03946 2.21952
2.54932 2.47554
3.05918 2.73155
3.56905 2.98757
3.82517 2.98757
4.30662 2.92122
4.78807 2.92633
5.26952 2.93145
5.75097 2.93657
6.23241 2.94168
6.71386 2.9468
7.19531 2.95191
7.78813 2.95191
8.38095 3.36999
8.88185 3.36999
9.38276 3.36999
9.88367 3.36999
10.3846 3.36999
10.8855 3.36999
11.3864 3.36999
11.8873 3.36999
12.3882 3.36999
12.8891 3.36999
13.39 3.36999
13.8909 3.36999
14.3918 3.36999
14.8927 3.36999
15.3936 3.36999
15.8945 3.36999
16.3954 3.36999
16.8963 3.36999
17.3973 3.36999
17.8982 3.36999
18.3991 3.36999
18.9 3.36999
19.4009 3.36999
21.9508 4.62292
24.5007 4.62292
27.0507 4.62292
29.6006 4.62292
32.1505 4.62292
34.7004 4.62292
37.2504 4.62292
39.8003 4.62292
42.3502 4.62292
44.9001 4.62292
47.4501 4.62292
50.0 4.62292
0.0 1.26993
0.529949 1.26993
1.0599 1.57329
1.58985 1.87665
2.1198 2.18001
2.64974 2.48337
3.17969 2.78673
3.70964 3.0901
4.24207 3.0901
4.7745 3.09224
5.30693 3.09438
5.83935 3.09652
6.37178 3.09866
6.90421 3.1008
7.43664 3.10294
7.96131 3.10294
8.48597 3.10727
9.01064 3.11161
9.53531 3.11594
10.06 3.12028
10.5846 3.12461
11.1093 3.12894
11.634 3.13328
12.1587 3.13761
12.5601 3.13761
13.0423 3.2387
13.5245 3.2387
14.0067 3.2387
14.4888 3.2387
14.971 3.2387
15.4532 3.2387
15.9354 3.2387
16.4175 3.2387
19.0008 4.45241
21.5841 4.45241
24.1673 4.45241
26.7506 4.45241
29.3339 4.45241
31.9171 4.45241
34.5004 4.45241
37.0837 4.45241
39.6669 4.45241
42.2502 4.45241
44.8335 4.45241
47.4167 4.45241
50.0 4.45241
0.0 1.24683
0.493084 1.24683
0.986168 1.47738
1.47925 1.70793
1.97234 1.93848
2.46542 2.16903
2.9585 2.39958
3.45159 2.63012
3.95333 2.63012
4.45507 2.67669
4.95682 2.72325
5.45856 2.76981
5.9603 2.81637
6.46204 2.86293
6.96379 2.90949
7.46553 2.95605
7.96727 3.00261
8.46901 3.04917
8.97076 3.09573
9.4725 3.14229
9.97424 3.18886
10.476 3.23542
10.9777 3.28198
11.4795 3.32854
11.9692 3.32854
12.459 3.32763
12.9488 3.32672
13.4386 3.32581
13.9283 3.3249
14.4181 3.32399
14.9079 3.32307
15.3976 3.32216
15.8874 3.32125
16.3772 3.32034
16.867 3.31943
17.3567 3.31852
17.8465 3.31761
18.3495 3.31761
18.8526 3.61098
19.3556 3.90435
19.8551 3.90435
20.3546 3.90435
20.8541 3.90435
21.3536 3.90435
21.8532 3.90435
22.3527 3.90435
22.8522 3.90435
23.3517 3.90435
23.8512 3.90435
24.3507 3.90435
24.8502 3.90435
25.3497 3.90435
25.8492 3.90435
26.3488 3.90435
26.8483 3.90435
27.3478 3.90435
27.8473 3.90435
28.3468 3.90435
28.8463 3.90435
29.3458 3.90435
31.9276 4.56838
34.5094 4.56838
37.0911 4.56838
39.6729 4.56838
42.2547 4.56838
44.8365 4.56838
47.4182 4.56838
50.0 4.56838
0.0 1.54719
0.47577 1.54719
0.951541 1.73758
1.42731 1.92797
1.90308 2.11836
2.37885 2.30875
2.85462 2.49914
3.33039 2.68953
3.80616 2.87992
4.28193 3.07031
4.79081 3.07031
5.29968 3.10792
5.80855 3.14552
6.31742 3.18313
6.82629 3.22074
7.33516 3.25834
7.84403 3.29595
8.3529 3.33355
8.86177 3.37116
9.37064 3.40876
9.87951 3.44637
10.3884 3.48398
10.8973 3.52158
11.4061 3.55919
11.915 3.59679
12.4239 3.6344
12.9327 3.672
13.4416 3.70961
13.9505 3.74722
14.4452 3.74722
14.9398 3.77901
15.4345 3.8108
15.9292 3.8426
16.4239 3.87439
16.9185 3.90619
17.4132 3.93798
17.9079 3.96977
18.4025 4.00157
18.8972 4.03336
19.3919 4.06516
19.8866 4.09695
20.3812 4.12874
20.8759 4.16054
21.3706 4.19233
21.8653 4.22413
22.3599 4.25592
22.8546 4.28771
23.3493 4.31951
23.844 4.3513
24.3386 4.38309
24.8333 4.41489
25.328 4.44668
25.8227 4.47848
26.3173 4.51027
26.812 4.54206
27.3052 4.54206
27.7984 4.54763
28.2915 4.5532
28.7847 4.55877
29.2779 4.56433
29.7711 4.5699
30.2642 4.57547
30.7574 4.58104
31.2506 4.5866
31.7437 4.59217
32.2369 4.59774
32.7301 4.6033
33.2169 4.6033
33.7037 4.6033
34.1905 4.6033
34.6773 4.6033
35.1641 4.6033
35.6509 4.6033
36.1377 4.6033
36.6245 4.6033
37.1113 4.6033
37.5981 4.6033
38.0849 4.6033
38.5717 4.6033
39.0585 4.6033
39.5453 4.6033
40.0321 4.6033
40.5189 4.6033
41.0057 4.6033
41.4925 4.6033
44.3283 4.64681
47.1642 4.64681
50.0 4.64681
0.0 1.42565
0.508635 1.42565
1.01727 1.67853
1.5259 1.9314
2.03454 2.18428
2.54317 2.43716
3.05181 2.69004
3.56044 2.94292
3.90533 2.94292
4.25021 2.93594
4.74102 2.93594
5.23183 2.94447
5.72264 2.953
6.21346 2.96153
6.70427 2.97006
7.18844 2.97006
7.6726 3.05129
8.15677 3.13253
8.64094 3.21376
9.12511 3.29499
9.60927 3.37623
10.1107 3.37623
10.6122 3.37623
11.1136 3.37623
11.615 3.37623
12.1165 3.37623
12.6179 3.37623
13.1194 3.37623
13.6208 3.37623
14.1223 3.37623
14.6237 3.37623
15.1251 3.37623
15.6266 3.37623
16.128 3.37623
16.6295 3.37623
17.1309 3.37623
17.6324 3.37623
18.1338 3.37623
18.6352 3.37623
19.1367 3.37623
19.6381 3.37623
22.1683 4.61603
24.6984 4.61603
27.2286 4.61603
29.7588 4.61603
32.2889 4.61603
34.8191 4.61603
37.3492 4.61603
39.8794 4.61603
42.4095 4.61603
44.9397 4.61603
47.4698 4.61603
50.0 4.61603
0.0 1.11498
0.510164 1.11498
1.02033 1.42197
1.53049 1.72896
2.04066 2.03595
2.55082 2.34294
3.06098 2.64993
3.57115 2.95692
4.08697 2.95692
4.60279 2.97814
5.11861 2.99936
5.63443 3.02059
6.15025 3.04181
6.66608 3.06303
7.1819 3.08426
7.69772 3.10548
8.21354 3.12671
8.72936 3.14793
9.24518 3.16915
9.75934 3.16915
10.2735 3.15448
10.7876 3.1398
11.3018 3.12512
11.816 3.11044
12.3301 3.09577
12.8443 3.08109
13.3584 3.06641
13.854 3.06641
14.3495 3.1214
14.845 3.17639
15.3405 3.23138
15.8361 3.28637
16.3316 3.34135
16.8271 3.39634
17.3227 3.45133
17.8182 3.50632
18.3137 3.56131
18.8093 3.6163
19.3048 3.67129
19.8003 3.72627
20.2958 3.78126
20.7914 3.83625
21.2869 3.89124
21.7824 3.94623
22.278 4.00122
22.7735 4.05621
23.269 4.11119
23.7646 4.16618
24.2601 4.22117
24.7556 4.27616
25.2511 4.33115
25.7467 4.38614
26.2422 4.44113
26.7377 4.49611
27.2307 4.49611
27.7236 4.49611
28.2165 4.49611
28.7095 4.49611
29.2024 4.49611
29.6953 4.49611
30.1883 4.49611
30.6812 4.49611
31.1741 4.49611
31.6671 4.49611
32.16 4.49611
32.6529 4.49611
33.1459 4.49611
33.6388 4.49611
34.1317 4.49611
34.6247 4.49611
35.1176 4.49611
35.6105 4.49611
36.1035 4.49611
36.5964 4.49611
37.0893 4.49611
37.5823 4.49611
38.0752 4.49611
38.5681 4.49611
39.0611 4.49611
39.554 4.49611
40.0469 4.49611
40.5399 4.49611
41.0328 4.49611
41.5257 4.49611
42.0187 4.49611
44.6791 4.58978
47.3396 4.58978
50.0 4.58978
0.0 1.2192
0.474556 1.2192
0.949111 1.48144
1.42367 1.74367
1.89822 2.0059
2.37278 2.26813
2.84733 2.53037
3.32189 2.7926
3.79644 3.05483
4.25261 3.05483
4.70877 3.01945
5.16493 2.98406
5.65615 2.98406
6.14736 3.00245
6.63858 3.02085
7.12979 3.03924
7.62101 3.05763
8.11222 3.07603
8.60344 3.09442
9.09465 3.11281
9.57262 3.11281
10.0506 3.13981
10.5285 3.16682
11.0065 3.19382
11.4845 3.22082
11.9624 3.24782
12.4404 3.27482
12.9184 3.30183
13.4367 3.30183
13.9549 3.30183
14.4732 3.30183
14.9915 3.30183
15.5098 3.30183
16.0281 3.30183
16.5464 3.30183
19.1197 4.45876
21.6931 4.45876
24.2664 4.45876
26.8398 4.45876
29.4131 4.45876
31.9865 4.45876
34.5599 4.45876
37.1332 4.45876
39.7066 4.45876
42.2799 4.45876
44.8533 4.45876
47.4266 4.45876
50.0 4.45876
0.0 1.4415
0.542511 1.4415
1.08502 1.74213
1.62753 2.04275
2.17004 2.34338
2.71255 2.644
2.99782 2.644
3.47725 2.85591
3.95668 2.89403
4.43611 2.93215
4.91554 2.97027
5.39496 3.00839
5.87439 3.04651
6.35382 3.08463
6.83325 3.12275
7.27719 3.12275
7.72113 3.29987
8.23294 3.29987
8.74476 3.29987
9.25657 3.29987
9.76839 3.29987
10.2802 3.29987
10.792 3.29987
11.3038 3.29987
11.8156 3.29987
12.3275 3.29987
12.8393 3.29987
13.3511 3.29987
13.8629 3.29987
14.3747 3.29987
14.8865 3.29987
15.3983 3.29987
15.9102 3.29987
16.422 3.29987
16.9338 3.29987
17.4456 3.29987
19.9498 4.52497
22.454 4.52497
24.9582 4.52497
27.4623 4.52497
29.9665 4.52497
32.4707 4.52497
34.9749 4.52497
37.4791 4.52497
39.9833 4.52497
42.4874 4.52497
44.9916 4.52497
47.4958 4.52497
50.0 4.52497
0.0 1.28743
0.529677 1.28743
1.05935 1.51944
1.58903 1.75146
2.11871 1.98347
2.64838 2.21548
3.17806 2.44749
3.70774 2.67951
4.19623 2.67951
4.68473 2.73352
5.17323 2.78754
5.66173 2.84156
6.15023 2.89558
6.63873 2.9496
7.12723 3.00361
7.61572 3.05763
8.10422 3.11165
8.59272 3.16567
9.08122 3.21968
9.56972 3.2737
10.0582 3.32772
10.5348 3.32772
11.0114 3.3307
11.4879 3.33368
11.9645 3.33666
12.4411 3.33964
12.9176 3.34262
13.3942 3.3456
13.8708 3.34858
14.3474 3.35156
14.8239 3.35454
15.3027 3.35454
15.7814 3.44709
16.2601 3.53963
16.7388 3.63218
17.2176 3.72472
17.6963 3.81727
18.2044 3.81727
18.7125 3.81727
19.2205 3.81727
19.7286 3.81727
20.2367 3.81727
20.7448 3.81727
21.2529 3.81727
21.761 3.81727
22.269 3.81727
22.7771 3.81727
23.2852 3.81727
23.7933 3.81727
24.3014 3.81727
24.8095 3.81727
25.3175 3.81727
25.8256 3.81727
26.3337 3.81727
26.8418 3.81727
27.3499 3.81727
27.858 3.81727
28.366 3.81727
28.8741 3.81727
29.3822 3.81727
31.9594 4.54382
34.5367 4.54382
37.1139 4.54382
39.6911 4.54382
42.2683 4.54382
44.8456 4.54382
47.4228 4.54382
50.0 4.54382
0.0 1.17884
0.511442 1.17884
1.02288 1.60076
1.53433 2.02267
2.04577 2.44459
2.55297 2.44459
3.06018 2.51183
3.56738 2.57908
4.07459 2.64632
4.58179 2.71356
5.089 2.7808
5.5962 2.84805
6.10341 2.91529
6.61061 2.98253
7.11782 3.04977
7.62502 3.11702
8.13222 3.18426
8.63943 3.2515
9.14663 3.31875
9.65384 3.38599
10.161 3.45323
10.6682 3.52047
11.1755 3.58772
11.6827 3.65496
12.1899 3.7222
12.6871 3.7222
13.1843 3.75287
13.6815 3.78354
14.1787 3.81421
14.6759 3.84488
15.1731 3.87555
15.6703 3.90622
16.1675 3.93689
16.6647 3.96756
17.1619 3.99823
17.6592 4.0289
18.1521 4.0289
18.645 4.0401
19.138 4.0513
19.6309 4.06251
20.1238 4.07371
20.6168 4.08491
21.1097 4.09611
21.6026 4.10732
22.0956 4.11852
22.5885 4.12972
23.0814 4.14092
23.5744 4.15213
24.0673 4.16333
24.5602 4.17453
25.0532 4.18573
25.5461 4.19694
26.039 4.20814
26.532 4.21934
27.0249 4.23054
27.5178 4.24175
28.0108 4.25295
28.5037 4.26415
28.9966 4.27535
29.4896 4.28656
29.9825 4.29776
30.4754 4.30896
30.9684 4.32016
31.4613 4.33136
31.9542 4.34257
32.4472 4.35377
32.9395 4.35377
33.4318 4.35377
33.9241 4.35377
34.4164 4.35377
34.9087 4.35377
35.401 4.35377
35.8933 4.35377
36.3856 4.35377
36.8779 4.35377
37.3702 4.35377
37.8625 4.35377
38.3549 4.35377
38.8472 4.35377
39.3395 4.35377
39.8318 4.35377
40.3241 4.35377
42.7431 4.50489
45.162 4.50489
47.581 4.50489
50.0 4.50489
0.0 1.27028
0.529838 1.27028
1.05968 1.52033
1.58952 1.77039
2.11935 2.02045
2.64919 2.27051
3.17903 2.52056
3.70887 2.77062
4.21536 2.77062
4.72185 2.78394
5.22835 2.79726
5.73484 2.81058
6.24133 2.8239
6.74783 2.83722
7.25432 2.85054
7.76081 2.86386
8.26731 2.87718
8.7738 2.8905
9.28029 2.90382
9.78679 2.91713
10.2706 2.91713
10.7543 2.96725
11.2381 3.01736
11.7219 3.06747
12.2057 3.11759
12.6895 3.1677
13.1732 3.21781
13.657 3.26793
14.1408 3.31804
14.6246 3.36815
15.1084 3.41827
15.6154 3.41827
16.1224 3.44293
16.6294 3.46759
17.1364 3.49225
17.6434 3.51691
18.1505 3.54158
18.6575 3.56624
19.1645 3.5909
19.6715 3.61556
20.1785 3.64022
20.6855 3.66489
21.1925 3.68955
21.6996 3.71421
22.2066 3.73887
22.7136 3.76353
23.2206 3.7882
23.7276 3.81286
24.2346 3.83752
24.7417 3.86218
25.2487 3.88684
25.7528 3.88684
26.257 3.88684
26.7612 3.88684
27.2653 3.88684
29.7914 4.44409
32.3175 4.44409
34.8435 4.44409
37.3696 4.44409
39.8957 4.44409
42.4218 4.44409
44.9478 4.44409
47.4739 4.44409
50.0 4.44409
0.0 1.46168
0.525936 1.46168
1.05187 1.70447
1.57781 1.94726
2.10374 2.19006
2.62968 2.43285
3.15562 2.67565
3.6088 2.67565
4.06198 2.6964
4.51516 2.71715
4.96834 2.73789
5.42152 2.75864
5.86214 2.75864
6.30276 2.90175
6.74337 3.04486
7.23953 3.04486
7.73568 3.07933
8.23183 3.1138
8.72798 3.14827
9.22413 3.18275
9.72028 3.21722
10.2164 3.25169
10.7126 3.28616
11.2087 3.32064
11.6964 3.32064
12.1841 3.32064
12.6717 3.32064
13.1594 3.32064
13.6471 3.32064
14.1347 3.32064
14.6224 3.32064
15.11 3.32064
15.5977 3.32064
16.0854 3.32064
16.573 3.32064
17.0607 3.32064
17.5484 3.32064
20.0446 4.65476
22.5409 4.65476
25.0372 4.65476
27.5335 4.65476
30.0298 4.65476
32.526 4.65476
35.0223 4.65476
37.5186 4.65476
40.0149 4.65476
42.5112 4.65476
45.0074 4.65476
47.5037 4.65476
50.0 4.65476
0.0 1.21686
0.482192 1.21686
0.964383 1.4551
1.44657 1.69335
1.92877 1.9316
2.41096 2.16984
2.89315 2.40809
3.37534 2.64634
3.85753 2.88459
4.38123 2.88459
4.90494 2.92475
5.42864 2.96492
5.95234 3.00509
6.47604 3.04526
6.99974 3.08543
7.52344 3.12559
8.01367 3.12559
8.50391 3.1059
8.99414 3.08621
9.48437 3.06652
9.97461 3.04683
10.4648 3.02714
10.9551 3.00745
11.4453 2.98776
11.9458 2.98776
12.4463 3.03612
12.9468 3.08449
13.4473 3.13285
13.9478 3.18121
14.4483 3.22958
14.9489 3.27794
15.4494 3.3263
15.9499 3.37467
16.4504 3.42303
16.9509 3.4714
17.4514 3.51976
17.9519 3.56812
18.4524 3.61649
18.9529 3.66485
19.4534 3.71321
19.9539 3.76158
20.4544 3.80994
20.9549 3.8583
21.4554 3.90667
21.9559 3.95503
22.4565 4.00339
22.957 4.05176
23.4575 4.10012
23.958 4.14849
24.4585 4.19685
24.959 4.24521
25.4595 4.29358
25.96 4.34194
26.4605 4.3903
26.961 4.43867
27.4615 4.48703
27.9655 4.48703
28.4694 4.48703
28.9734 4.48703
29.4773 4.48703
29.9813 4.48703
30.4852 4.48703
30.9891 4.48703
31.4931 4.48703
31.997 4.48703
32.501 4.48703
33.0049 4.48703
33.5089 4.48703
34.0128 4.48703
34.5168 4.48703
35.0207 4.48703
35.5247 4.48703
36.0286 4.48703
36.5326 4.48703
37.0365 4.48703
37.5405 4.48703
38.0444 4.48703
38.5484 4.48703
39.0523 4.48703
39.5562 4.48703
40.0602 4.48703
40.5641 4.48703
41.0681 4.48703
41.572 4.48703
42.076 4.48703
44.7173 4.57347
47.3587 4.57347
50.0 4.57347
0.0 1.31259
0.524967 1.31259
1.04993 1.5078
1.5749 1.70302
2.09987 1.89823
2.62484 2.09344
3.1498 2.28865
3.67477 2.48387
4.19974 2.67908
4.69158 2.67908
5.18342 2.77408
5.67526 2.86909
6.1671 2.96409
6.65894 3.0591
7.15078 3.1541
7.64261 3.2491
8.13445 3.34411
8.6215 3.34411
9.10855 3.34105
9.59559 3.33798
10.0826 3.33492
10.5697 3.33186
11.0567 3.32879
11.5438 3.32573
12.0308 3.32267
12.5179 3.3196
13.0049 3.31654
13.492 3.31348
13.979 3.31042
14.4661 3.30735
14.9531 3.30429
15.4401 3.30123
15.9272 3.29816
16.4021 3.29816
16.877 3.56418
17.352 3.83019
17.8477 3.83019
18.3435 3.83019
18.8393 3.83019
19.3351 3.83019
19.8309 3.83019
20.3266 3.83019
20.8224 3.83019
21.3182 3.83019
21.814 3.83019
22.3098 3.83019
22.8055 3.83019
23.3013 3.83019
23.7971 3.83019
24.2929 3.83019
24.7887 3.83019
25.2844 3.83019
25.7802 3.83019
26.276 3.83019
26.7718 3.83019
27.2676 3.83019
27.7633 3.83019
28.2591 3.83019
28.7549 3.83019
29.2507 3.83019
31.8443 4.5208
34.438 4.5208
37.0317 4.5208
39.6253 4.5208
42.219 4.5208
44.8127 4.5208
47.4063 4.5208
50.0 4.5208
0.0 1.32532
0.522663 1.32532
1.04533 1.50868
1.56799 1.69205
2.09065 1.87542
2.61331 2.05878
3.13598 2.24215
3.65864 2.42552
4.1813 2.60888
4.70397 2.79225
5.22663 2.97562
5.7171 2.97562
6.20757 3.01651
6.69804 3.0574
7.18851 3.09829
7.67898 3.13918
8.16946 3.18007
8.65993 3.22096
9.1504 3.26186
9.64087 3.30275
10.1123 3.30275
10.5837 3.31691
11.0551 3.33107
11.5265 3.34523
11.9979 3.35939
12.4693 3.37356
12.9407 3.38772
13.4121 3.40188
13.9238 3.40188
14.4355 3.44365
14.9472 3.48543
15.4589 3.52721
15.9706 3.56898
16.4823 3.61076
16.994 3.65254
17.5057 3.69431
18.0174 3.73609
18.5245 3.73609
19.0316 3.73609
19.5387 3.73609
20.0458 3.73609
20.5529 3.73609
21.06 3.73609
21.5671 3.73609
22.0742 3.73609
22.5812 3.73609
23.0883 3.73609
23.5954 3.73609
24.1025 3.73609
24.6096 3.73609
25.1167 3.73609
25.6238 3.73609
26.1309 3.73609
26.638 3.73609
27.1451 3.73609
27.6522 3.73609
28.1593 3.73609
28.6664 3.73609
29.1734 3.73609
31.7768 4.45862
34.3801 4.45862
36.9834 4.45862
39.5867 4.45862
42.19 4.45862
44.7934 4.45862
47.3967 4.45862
50.0 4.45862
0.0 1.33849
0.508035 1.33849
1.01607 1.53797
1.52411 1.73744
2.03214 1.93692
2.54018 2.1364
3.04821 2.33588
3.55625 2.53535
4.06428 2.73483
4.54517 2.73483
5.02606 2.79526
5.50695 2.8557
5.98784 2.91613
6.46873 2.97657
6.94961 3.03701
7.4305 3.09744
7.91139 3.15788
8.39228 3.21831
8.87317 3.27875
9.35406 3.33918
9.86801 3.33918
10.382 3.34253
10.8959 3.34587
11.4099 3.34921
11.9238 3.35256
12.4378 3.3559
12.9517 3.35924
13.4657 3.36259
13.9796 3.36593
14.4936 3.36928
15.0075 3.37262
15.5215 3.37596
16.0581 3.37596
16.5946 3.51464
17.1312 3.65331
17.6678 3.79199
18.2044 3.93066
18.7119 3.93066
19.2194 3.93066
19.7269 3.93066
20.2345 3.93066
20.742 3.93066
21.2495 3.93066
21.757 3.93066
22.2645 3.93066
22.7721 3.93066
23.2796 3.93066
23.7871 3.93066
24.2946 3.93066
24.8021 3.93066
25.3097 3.93066
25.8172 3.93066
26.3247 3.93066
26.8322 3.93066
27.3397 3.93066
27.8473 3.93066
28.3548 3.93066
28.8623 3.93066
29.3698 3.93066
31.9486 4.51473
34.5274 4.51473
37.1061 4.51473
39.6849 4.51473
42.2637 4.51473
44.8425 4.51473
47.4212 4.51473
50.0 4.51473
0.0 1.32659
0.4864 1.32659
0.972801 1.48924
1.4592 1.6519
1.9456 1.81455
2.432 1.9772
2.9184 2.13986
3.4048 2.30251
3.8912 2.46516
4.3776 2.62781
4.864 2.79047
5.3504 2.95312
5.88863 2.95312
6.42685 3.03456
6.96508 3.11601
7.5033 3.19746
8.04153 3.2789
8.57975 3.36035
9.07441 3.36035
9.56907 3.37098
10.0637 3.38162
10.5584 3.39225
11.0531 3.40289
11.5477 3.41352
12.0424 3.42416
12.537 3.43479
13.0317 3.44542
13.5264 3.45606
14.021 3.46669
14.5157 3.47733
14.9922 3.47733
15.4687 3.50237
15.9452 3.52742
16.4217 3.55246
16.8982 3.57751
17.3747 3.60255
17.8512 3.62759
18.3277 3.65264
18.8043 3.67768
19.2808 3.70273
19.7753 3.70273
20.2699 3.70273
20.7644 3.70273
21.259 3.70273
21.7535 3.70273
22.248 3.70273
22.7426 3.70273
23.2371 3.70273
23.7317 3.70273
24.2262 3.70273
24.7208 3.70273
25.2153 3.70273
25.7099 3.70273
26.2044 3.70273
26.699 3.70273
27.1935 3.70273
27.688 3.70273
28.1826 3.70273
28.6771 3.70273
29.1717 3.70273
31.7752 4.52108
34.3788 4.52108
36.9823 4.52108
39.5858 4.52108
42.1894 4.52108
44.7929 4.52108
47.3965 4.52108
50.0 4.52108
0.0 1.30136
0.482144 1.30136
0.964289 1.47207
1.44643 1.64278
1.92858 1.81348
2.41072 1.98419
2.89287 2.1549
3.37501 2.32561
3.85715 2.49632
4.3393 2.66702
4.82144 2.83773
5.30359 3.00844
5.81399 3.00844
6.3244 3.0478
6.8348 3.08717
7.34521 3.12653
7.85562 3.1659
8.36602 3.20526
8.87643 3.24463
9.38683 3.28399
9.89724 3.32335
10.378 3.32335
10.8587 3.33651
11.3394 3.34966
11.8202 3.36281
12.3009 3.37596
12.7816 3.38911
13.2624 3.40226
13.7431 3.41541
14.2238 3.42856
14.7046 3.44171
15.1853 3.45487
15.7104 3.45487
16.2356 3.49828
16.7607 3.54169
17.2858 3.5851
17.811 3.62851
18.3361 3.67192
18.8613 3.71533
19.3864 3.75874
19.882 3.75874
20.3776 3.75874
20.8732 3.75874
21.3688 3.75874
21.8643 3.75874
22.3599 3.75874
22.8555 3.75874
23.3511 3.75874
23.8467 3.75874
24.3423 3.75874
24.8379 3.75874
25.3335 3.75874
25.8291 3.75874
26.3246 3.75874
26.8202 3.75874
27.3158 3.75874
27.8114 3.75874
28.307 3.75874
28.8026 3.75874
29.2982 3.75874
31.8859 4.48656
34.4736 4.48656
37.0614 4.48656
39.6491 4.48656
42.2368 4.48656
44.8245 4.48656
47.4123 4.48656
50.0 4.48656
0.0 1.24965
0.515176 1.24965
1.03035 1.51234
1.54553 1.77503
2.0607 2.03773
2.57588 2.30042
3.09105 2.56311
3.60623 2.8258
4.12357 2.8258
4.64092 2.86732
5.15826 2.90883
5.67561 2.95035
6.19295 2.99187
6.7103 3.03339
7.22764 3.07491
7.74499 3.11643
8.23339 3.11643
8.7218 3.10513
9.21021 3.09384
9.69862 3.08254
10.187 3.07125
10.6754 3.05996
11.1638 3.04866
11.6522 3.03737
12.1407 3.02607
12.6393 3.02607
13.138 3.07114
13.6367 3.1162
14.1354 3.16126
14.6341 3.20633
15.1328 3.25139
15.6314 3.29645
16.1301 3.34152
16.6288 3.38658
17.1275 3.43164
17.6262 3.47671
18.1249 3.52177
18.6236 3.56683
19.1222 3.61189
19.6209 3.65696
20.1196 3.70202
20.6183 3.74708
21.117 3.79215
21.6157 3.83721
22.1143 3.88227
22.613 3.92734
23.1117 3.9724
23.6104 4.01746
24.1091 4.06253
24.6078 4.10759
25.1065 4.15265
25.6051 4.19772
26.1038 4.24278
26.6025 4.28784
27.1012 4.33291
27.5999 4.37797
28.0986 4.42303
28.5978 4.42303
29.0971 4.42303
29.5963 4.42303
30.0956 4.42303
30.5949 4.42303
31.0941 4.42303
31.5934 4.42303
32.0926 4.42303
32.5919 4.42303
33.0912 4.42303
33.5904 4.42303
34.0897 4.42303
34.5889 4.42303
35.0882 4.42303
35.5875 4.42303
36.0867 4.42303
36.586 4.42303
37.0852 4.42303
37.5845 4.42303
38.0838 4.42303
38.583 4.42303
39.0823 4.42303
39.5815 4.42303
40.0808 4.42303
40.5801 4.42303
41.0793 4.42303
41.5786 4.42303
42.0778 4.42303
44.7186 4.62168
47.3593 4.62168
50.0 4.62168
0.0 1.32993
0.489931 1.32993
0.979863 1.50422
1.46979 1.6785
1.95973 1.85279
2.44966 2.02708
2.93959 2.20136
3.42952 2.37565
3.91945 2.54994
4.40938 2.72423
4.91163 2.72423
5.41387 2.82002
5.91612 2.91582
6.41836 3.01161
6.92061 3.10741
7.42286 3.20321
7.9251 3.299
8.42735 3.3948
8.91994 3.3948
9.41254 3.3932
9.90513 3.3916
10.3977 3.39
10.8903 3.3884
11.3829 3.38679
11.8755 3.38519
12.3681 3.38359
12.8607 3.38199
13.3533 3.38039
13.8459 3.37879
14.3385 3.37719
14.8311 3.37559
15.3237 3.37399
15.8163 3.37239
16.2991 3.37239
16.7819 3.44025
17.2647 3.50811
17.7475 3.57596
18.2303 3.64382
18.7131 3.71168
19.1959 3.77954
19.6788 3.8474
20.167 3.8474
20.6552 3.8474
21.1435 3.8474
21.6317 3.8474
22.12 3.8474
22.6082 3.8474
23.0965 3.8474
23.5847 3.8474
24.0729 3.8474
24.5612 3.8474
25.0494 3.8474
25.5377 3.8474
26.0259 3.8474
26.5142 3.8474
27.0024 3.8474
27.4906 3.8474
27.9789 3.8474
28.4671 3.8474
28.9554 3.8474
29.4436 3.8474
32.0132 4.46321
34.5827 4.46321
37.1523 4.46321
39.7218 4.46321
42.2914 4.46321
44.8609 4.46321
47.4305 4.46321
50.0 4.46321
0.0 1.32493
0.49636 1.32493
0.99272 1.51055
1.48908 1.69617
1.98544 1.88178
2.4818 2.0674
2.97816 2.25302
3.47452 2.43863
3.97088 2.62425
4.46724 2.80987
4.9636 2.99549
5.47304 2.99549
5.98248 3.04864
6.49193 3.1018
7.00137 3.15496
7.51081 3.20812
8.02025 3.26127
8.52908 3.26127
9.03791 3.27626
9.54674 3.29124
10.0556 3.30622
10.5644 3.3212
11.0732 3.33618
11.5821 3.35116
12.0909 3.36614
12.5997 3.38112
13.1086 3.3961
13.6174 3.41109
14.1262 3.42607
14.6351 3.44105
15.1439 3.45603
15.6527 3.47101
16.1879 3.47101
16.723 3.54599
17.2582 3.62097
17.7933 3.69595
18.3285 3.77093
18.8636 3.84591
19.3593 3.84591
19.855 3.84591
20.3507 3.84591
20.8464 3.84591
21.3421 3.84591
21.8378 3.84591
22.3335 3.84591
22.8292 3.84591
23.3249 3.84591
23.8206 3.84591
24.3163 3.84591
24.812 3.84591
25.3077 3.84591
25.8034 3.84591
26.2991 3.84591
26.7949 3.84591
27.2906 3.84591
27.7863 3.84591
28.282 3.84591
28.7777 3.84591
29.2734 3.84591
31.8642 4.4547
34.455 4.4547
37.0459 4.4547
39.6367 4.4547
42.2275 4.4547
44.8183 4.4547
47.4092 4.4547
50.0 4.4547
0.0 1.34981
0.47606 1.34981
0.95212 1.54093
1.42818 1.73206
1.90424 1.92318
2.3803 2.11431
2.85636 2.30543
3.33242 2.49656
3.80848 2.68768
4.29762 2.68768
4.78676 2.74269
5.2759 2.7977
5.76504 2.8527
6.25418 2.90771
6.74332 2.96271
7.23247 3.01772
7.72161 3.07273
8.21075 3.12773
8.69989 3.18274
9.18903 3.23775
9.67817 3.29275
10.1673 3.34776
10.6562 3.34776
11.1451 3.3534
11.634 3.35904
12.123 3.36468
12.6119 3.37032
13.1008 3.37597
13.5897 3.38161
14.0786 3.38725
14.5675 3.39289
15.0447 3.39289
15.5219 3.46883
15.9992 3.54476
16.4764 3.62069
16.9536 3.69662
17.4308 3.77256
17.9081 3.84849
18.4 3.84849
18.8919 3.84849
19.3839 3.84849
19.8758 3.84849
20.3678 3.84849
20.8597 3.84849
21.3516 3.84849
21.8436 3.84849
22.3355 3.84849
22.8274 3.84849
23.3194 3.84849
23.8113 3.84849
24.3032 3.84849
24.7952 3.84849
25.2871 3.84849
25.7791 3.84849
26.271 3.84849
26.7629 3.84849
27.2549 3.84849
27.7468 3.84849
28.2387 3.84849
28.7307 3.84849
29.2226 3.84849
31.8198 4.44701
34.417 4.44701
37.0141 4.44701
39.6113 4.44701
42.2085 4.44701
44.8057 4.44701
47.4028 4.44701
50.0 4.44701
0.0 1.37539
0.474064 1.37539
0.948127 1.56832
1.42219 1.76125
1.89625 1.95419
2.37032 2.14712
2.84438 2.34005
3.31845 2.53299
3.79251 2.72592
4.28142 2.72592
4.77033 2.79655
5.25924 2.86718
5.74815 2.93782
6.23706 3.00845
6.72597 3.07908
7.21487 3.14971
7.70378 3.22034
8.19269 3.29098
8.6816 3.36161
9.19098 3.36161
9.70035 3.36396
10.2097 3.36631
10.7191 3.36867
11.2285 3.37102
11.7379 3.37337
12.2472 3.37572
12.7481 3.37572
13.249 3.41436
13.7499 3.453
14.2508 3.49164
14.7516 3.53028
15.2525 3.56891
15.7534 3.60755
16.2543 3.64619
16.7552 3.68483
17.256 3.72347
17.7569 3.7621
18.2578 3.80074
18.7587 3.83938
19.2596 3.87802
19.764 3.87802
20.2684 3.87802
20.7728 3.87802
21.2772 3.87802
21.7816 3.87802
22.2861 3.87802
22.7905 3.87802
23.2949 3.87802
23.7993 3.87802
24.3037 3.87802
24.8081 3.87802
25.3125 3.87802
25.817 3.87802
26.3214 3.87802
26.8258 3.87802
27.3302 3.87802
27.8346 3.87802
28.339 3.87802
28.8435 3.87802
29.3479 3.87802
31.9294 4.49411
34.5109 4.49411
37.0924 4.49411
39.6739 4.49411
42.2555 4.49411
44.837 4.49411
47.4185 4.49411
50.0 4.49411
0.0 1.48704
0.525044 1.48704
1.05009 1.65764
1.57513 1.82824
2.10018 1.99884
2.62522 2.16944
3.15027 2.34004
3.67531 2.51064
4.20035 2.68124
4.69796 2.68124
5.19556 2.76927
5.69317 2.85731
6.19077 2.94534
6.68837 3.03337
7.18598 3.12141
7.68358 3.20944
8.18119 3.29748
8.67879 3.38551
9.15826 3.38551
9.63773 3.38021
10.1172 3.37492
10.5967 3.36962
11.0761 3.36432
11.5556 3.35903
12.0351 3.35373
12.5145 3.34843
12.994 3.34314
13.4735 3.33784
13.9529 3.33255
14.4324 3.32725
14.9395 3.32725
15.4466 3.37294
15.9537 3.41863
16.4608 3.46433
16.9679 3.51002
17.475 3.55571
17.9821 3.6014
18.4892 3.6471
18.9963 3.69279
19.5034 3.73848
20.0105 3.78417
20.5176 3.82986
21.0247 3.87556
21.5141 3.87556
22.0035 3.87556
22.4929 3.87556
22.9823 3.87556
23.4717 3.87556
23.9611 3.87556
24.4505 3.87556
24.9399 3.87556
25.4293 3.87556
25.9187 3.87556
26.4081 3.87556
26.8975 3.87556
27.3869 3.87556
27.8763 3.87556
28.3657 3.87556
28.8551 3.87556
29.3445 3.87556
31.9265 4.54497
34.5084 4.54497
37.0903 4.54497
39.6723 4.54497
42.2542 4.54497
44.8361 4.54497
47.4181 4.54497
50.0 4.54497
0.0 1.10804
0.508988 1.10804
1.01798 1.42812
1.52696 1.74819
2.03595 2.06826
2.54494 2.38833
3.05393 2.70841
3.56291 3.02848
4.1103 3.02848
4.65768 3.01666
5.20507 3.00484
5.75245 2.99303
6.29984 2.98121
6.87323 2.98121
7.44662 3.13261
7.94685 3.13261
8.44708 3.1595
8.94731 3.18638
9.44754 3.21327
9.94778 3.24015
10.448 3.26703
10.9482 3.29392
11.4485 3.3208
11.9487 3.34769
12.4293 3.34769
12.91 3.34769
13.3906 3.34769
13.8712 3.34769
14.3519 3.34769
14.8325 3.34769
15.3131 3.34769
15.7938 3.34769
16.2744 3.34769
16.755 3.34769
19.3123 4.45221
21.8697 4.45221
24.427 4.45221
26.9843 4.45221
29.5416 4.45221
32.0989 4.45221
34.6562 4.45221
37.2135 4.45221
39.7708 4.45221
42.3281 4.45221
44.8854 4.45221
47.4427 4.45221
50.0 4.45221
0.0 1.12786
0.487959 1.12786
0.975919 1.44264
1.46388 1.75741
1.95184 2.07218
2.4398 2.38695
2.92776 2.70172
3.41571 3.01649
3.89679 3.01649
4.37786 3.00018
4.85894 2.98386
5.34001 2.96754
5.79402 2.96754
6.24803 3.0294
6.70205 3.09125
7.21677 3.09125
7.73149 3.11612
8.24621 3.14098
8.76093 3.16585
9.27565 3.19072
9.79037 3.21558
10.3051 3.24045
10.8198 3.26531
11.3345 3.29018
11.8493 3.31505
12.3708 3.31505
12.8924 3.31505
13.414 3.31505
13.9355 3.31505
14.4571 3.31505
14.9787 3.31505
15.5003 3.31505
16.0218 3.31505
16.5434 3.31505
19.117 4.47878
21.6906 4.47878
24.2642 4.47878
26.8377 4.47878
29.4113 4.47878
31.9849 4.47878
34.5585 4.47878
37.1321 4.47878
39.7057 4.47878
42.2792 4.47878
44.8528 4.47878
47.4264 4.47878
50.0 4.47878
0.0 1.44534
0.517506 1.44534
1.03501 1.64647
1.55252 1.8476
2.07002 2.04873
2.58753 2.24985
3.10504 2.45098
3.62254 2.65211
4.13714 2.65211
4.65174 2.73165
5.16634 2.81119
5.68094 2.89072
6.19553 2.97026
6.71013 3.0498
7.22473 3.12934
7.73933 3.20888
8.25393 3.28841
8.76853 3.36795
9.28313 3.44749
9.76719 3.44749
10.2513 3.43633
10.7353 3.42518
11.2194 3.41402
11.7034 3.40286
12.1875 3.3917
12.6716 3.38055
13.1798 3.38055
13.688 3.41454
14.1963 3.44854
14.7045 3.48254
15.2127 3.51654
15.721 3.55053
16.2292 3.58453
16.7374 3.61853
17.2457 3.65253
17.7539 3.68652
18.2621 3.72052
18.7704 3.75452
19.2786 3.78851
19.7868 3.82251
20.2951 3.85651
20.8033 3.89051
21.3107 3.89051
21.8181 3.89051
22.3255 3.89051
22.8329 3.89051
23.3403 3.89051
23.8477 3.89051
24.355 3.89051
24.8624 3.89051
25.3698 3.89051
25.8772 3.89051
26.3846 3.89051
26.892 3.89051
27.3994 3.89051
27.9068 3.89051
28.4142 3.89051
28.9216 3.89051
29.429 3.89051
32.0004 4.50048
34.5717 4.50048
37.1431 4.50048
39.7145 4.50048
42.2859 4.50048
44.8572 4.50048
47.4286 4.50048
50.0 4.50048
0.0 1.39373
0.529252 1.39373
1.0585 1.68064
1.58776 1.96754
2.11701 2.25445
2.64626 2.54136
3.17551 2.82827
3.67225 2.82827
4.16899 2.83166
4.66573 2.83505
5.16247 2.83844
5.65921 2.84183
6.25052 2.84183
6.84183 3.07163
7.3229 3.07163
7.80396 3.10253
8.28502 3.13344
8.76608 3.16434
9.24715 3.19524
9.72821 3.22614
10.2093 3.25704
10.6903 3.28794
11.1714 3.31884
11.6525 3.34974
12.1335 3.38064
12.6146 3.41154
13.1068 3.41154
13.599 3.41154
14.0912 3.41154
14.5835 3.41154
15.0757 3.41154
15.5679 3.41154
16.0601 3.41154
16.5523 3.41154
17.0445 3.41154
17.5368 3.41154
20.0339 4.62866
22.5311 4.62866
25.0283 4.62866
27.5255 4.62866
30.0226 4.62866
32.5198 4.62866
35.017 4.62866
37.5141 4.62866
40.0113 4.62866
42.5085 4.62866
45.0057 4.62866
47.5028 4.62866
50.0 4.62866
0.0 1.71367
0.502561 1.71367
1.00512 1.82715
1.50768 1.94062
2.01024 2.05409
2.5128 2.16756
3.01536 2.28103
3.51792 2.39451
4.02049 2.50798
4.52305 2.62145
5.02561 2.73492
5.52817 2.84839
6.03073 2.96186
6.53329 3.07534
7.03585 3.18881
7.52696 3.18881
8.01807 3.21517
8.50919 3.24153
9.0003 3.26789
9.49141 3.29425
9.98252 3.32061
10.4736 3.34697
10.9647 3.37332
11.4559 3.39968
11.947 3.42604
12.4381 3.4524
12.9292 3.47876
13.4203 3.50512
13.9114 3.53148
14.4025 3.55784
14.8936 3.5842
15.3848 3.61056
15.8914 3.61056
16.3981 3.67084
16.9048 3.73113
17.4114 3.79141
17.9181 3.85169
18.4248 3.91198
18.9315 3.97226
19.4381 4.03254
19.9448 4.09283
20.4515 4.15311
20.9581 4.21339
21.4648 4.27368
21.9715 4.33396
22.4781 4.39424
22.9848 4.45453
23.4915 4.51481
24.0136 4.51481
24.5357 4.47686
25.0578 4.43891
25.5799 4.40095
26.0747 4.40095
26.5695 4.40095
27.0642 4.40095
27.559 4.40095
28.0538 4.40095
28.5486 4.40095
29.0433 4.40095
29.5381 4.40095
30.0329 4.40095
30.5277 4.40095
31.0225 4.40095
31.5172 4.40095
32.012 4.40095
32.5068 4.40095
33.0016 4.40095
33.4963 4.40095
33.9911 4.40095
34.4859 4.40095
34.9807 4.40095
35.4755 4.40095
35.9702 4.40095
36.465 4.40095
36.9598 4.40095
37.4546 4.40095
37.9493 4.40095
38.4441 4.40095
38.9389 4.40095
39.4337 4.40095
39.9285 4.40095
40.4232 4.40095
40.918 4.40095
41.4128 4.40095
41.9076 4.40095
42.4023 4.40095
44.9349 4.68654
47.4674 4.68654
50.0 4.68654
0.0 1.12358
0.474659 1.12358
0.949319 1.36816
1.42398 1.61275
1.89864 1.85733
2.3733 2.10192
2.84796 2.34651
3.32262 2.59109
3.79728 2.83568
4.27964 2.83568
4.76201 2.85216
5.24437 2.86864
5.72674 2.88513
6.2091 2.90161
6.69147 2.91809
7.17383 2.93457
7.6562 2.95105
8.13856 2.96753
8.62093 2.98401
9.10329 3.0005
9.58566 3.01698
10.0877 3.01698
10.5898 3.05043
11.0919 3.08387
11.594 3.11732
12.0961 3.15077
12.5982 3.18422
13.1003 3.21767
13.6024 3.25111
14.1045 3.28456
14.6066 3.31801
15.1086 3.35146
15.6107 3.38491
16.1128 3.41836
16.6189 3.41836
17.1249 3.44889
17.631 3.47942
18.137 3.50995
18.6431 3.54048
19.1491 3.57101
19.6552 3.60154
20.1612 3.63207
20.6673 3.6626
21.1733 3.69313
21.6793 3.72366
22.1854 3.75419
22.6914 3.78472
23.1975 3.81525
23.7035 3.84578
24.2096 3.87631
24.7156 3.90684
25.2217 3.93737
25.7277 3.9679
26.2338 3.99843
26.8436 3.99843
27.4535 3.99843
29.9587 4.56278
32.4638 4.56278
34.969 4.56278
37.4742 4.56278
39.9793 4.56278
42.4845 4.56278
44.9897 4.56278
47.4948 4.56278
50.0 4.56278
0.0 1.49084
0.506015 1.49084
1.01203 1.63042
1.51805 1.77
2.02406 1.90959
2.53008 2.04917
3.03609 2.18875
3.54211 2.32834
4.04812 2.46792
4.55414 2.6075
5.06015 2.74709
5.56617 2.88667
6.07218 3.02625
6.56127 3.02625
7.05035 3.05948
7.53943 3.0927
8.02851 3.12593
8.5176 3.15915
9.00668 3.19237
9.49576 3.2256
9.98485 3.25882
10.4739 3.29205
10.963 3.32527
11.4521 3.35849
11.9713 3.35849
12.4905 3.38012
13.0098 3.40175
13.529 3.42338
14.0482 3.44501
14.5675 3.46664
15.0867 3.48827
15.6059 3.5099
16.1251 3.53153
16.6182 3.53153
17.1113 3.54545
17.6044 3.55936
18.0975 3.57328
18.5906 3.5872
19.0837 3.60112
19.5768 3.61503
20.0699 3.62895
20.563 3.64287
21.0561 3.65678
21.5493 3.6707
22.0424 3.68462
22.5355 3.69854
23.0286 3.71245
23.5217 3.72637
24.0148 3.74029
24.5079 3.75421
25.0015 3.75421
25.4951 3.75421
25.9888 3.75421
26.4824 3.75421
26.9761 3.75421
27.4697 3.75421
27.9634 3.75421
28.457 3.75421
28.9507 3.75421
31.5818 4.54822
34.213 4.54822
36.8442 4.54822
39.4753 4.54822
42.1065 4.54822
44.7377 4.54822
47.3688 4.54822
50.0 4.54822
0.0 1.14365
0.541387 1.14365
1.08277 1.51878
1.62416 1.89391
2.16555 2.26904
2.70693 2.64418
3.24832 3.01931
3.80735 3.01931
4.36638 2.98861
4.92541 2.95792
5.48445 2.92722
5.95831 2.92722
6.43218 2.98729
6.90605 3.04736
7.37992 3.10743
7.89198 3.10743
8.40405 3.12244
8.91612 3.13746
9.42818 3.15247
9.94025 3.16749
10.4523 3.1825
10.9644 3.19752
11.4765 3.21253
11.9885 3.22755
12.5006 3.24256
12.9956 3.24256
13.4905 3.24256
13.9855 3.24256
14.4805 3.24256
14.9754 3.24256
15.4704 3.24256
15.9654 3.24256
16.4603 3.24256
19.0403 4.48403
21.6203 4.48403
24.2003 4.48403
26.7802 4.48403
29.3602 4.48403
31.9402 4.48403
34.5202 4.48403
37.1001 4.48403
39.6801 4.48403
42.2601 4.48403
44.8401 4.48403
47.42 4.48403
50.0 4.48403
0.0 1.21713
0.531761 1.21713
1.06352 1.50669
1.59528 1.79625
2.12704 2.0858
2.6588 2.37536
3.19056 2.66492
3.72232 2.95448
4.20563 2.95448
4.68894 2.99522
5.17225 3.03596
5.65556 3.0767
6.13887 3.11744
6.62218 3.15818
7.13828 3.15818
7.65438 3.14155
8.17048 3.12493
8.68657 3.1083
9.20267 3.09168
9.71877 3.07505
10.2349 3.05843
10.751 3.04181
11.2671 3.02518
11.7832 3.00856
12.2993 2.99193
12.7987 2.99193
13.2982 3.0406
13.7976 3.08927
14.2971 3.13794
14.7965 3.18661
15.296 3.23528
15.7954 3.28394
16.2949 3.33261
16.7943 3.38128
17.2938 3.42995
17.7932 3.47862
18.2927 3.52729
18.7921 3.57596
19.2915 3.62462
19.791 3.67329
20.2904 3.72196
20.7899 3.77063
21.2893 3.8193
21.7888 3.86797
22.2882 3.91664
22.7877 3.9653
23.2871 4.01397
23.7866 4.06264
24.286 4.11131
24.7855 4.15998
25.2849 4.20865
25.7844 4.25732
26.2838 4.30598
26.7833 4.35465
27.2827 4.40332
27.7822 4.45199
28.2816 4.50066
28.7811 4.54933
29.2805 4.598
29.7814 4.598
30.2822 4.598
30.7831 4.598
31.2839 4.598
31.7848 4.598
32.2856 4.598
32.7864 4.598
33.2873 4.598
33.7881 4.598
34.289 4.598
34.7898 4.598
35.2907 4.598
35.7915 4.598
36.2923 4.598
36.7932 4.598
37.294 4.598
37.7949 4.598
38.2957 4.598
38.7966 4.598
39.2974 4.598
39.7983 4.598
40.2991 4.598
40.7999 4.598
41.3008 4.598
41.8016 4.598
44.5344 4.66277
47.2672 4.66277
50.0 4.66277
0.0 1.14165
0.519178 1.14165
1.03836 1.50902
1.55754 1.87638
2.07671 2.24375
2.59589 2.61111
3.11507 2.97848
3.58599 2.97848
4.05691 2.9365
4.52783 2.89452
4.99875 2.85254
5.46967 2.81056
6.00156 2.81056
6.53344 2.87576
7.06532 2.94096
7.5972 3.00616
8.12909 3.07136
8.66097 3.13656
9.19285 3.20176
9.6893 3.20176
10.1857 3.2191
10.6822 3.23644
11.1786 3.25378
11.6751 3.27112
12.1715 3.28846
12.668 3.3058
13.1868 3.3058
13.7056 3.3058
14.2244 3.3058
14.7432 3.3058
15.262 3.3058
15.7808 3.3058
16.2996 3.3058
18.892 4.45718
21.4843 4.45718
24.0766 4.45718
26.669 4.45718
29.2613 4.45718
31.8537 4.45718
34.446 4.45718
37.0383 4.45718
39.6307 4.45718
42.223 4.45718
44.8153 4.45718
47.4077 4.45718
50.0 4.45718
0.0 1.31408
0.50306 1.31408
1.00612 1.56876
1.50918 1.82343
2.01224 2.07811
2.5153 2.33279
3.01836 2.58746
3.52142 2.84214
4.03887 2.84214
4.55633 2.81948
5.07378 2.79682
5.59124 2.77415
6.10869 2.75149
6.48295 2.75149
6.85721 3.03138
7.36005 3.03138
7.86289 3.04991
8.36573 3.06843
8.86857 3.08696
9.37141 3.10549
9.87425 3.12401
10.3771 3.14254
10.8799 3.16107
11.3828 3.17959
11.8856 3.19812
12.3885 3.21665
12.8913 3.23517
13.3941 3.2537
13.9197 3.2537
14.4452 3.2537
14.9707 3.2537
15.4962 3.2537
16.0217 3.2537
16.5473 3.2537
17.0728 3.2537
17.5983 3.2537
20.0907 4.6023
22.5832 4.6023
25.0756 4.6023
27.5681 4.6023
30.0605 4.6023
32.5529 4.6023
35.0454 4.6023
37.5378 4.6023
40.0302 4.6023
42.5227 4.6023
45.0151 4.6023
47.5076 4.6023
50.0 4.6023
0.0 1.28728
0.472776 1.28728
0.945552 1.49752
1.41833 1.70776
1.8911 1.918
2.36388 2.12824
2.83666 2.33848
3.30943 2.54872
3.78221 2.75896
4.25499 2.96919
4.73962 2.96919
5.22426 2.98794
5.7089 3.00669
6.19354 3.02543
6.67817 3.04418
7.16281 3.06292
7.64745 3.08167
8.13209 3.10042
8.61672 3.11916
9.10136 3.13791
9.586 3.15665
10.0809 3.15665
10.5757 3.14939
11.0706 3.14212
11.5655 3.13485
12.0604 3.12759
12.5552 3.12032
13.0501 3.11305
13.545 3.10578
14.0398 3.09852
14.5347 3.09125
15.0352 3.09125
15.5356 3.13978
16.0361 3.18831
16.5365 3.23684
17.037 3.28537
17.5374 3.3339
18.0379 3.38243
18.5383 3.43096
19.0388 3.47949
19.5392 3.52802
20.0397 3.57655
20.5402 3.62507
21.0406 3.6736
21.5411 3.72213
22.0415 3.77066
22.542 3.81919
23.0424 3.86772
23.5429 3.91625
24.0433 3.96478
24.5438 4.01331
25.0442 4.06184
25.5447 4.11037
26.0452 4.1589
26.5456 4.20743
27.0461 4.25596
27.5465 4.30449
28.047 4.35302
28.5474 4.40155
29.0479 4.45008
29.5483 4.49861
30.0488 4.54714
30.5497 4.54714
31.0506 4.54714
31.5515 4.54714
32.0524 4.54714
32.5533 4.54714
33.0542 4.54714
33.5551 4.54714
34.056 4.54714
34.5569 4.54714
35.0578 4.54714
35.5587 4.54714
36.0596 4.54714
36.5605 4.54714
37.0614 4.54714
37.5623 4.54714
38.0632 4.54714
38.5641 4.54714
39.065 4.54714
39.5659 4.54714
40.0669 4.54714
40.5678 4.54714
41.0687 4.54714
41.5696 4.54714
42.0705 4.54714
44.7136 4.62504
47.3568 4.62504
50.0 4.62504
0.0 1.11057
0.466262 1.11057
0.932524 1.42466
1.39879 1.73874
1.86505 2.05282
2.33131 2.36691
2.79757 2.68099
3.26383 2.99508
3.73309 2.99508
4.20235 2.95402
4.67161 2.91297
5.14087 2.87192
5.61013 2.83087
6.10086 2.83087
6.59158 2.9292
7.08231 3.02753
7.57303 3.12587
8.06376 3.2242
8.53881 3.2242
9.01386 3.22061
9.48892 3.21702
9.96397 3.21342
10.439 3.20983
10.9141 3.20623
11.3891 3.20264
11.8703 3.20264
12.3515 3.20264
12.8327 3.20264
13.3138 3.20264
13.795 3.20264
14.2762 3.20264
14.7574 3.20264
15.2385 3.20264
15.7197 3.20264
16.2009 3.20264
18.6151 4.43177
21.0293 4.43177
23.4436 4.43177
25.8578 4.43177
28.272 4.43177
30.6862 4.43177
33.1004 4.43177
35.5147 4.43177
37.9289 4.43177
40.3431 4.43177
42.7573 4.43177
45.1716 4.43177
47.5858 4.43177
50.0 4.43177
0.0 1.72064
0.491115 1.72064
0.98223 1.84324
1.47334 1.96584
1.96446 2.08843
2.45557 2.21103
2.94669 2.33363
3.4378 2.45623
3.92892 2.57882
4.42003 2.70142
4.91115 2.82402
5.40226 2.94662
5.89338 3.06921
6.38449 3.19181
6.86914 3.19181
7.35379 3.22132
7.83843 3.25084
8.32308 3.28035
8.80773 3.30987
9.29238 3.33938
9.77703 3.36889
10.2617 3.39841
10.7463 3.42792
11.231 3.45744
11.7156 3.48695
12.2003 3.51647
12.6849 3.54598
13.1696 3.57549
13.6542 3.60501
14.1389 3.63452
14.6353 3.63452
15.1318 3.6655
15.6283 3.69648
16.1248 3.72746
16.6213 3.75843
17.1178 3.78941
17.6143 3.82039
18.1108 3.85137
18.6072 3.88234
19.1037 3.91332
19.6002 3.9443
20.0967 3.97528
20.5932 4.00626
21.0897 4.03723
21.5862 4.06821
22.0827 4.09919
22.5791 4.13017
23.0756 4.16115
23.5721 4.19212
24.0686 4.2231
24.5651 4.25408
25.0616 4.28506
25.5581 4.31604
26.0546 4.34701
26.551 4.37799
27.0586 4.37799
27.5662 4.37504
28.0738 4.3721
28.5813 4.36915
29.0889 4.3662
29.5965 4.36325
30.104 4.3603
30.6116 4.35736
31.1192 4.35441
31.6267 4.35146
32.1343 4.34851
32.636 4.34851
33.1376 4.34851
33.6392 4.34851
34.1409 4.34851
34.6425 4.34851
35.1441 4.34851
35.6458 4.34851
36.1474 4.34851
36.6491 4.34851
37.1507 4.34851
37.6523 4.34851
38.154 4.34851
38.6556 4.34851
39.1573 4.34851
39.6589 4.34851
40.1605 4.34851
40.6622 4.34851
41.1638 4.34851
41.6655 4.34851
42.1671 4.34851
44.7781 4.76635
47.389 4.76635
50.0 4.76635
0.0 1.4483
0.50211 1.4483
1.00422 1.59454
1.50633 1.74078
2.00844 1.88702
2.51055 2.03326
3.01266 2.1795
3.51477 2.32574
4.01688 2.47198
4.51899 2.61823
5.0211 2.76447
5.52321 2.91071
6.01125 2.91071
6.49929 2.93684
6.98734 2.96297
7.47538 2.9891
7.96342 3.01523
8.45146 3.04136
8.93951 3.06749
9.42755 3.09362
9.91559 3.11975
10.4036 3.14588
10.8917 3.17201
11.3797 3.19814
11.8678 3.22427
12.3558 3.2504
12.8438 3.27653
13.3319 3.30266
13.8199 3.32879
14.3068 3.32879
14.7937 3.36652
15.2805 3.40425
15.7674 3.44199
16.2543 3.47972
16.7411 3.51745
17.2303 3.51745
17.7195 3.53868
18.2087 3.55992
18.6978 3.58115
19.187 3.60238
19.6762 3.62361
20.1654 3.64484
20.6545 3.66607
21.1437 3.68731
21.6329 3.70854
22.1221 3.72977
22.6113 3.751
23.126 3.751
23.6408 3.751
24.1556 3.751
24.6704 3.751
25.1852 3.751
25.7 3.751
26.2148 3.751
26.7296 3.751
27.2443 3.751
27.7591 3.751
28.2739 3.751
28.7887 3.751
31.4401 4.55981
34.0915 4.55981
36.7429 4.55981
39.3944 4.55981
42.0458 4.55981
44.6972 4.55981
47.3486 4.55981
50.0 4.55981
0.0 1.18836
0.530496 1.18836
1.06099 1.5495
1.59149 1.91064
2.12198 2.27179
2.65248 2.63293
3.18298 2.99407
3.66372 2.99407
4.14447 2.97632
4.62522 2.95857
5.10597 2.94082
5.58672 2.92307
6.06747 2.90532
6.54822 2.88758
7.05 2.88758
7.55178 2.94299
8.05357 2.99839
8.55535 3.0538
9.05714 3.10921
9.55892 3.16462
10.0607 3.22003
10.5806 3.22003
11.1005 3.21388
11.6203 3.20772
12.1402 3.20156
12.6601 3.19541
13.18 3.18925
13.6999 3.18309
14.23 3.18309
14.7602 3.18309
15.2904 3.18309
15.8205 3.18309
16.3507 3.18309
18.9391 4.47322
21.5275 4.47322
24.1159 4.47322
26.7043 4.47322
29.2927 4.47322
31.8812 4.47322
34.4696 4.47322
37.058 4.47322
39.6464 4.47322
42.2348 4.47322
44.8232 4.47322
47.4116 4.47322
50.0 4.47322
0.0 1.2894
0.524748 1.2894
1.0495 1.50365
1.57424 1.71789
2.09899 1.93213
2.62374 2.14638
3.14849 2.36062
3.67324 2.57486
4.19799 2.7891
4.72273 3.00335
5.23169 3.00335
5.74065 3.02006
6.24961 3.03678
6.75857 3.05349
7.26753 3.07021
7.77649 3.08692
8.28545 3.10363
8.7944 3.12035
9.30336 3.13706
9.82026 3.13706
10.3371 3.13314
10.854 3.12922
11.3709 3.12529
11.8878 3.12137
12.4047 3.11745
12.9216 3.11352
13.4385 3.1096
13.9426 3.1096
14.4467 3.1497
14.9508 3.1898
15.4549 3.2299
15.959 3.27
16.4631 3.3101
16.9672 3.3502
17.4713 3.3903
17.9754 3.4304
18.4795 3.47049
18.9836 3.51059
19.4877 3.55069
19.9918 3.59079
20.4959 3.63089
21.0 3.67099
21.5041 3.71109
22.0082 3.75119
22.5123 3.79129
23.0164 3.83139
23.5205 3.87149
24.0246 3.91159
24.5287 3.95169
25.0328 3.99179
25.5369 4.03189
26.041 4.07199
26.5451 4.11209
27.0492 4.15219
27.5533 4.19229
28.0574 4.23239
28.5615 4.27249
29.0656 4.31258
29.5697 4.35268
30.0738 4.39278
30.5779 4.43288
31.082 4.47298
31.5861 4.51308
32.0902 4.55318
32.5943 4.59328
33.0947 4.59328
33.5951 4.59328
34.0955 4.59328
34.5959 4.59328
35.0963 4.59328
35.5967 4.59328
36.097 4.59328
36.5974 4.59328
37.0978 4.59328
37.5982 4.59328
38.0986 4.59328
38.599 4.59328
39.0994 4.59328
39.5998 4.59328
40.1002 4.59328
40.6005 4.59328
41.1009 4.59328
41.6013 4.59328
42.1017 4.59328
44.7345 4.73723
47.3672 4.73723
50.0 4.73723
0.0 1.45442
0.512486 1.45442
1.02497 1.63095
1.53746 1.80747
2.04994 1.984
2.56243 2.16053
3.07491 2.33705
3.5874 2.51358
4.09989 2.69011
4.61237 2.86663
5.13139 2.86663
5.6504 2.90656
6.16942 2.94649
6.68844 2.98641
7.20745 3.02634
7.72647 3.06626
8.24548 3.10619
8.7645 3.14612
9.28352 3.18604
9.80253 3.22597
10.3215 3.26589
10.8406 3.30582
11.3692 3.30582
11.8977 3.33869
12.4263 3.37157
12.9549 3.40444
13.4835 3.43732
14.0121 3.47019
14.5407 3.50307
15.0693 3.53594
15.5587 3.53594
16.0482 3.54981
16.5376 3.56368
17.0271 3.57755
17.5165 3.59141
18.006 3.60528
18.4954 3.61915
18.9849 3.63302
19.4743 3.64688
19.9638 3.66075
20.4532 3.67462
20.9427 3.68849
21.4321 3.70235
21.9216 3.71622
22.411 3.73009
22.9005 3.74396
23.3899 3.75782
23.8794 3.77169
24.3688 3.78556
24.8616 3.78556
25.3544 3.78556
25.8471 3.78556
26.3399 3.78556
26.8327 3.78556
27.3254 3.78556
27.8182 3.78556
28.311 3.78556
28.8037 3.78556
31.4533 4.55761
34.1028 4.55761
36.7523 4.55761
39.4019 4.55761
42.0514 4.55761
44.7009 4.55761
47.3505 4.55761
50.0 4.55761
0.0 1.19813
0.538669 1.19813
1.07734 1.56347
1.61601 1.92881
2.15468 2.29415
2.69335 2.65949
3.23202 3.02483
3.73691 3.02483
4.2418 3.00892
4.7467 2.99301
5.25159 2.9771
5.75649 2.9612
6.26138 2.94529
6.76628 2.92938
7.22797 2.92938
7.68966 2.99376
8.15135 3.05813
8.61305 3.12251
9.07474 3.18689
9.53643 3.25127
10.0273 3.25127
10.5183 3.2503
11.0092 3.24934
11.5001 3.24837
11.991 3.24741
12.4819 3.24644
12.9728 3.24548
13.4637 3.24451
13.9546 3.24355
14.4287 3.24355
14.9027 3.24355
15.3767 3.24355
15.8508 3.24355
16.3248 3.24355
18.9152 4.47985
21.5056 4.47985
24.096 4.47985
26.6864 4.47985
29.2768 4.47985
31.8672 4.47985
34.4576 4.47985
37.048 4.47985
39.6384 4.47985
42.2288 4.47985
44.8192 4.47985
47.4096 4.47985
50.0 4.47985
0.0 1.25046
0.490843 1.25046
0.981685 1.48197
1.47253 1.71347
1.96337 1.94497
2.45421 2.17648
2.94506 2.40798
3.4359 2.63949
3.92674 2.87099
4.43976 2.87099
4.95277 2.8878
5.46579 2.90461
5.9788 2.92142
6.49182 2.93823
7.00483 2.95503
7.51784 2.97184
8.03086 2.98865
8.54387 3.00546
9.05689 3.02227
9.5699 3.03907
10.0829 3.05588
10.5573 3.05588
11.0317 3.10408
11.5061 3.15227
11.9805 3.20047
12.4549 3.24867
12.9293 3.29686
13.4036 3.34506
13.878 3.39325
14.3524 3.44145
14.8634 3.44145
15.3744 3.47224
15.8853 3.50302
16.3963 3.53381
16.9073 3.5646
17.4182 3.59538
17.9292 3.62617
18.4402 3.65696
18.9511 3.68775
19.4621 3.71853
19.9731 3.74932
20.484 3.78011
20.995 3.8109
21.506 3.84168
22.0169 3.87247
22.5279 3.90326
23.0389 3.93404
23.5499 3.96483
24.0608 3.99562
24.5659 3.99562
25.0709 3.99562
25.576 3.99562
26.081 3.99562
26.5861 3.99562
27.0911 3.99562
27.5962 3.99562
30.0855 4.63856
32.5748 4.63856
35.0641 4.63856
37.5534 4.63856
40.0427 4.63856
42.5321 4.63856
45.0214 4.63856
47.5107 4.63856
50.0 4.63856
0.0 1.51559
0.505702 1.51559
1.0114 1.65304
1.5171 1.7905
2.02281 1.92795
2.52851 2.0654
3.03421 2.20285
3.53991 2.3403
4.04561 2.47775
4.55131 2.6152
5.05702 2.75265
5.56272 2.89011
6.04078 2.89011
6.51885 2.95542
6.99691 3.02073
7.47498 3.08604
7.95305 3.15135
8.43111 3.21666
8.90918 3.28197
9.42134 3.28197
9.9335 3.28921
10.4457 3.29644
10.9578 3.30368
11.47 3.31091
11.9821 3.31815
12.4943 3.32538
13.0065 3.33262
13.5186 3.33985
14.0308 3.34709
14.5314 3.34709
15.0321 3.36441
15.5328 3.38174
16.0334 3.39906
16.5341 3.41638
17.0347 3.43371
17.5354 3.45103
18.036 3.46835
18.5367 3.48568
19.0373 3.503
19.538 3.52032
20.0386 3.53765
20.5393 3.55497
21.0399 3.57229
21.5406 3.58962
22.0413 3.60694
22.5419 3.62426
23.0426 3.64159
23.5432 3.65891
24.0439 3.67623
24.5445 3.69356
25.0452 3.71088
25.5458 3.7282
26.0465 3.74553
26.5471 3.76285
27.0478 3.78018
27.5484 3.7975
27.9928 3.7975
28.4371 3.7975
28.8814 3.7975
31.5212 4.60314
34.161 4.60314
36.8009 4.60314
39.4407 4.60314
42.0805 4.60314
44.7203 4.60314
47.3602 4.60314
50.0 4.60314
0.0 1.58819
0.492383 1.58819
0.984766 1.74144
1.47715 1.89468
1.96953 2.04793
2.46191 2.20118
2.9543 2.35443
3.44668 2.50767
3.93906 2.66092
4.43145 2.81417
4.92383 2.96741
5.42231 2.96741
5.92079 3.03071
6.41927 3.09401
6.91775 3.15732
7.41623 3.22062
7.91472 3.28392
8.41187 3.28392
8.90903 3.28902
9.40619 3.29413
9.90334 3.29923
10.4005 3.30434
10.8977 3.30944
11.3948 3.31455
11.892 3.31965
12.3891 3.32476
12.8863 3.32986
13.3834 3.33497
13.8931 3.33497
14.4028 3.36016
14.9125 3.38535
15.4222 3.41055
15.9319 3.43574
16.4415 3.46093
16.9512 3.48612
17.4609 3.51132
17.9706 3.53651
18.4803 3.5617
18.99 3.58689
19.4996 3.61209
20.0093 3.63728
20.519 3.66247
21.0287 3.68766
21.5384 3.71286
22.0481 3.73805
22.5577 3.76324
23.0674 3.78843
23.5771 3.81363
24.0868 3.83882
24.5691 3.83882
25.0513 3.83882
25.5336 3.83882
26.0159 3.83882
26.4981 3.83882
26.9804 3.83882
27.4627 3.83882
27.9449 3.83882
28.4272 3.83882
28.9095 3.83882
31.5458 4.5757
34.1821 4.5757
36.8184 4.5757
39.4547 4.5757
42.0911 4.5757
44.7274 4.5757
47.3637 4.5757
50.0 4.5757
0.0 1.59913
0.530556 1.59913
1.06111 1.80159
1.59167 2.00405
2.12222 2.20652
2.65278 2.40898
3.18334 2.61144
3.71389 2.8139
4.22988 2.8139
4.74587 2.87672
5.26187 2.93954
5.77786 3.00236
6.29385 3.06518
6.80984 3.128
7.32583 3.19082
7.84182 3.25364
8.35781 3.31646
8.8738 3.37928
9.38979 3.4421
9.90579 3.50491
10.4218 3.56773
10.9304 3.56773
11.4391 3.54904
11.9477 3.53034
12.4564 3.51164
12.9651 3.49295
13.4737 3.47425
14.0736 3.47425
14.6734 3.43248
15.1879 3.43248
15.7024 3.43248
16.2169 3.43248
16.7314 3.43248
17.2459 3.43248
17.7604 3.43248
18.2749 3.43248
18.7894 3.43248
19.3039 3.43248
19.8184 3.43248
20.3329 3.43248
20.8474 3.43248
23.2768 4.81917
25.7061 4.81917
28.1355 4.81917
30.5649 4.81917
32.9943 4.81917
35.4237 4.81917
37.8531 4.81917
40.2825 4.81917
42.7118 4.81917
45.1412 4.81917
47.5706 4.81917
50.0 4.81917
0.0 1.25125
0.475443 1.25125
0.950886 1.45654
1.42633 1.66183
1.90177 1.86711
2.37722 2.0724
2.85266 2.27769
3.3281 2.48298
3.80354 2.68827
4.27899 2.89356
4.7798 2.89356
5.28062 2.91514
5.78144 2.93671
6.28225 2.95829
6.78307 2.97987
7.28389 3.00145
7.7847 3.02303
8.28552 3.0446
8.78634 3.06618
9.28715 3.08776
9.78797 3.10934
10.2864 3.10934
10.7849 3.14787
11.2834 3.1864
11.7819 3.22492
12.2803 3.26345
12.7788 3.30198
13.2773 3.34051
13.7758 3.37904
14.2742 3.41757
14.7754 3.41757
15.2765 3.44042
15.7777 3.46328
16.2789 3.48613
16.78 3.50899
17.2812 3.53184
17.7823 3.55469
18.2835 3.57755
18.7847 3.6004
19.2858 3.62326
19.787 3.64611
20.2881 3.66897
20.7893 3.69182
21.2905 3.71467
21.7916 3.73753
22.2928 3.76038
22.7939 3.78324
23.2951 3.80609
23.7962 3.82895
24.2974 3.8518
24.7986 3.87465
25.2997 3.89751
25.8009 3.92036
26.302 3.94322
26.8032 3.96607
27.3044 3.98893
27.6615 3.98893
30.1436 4.6363
32.6256 4.6363
35.1077 4.6363
37.5897 4.6363
40.0718 4.6363
42.5538 4.6363
45.0359 4.6363
47.5179 4.6363
50.0 4.6363
0.0 1.15964
0.530665 1.15964
1.06133 1.52074
1.592 1.88184
2.12266 2.24294
2.65333 2.60404
3.18399 2.96514
3.71376 2.96514
4.24352 2.92042
4.77329 2.8757
5.24106 2.8757
5.70884 2.94077
6.17661 3.00585
6.64439 3.07093
7.11216 3.13601
7.57994 3.20109
8.04771 3.26617
8.5548 3.26617
9.06188 3.26941
9.56897 3.27265
10.0761 3.27589
10.5831 3.27913
11.0902 3.28237
11.5973 3.2856
12.1044 3.28884
12.6115 3.29208
13.1186 3.29532
13.6256 3.29856
14.0887 3.29856
14.5518 3.29856
15.0149 3.29856
15.4779 3.29856
15.941 3.29856
16.4041 3.29856
18.9884 4.50599
21.5727 4.50599
24.157 4.50599
26.7413 4.50599
29.3256 4.50599
31.9099 4.50599
34.4942 4.50599
37.0785 4.50599
39.6628 4.50599
42.2471 4.50599
44.8314 4.50599
47.4157 4.50599
50.0 4.50599
0.0 1.5471
0.486744 1.5471
0.973487 1.67735
1.46023 1.8076
1.94697 1.93785
2.43372 2.0681
2.92046 2.19835
3.40721 2.3286
3.89395 2.45885
4.38069 2.5891
4.86744 2.71935
5.35418 2.8496
5.84092 2.97985
6.34094 2.97985
6.84096 3.01031
7.34098 3.04077
7.841 3.07122
8.34101 3.10168
8.84103 3.13214
9.34105 3.1626
9.84107 3.19306
10.3411 3.22352
10.8411 3.25398
11.3354 3.25398
11.8296 3.26694
12.3239 3.27989
12.8181 3.29285
13.3124 3.30581
13.8067 3.31876
14.3009 3.33172
14.7952 3.34468
15.2895 3.35763
15.7837 3.37059
16.2663 3.37059
16.7488 3.40335
17.2313 3.4361
17.7139 3.46886
18.1964 3.50162
18.679 3.53437
19.1615 3.56713
19.6441 3.59989
20.1266 3.63264
20.6091 3.6654
21.0917 3.69816
21.5742 3.73092
22.0792 3.73092
22.5842 3.73092
23.0892 3.73092
23.5942 3.73092
24.0992 3.73092
24.6041 3.73092
25.1091 3.73092
25.6141 3.73092
26.1191 3.73092
26.6241 3.73092
27.1291 3.73092
27.6341 3.73092
28.139 3.73092
28.644 3.73092
31.0169 4.52975
33.3898 4.52975
35.7627 4.52975
38.1356 4.52975
40.5085 4.52975
42.8813 4.52975
45.2542 4.52975
47.6271 4.52975
50.0 4.52975
0.0 1.39895
0.492873 1.39895
0.985746 1.59723
1.47862 1.79551
1.97149 1.99379
2.46436 2.19208
2.95724 2.39036
3.45011 2.58864
3.93448 2.58864
4.41886 2.66073
4.90323 2.73283
5.38761 2.80492
5.87198 2.87701
6.35636 2.94911
6.84073 3.0212
7.32511 3.0933
7.80948 3.16539
8.29385 3.23748
8.77823 3.30958
9.2626 3.38167
9.7524 3.38167
10.2422 3.37883
10.732 3.37599
11.2218 3.37315
11.7116 3.37031
12.2014 3.36747
12.6912 3.36464
13.1809 3.3618
13.6707 3.35896
14.1605 3.35612
14.6503 3.35328
15.1628 3.35328
15.6753 3.39863
16.1878 3.44398
16.7003 3.48933
17.2128 3.53468
17.7253 3.58003
18.2378 3.62538
18.7503 3.67073
19.2627 3.71608
19.7752 3.76143
20.2877 3.80678
20.8002 3.85213
21.3127 3.89748
21.8252 3.94284
22.3377 3.98819
22.8273 3.98819
23.317 3.98819
23.8066 3.98819
24.2962 3.98819
24.7859 3.98819
25.2755 3.98819
25.7651 3.98819
26.2547 3.98819
26.7444 3.98819
27.234 3.98819
27.7236 3.98819
28.2133 3.98819
28.7029 3.98819
29.1925 3.98819
29.6822 3.98819
30.1718 3.98819
32.6503 4.51334
35.1289 4.51334
37.6074 4.51334
40.0859 4.51334
42.5644 4.51334
45.043 4.51334
47.5215 4.51334
50.0 4.51334
0.0 1.26723
0.496239 1.26723
0.992477 1.48677
1.48872 1.70631
1.98495 1.92584
2.48119 2.14538
2.97743 2.36492
3.47367 2.58446
3.96991 2.80399
4.46615 3.02353
4.97098 3.02353
5.47581 3.03942
5.98064 3.05531
6.48548 3.0712
6.99031 3.08709
7.49514 3.10298
7.99997 3.11887
8.5048 3.13475
9.00963 3.15064
9.51447 3.16653
10.0227 3.16653
10.531 3.19021
11.0392 3.2139
11.5474 3.23758
12.0557 3.26126
12.5639 3.28494
13.0722 3.30863
13.5804 3.33231
14.0887 3.35599
14.5969 3.37967
15.1051 3.40335
15.5967 3.40335
16.0882 3.42891
16.5798 3.45447
17.0713 3.48003
17.5628 3.50558
18.0544 3.53114
18.5459 3.5567
19.0374 3.58226
19.529 3.60781
20.0205 3.63337
20.512 3.65893
21.0036 3.68448
21.4951 3.71004
21.9866 3.7356
22.4782 3.76116
22.9697 3.78671
23.4612 3.81227
23.9528 3.83783
24.4443 3.86339
24.9359 3.88894
25.4274 3.9145
25.9189 3.94006
26.4105 3.96562
26.902 3.99117
27.3935 4.01673
27.7914 4.01673
30.259 4.55931
32.7267 4.55931
35.1943 4.55931
37.6619 4.55931
40.1295 4.55931
42.5971 4.55931
45.0648 4.55931
47.5324 4.55931
50.0 4.55931
0.0 1.63588
0.52353 1.63588
1.04706 1.81471
1.57059 1.99354
2.09412 2.17237
2.61765 2.3512
3.14118 2.53003
3.66471 2.70887
4.18824 2.8877
4.67148 2.8877
5.15471 2.9661
5.63795 3.04449
6.12118 3.12289
6.60442 3.20129
7.08765 3.27969
7.57089 3.35809
8.05412 3.43649
8.53736 3.51489
9.02059 3.59328
9.52259 3.59328
10.0246 3.57355
10.5266 3.55381
11.0286 3.53407
11.5306 3.51433
12.0326 3.49459
12.5346 3.47485
13.0366 3.45511
13.5919 3.45511
14.1473 3.46738
14.7027 3.47966
15.258 3.49193
15.7628 3.49193
16.2675 3.49193
16.7723 3.49193
17.277 3.49193
17.7818 3.49193
18.2865 3.49193
18.7913 3.49193
19.296 3.49193
19.8008 3.49193
20.3055 3.49193
20.8103 3.49193
23.2428 4.8157
25.6752 4.8157
28.1077 4.8157
30.5402 4.8157
32.9727 4.8157
35.4051 4.8157
37.8376 4.8157
40.2701 4.8157
42.7026 4.8157
45.135 4.8157
47.5675 4.8157
50.0 4.8157
0.0 1.41375
0.487001 1.41375
0.974002 1.55453
1.461 1.6953
1.948 1.83607
2.43501 1.97684
2.92201 2.11762
3.40901 2.25839
3.89601 2.39916
4.38301 2.53994
4.87001 2.68071
5.35701 2.82148
5.84401 2.96226
6.3393 2.96226
6.83458 2.97891
7.32986 2.99557
7.82515 3.01223
8.32043 3.02889
8.81572 3.04554
9.311 3.0622
9.80628 3.07886
10.3016 3.09552
10.7969 3.11217
11.2997 3.11217
11.8025 3.15614
12.3054 3.20011
12.8082 3.24407
13.3111 3.28804
13.8139 3.33201
14.3168 3.37597
14.7755 3.37597
15.2341 3.44601
15.6928 3.51605
16.1515 3.58608
16.6101 3.65612
17.0688 3.72616
17.5593 3.72616
18.0499 3.72616
18.5404 3.72616
19.0309 3.72616
19.5215 3.72616
20.012 3.72616
20.5025 3.72616
20.9931 3.72616
21.4836 3.72616
21.9741 3.72616
22.4647 3.72616
22.9552 3.72616
23.4458 3.72616
23.9363 3.72616
24.4268 3.72616
24.9174 3.72616
25.4079 3.72616
25.8984 3.72616
26.389 3.72616
26.8795 3.72616
27.37 3.72616
27.8606 3.72616
28.3511 3.72616
28.8416 3.72616
31.4864 4.50383
34.1312 4.50383
36.776 4.50383
39.4208 4.50383
42.0656 4.50383
44.7104 4.50383
47.3552 4.50383
50.0 4.50383
0.0 1.18542
0.486544 1.18542
0.973088 1.48169
1.45963 1.77796
1.94618 2.07422
2.43272 2.37049
2.91926 2.66676
3.40581 2.96303
3.886 2.96303
4.36619 2.93237
4.84637 2.9017
5.32656 2.87104
5.80675 2.84037
6.35408 2.84037
6.90142 2.98726
7.44875 3.13416
7.99608 3.28105
8.48787 3.28105
8.97965 3.28257
9.47144 3.28409
9.96323 3.28561
10.455 3.28713
10.9468 3.28865
11.4386 3.29017
11.9304 3.29169
12.4222 3.29321
12.9139 3.29473
13.4057 3.29626
13.8975 3.29778
14.3893 3.2993
14.8811 3.30082
15.3829 3.30082
15.8848 3.30082
16.3866 3.30082
18.9723 4.47326
21.5579 4.47326
24.1436 4.47326
26.7292 4.47326
29.3149 4.47326
31.9005 4.47326
34.4861 4.47326
37.0718 4.47326
39.6574 4.47326
42.2431 4.47326
44.8287 4.47326
47.4144 4.47326
50.0 4.47326
0.0 1.18912
0.517153 1.18912
1.03431 1.5505
1.55146 1.91188
2.06861 2.27327
2.58577 2.63465
3.10292 2.99603
3.59751 2.99603
4.0921 2.9656
4.58669 2.93517
5.08128 2.90474
5.57586 2.87431
6.07045 2.84388
6.65504 2.84388
7.23962 3.27475
7.72556 3.27475
8.21151 3.27381
8.69745 3.27287
9.1834 3.27193
9.66935 3.27098
10.1553 3.27004
10.6412 3.2691
11.1272 3.26816
11.6131 3.26722
12.0991 3.26628
12.585 3.26534
13.071 3.26439
13.5569 3.26345
14.106 3.26345
14.6552 3.26345
15.2043 3.26345
15.7534 3.26345
16.3026 3.26345
18.8947 4.43498
21.4868 4.43498
24.0789 4.43498
26.671 4.43498
29.2631 4.43498
31.8552 4.43498
34.4473 4.43498
37.0395 4.43498
39.6316 4.43498
42.2237 4.43498
44.8158 4.43498
47.4079 4.43498
50.0 4.43498
0.0 1.20182
0.487019 1.20182
0.974037 1.43175
1.46106 1.66169
1.94807 1.89163
2.43509 2.12157
2.92211 2.3515
3.40913 2.58144
3.89615 2.81138
4.38317 3.04131
4.89774 3.04131
5.4123 3.04464
5.92687 3.04796
6.44144 3.05128
6.95601 3.0546
7.47058 3.05793
7.98515 3.06125
8.49971 3.06457
9.00426 3.06457
9.50881 3.08707
10.0134 3.10956
10.5179 3.13206
11.0224 3.15456
11.527 3.17705
12.0315 3.19955
12.5361 3.22204
13.0406 3.24454
13.5452 3.26704
14.0497 3.28953
14.5543 3.31203
15.0588 3.33453
15.5634 3.35702
16.0543 3.35702
16.5452 3.3935
17.0361 3.42998
17.5271 3.46646
18.018 3.50294
18.5089 3.53942
18.9998 3.5759
19.4908 3.61238
19.9817 3.64886
20.4726 3.68534
20.9635 3.72182
21.4545 3.7583
21.9454 3.79478
22.4363 3.83126
22.9273 3.86774
23.4182 3.90422
23.9091 3.9407
24.4 3.97718
24.9024 3.97718
25.4048 3.97718
25.9071 3.97718
26.4095 3.97718
26.9119 3.97718
27.4142 3.97718
27.9166 3.97718
30.3703 4.57055
32.824 4.57055
35.2777 4.57055
37.7314 4.57055
40.1852 4.57055
42.6389 4.57055
45.0926 4.57055
47.5463 4.57055
50.0 4.57055
0.0 1.36688
0.491369 1.36688
0.982738 1.5196
1.47411 1.67232
1.96548 1.82505
2.45684 1.97777
2.94821 2.1305
3.43958 2.28322
3.93095 2.43595
4.42232 2.58867
4.91369 2.7414
5.40506 2.89412
5.89643 3.04685
6.38127 3.04685
6.86611 3.05164
7.35096 3.05643
7.8358 3.06122
8.32065 3.06601
8.80549 3.07081
9.29034 3.0756
9.77518 3.08039
10.26 3.08518
10.7449 3.08997
11.2297 3.09477
11.7146 3.09956
12.1994 3.10435
12.6842 3.10914
13.1691 3.11393
13.6971 3.11393
14.2252 3.21839
14.7533 3.32285
15.2813 3.4273
15.7633 3.4273
16.2454 3.49159
16.7274 3.55587
17.2094 3.62016
17.6915 3.68444
18.1735 3.74873
18.6829 3.74873
19.1923 3.74873
19.7017 3.74873
20.2111 3.74873
20.7206 3.74873
21.23 3.74873
21.7394 3.74873
22.2488 3.74873
22.7582 3.74873
23.2676 3.74873
23.777 3.74873
24.2864 3.74873
24.7958 3.74873
25.3052 3.74873
25.8146 3.74873
26.3241 3.74873
26.8335 3.74873
27.3429 3.74873
27.8523 3.74873
28.3617 3.74873
28.8711 3.74873
31.5122 4.51269
34.1533 4.51269
36.7944 4.51269
39.4355 4.51269
42.0767 4.51269
44.7178 4.51269
47.3589 4.51269
50.0 4.51269
0.0 1.21997
0.489486 1.21997
0.978972 1.47036
1.46846 1.72076
1.95794 1.97116
2.44743 2.22156
2.93691 2.47195
3.4264 2.72235
3.91589 2.97275
4.39789 2.97275
4.8799 2.9925
5.3619 3.01225
5.84391 3.032
6.32592 3.05176
6.80792 3.07151
7.28993 3.09126
7.79671 3.09126
8.30349 3.11307
8.81027 3.13488
9.31705 3.15668
9.82383 3.17849
10.3306 3.2003
10.8374 3.22211
11.3442 3.24391
11.8509 3.26572
12.3577 3.28753
12.8645 3.30934
13.3713 3.33114
13.8781 3.35295
14.3882 3.35295
14.8984 3.39383
15.4086 3.43471
15.9188 3.47559
16.4289 3.51647
16.9391 3.55735
17.4493 3.59823
17.9594 3.63912
18.4696 3.68
18.9798 3.72088
19.49 3.76176
20.0001 3.80264
20.5103 3.84352
21.0205 3.8844
21.5306 3.92528
22.0408 3.96616
22.551 4.00704
23.0511 4.00704
23.5512 4.00704
24.0512 4.00704
24.5513 4.00704
25.0514 4.00704
25.5515 4.00704
26.0516 4.00704
26.5517 4.00704
27.0517 4.00704
27.5518 4.00704
28.0519 4.00704
30.4906 4.52527
32.9293 4.52527
35.3679 4.52527
37.8066 4.52527
40.2453 4.52527
42.684 4.52527
45.1226 4.52527
47.5613 4.52527
50.0 4.52527
0.0 1.24027
0.508911 1.24027
1.01782 1.48348
1.52673 1.72668
2.03564 1.96988
2.54456 2.21308
3.05347 2.45628
3.56238 2.69948
4.07129 2.94268
4.56494 2.94268
5.0586 2.95663
5.55225 2.97057
6.04591 2.98452
6.53956 2.99846
7.03322 3.0124
7.52687 3.02635
8.02053 3.04029
8.53271 3.04029
9.0449 3.06728
9.55709 3.09427
10.0693 3.12125
10.5815 3.14824
11.0937 3.17523
11.6058 3.20222
12.118 3.2292
12.6302 3.25619
13.1424 3.28318
13.6546 3.31017
14.1668 3.33715
14.679 3.36414
15.1894 3.36414
15.6999 3.4034
16.2104 3.44266
16.7208 3.48192
17.2313 3.52118
17.7418 3.56044
18.2522 3.5997
18.7627 3.63896
19.2731 3.67821
19.7836 3.71747
20.2941 3.75673
20.8045 3.79599
21.315 3.83525
21.8255 3.87451
22.3359 3.91377
22.8464 3.95303
23.3258 3.95303
23.8052 3.95303
24.2846 3.95303
24.764 3.95303
25.2434 3.95303
25.7228 3.95303
26.2023 3.95303
26.6817 3.95303
27.1611 3.95303
27.6405 3.95303
28.1199 3.95303
30.551 4.47918
32.9821 4.47918
35.4133 4.47918
37.8444 4.47918
40.2755 4.47918
42.7066 4.47918
45.1378 4.47918
47.5689 4.47918
50.0 4.47918
0.0 1.37502
0.508292 1.37502
1.01658 1.54445
1.52488 1.71387
2.03317 1.8833
2.54146 2.05273
3.04975 2.22216
3.55805 2.39159
4.06634 2.56101
4.57463 2.73044
5.08292 2.89987
5.58954 2.89987
6.09615 2.92346
6.60276 2.94704
7.10937 2.97063
7.61599 2.99422
8.1226 3.0178
8.62921 3.04139
9.13582 3.06497
9.64244 3.08856
10.149 3.11215
10.6557 3.13573
11.1623 3.15932
11.6921 3.15932
12.2219 3.23025
12.7517 3.30117
13.2816 3.3721
13.8114 3.44303
14.3141 3.44303
14.8167 3.48177
15.3194 3.52052
15.8221 3.55926
16.3247 3.598
16.8274 3.63675
17.3301 3.67549
17.8327 3.71424
18.3354 3.75298
18.8434 3.75298
19.3514 3.75298
19.8594 3.75298
20.3674 3.75298
20.8754 3.75298
21.3834 3.75298
21.8914 3.75298
22.3994 3.75298
22.9074 3.75298
23.4154 3.75298
23.9234 3.75298
24.4314 3.75298
24.9394 3.75298
25.4474 3.75298
25.9554 3.75298
26.4634 3.75298
26.9714 3.75298
27.4794 3.75298
27.9874 3.75298
28.4954 3.75298
29.0034 3.75298
31.6279 4.52544
34.2525 4.52544
36.8771 4.52544
39.5017 4.52544
42.1263 4.52544
44.7508 4.52544
47.3754 4.52544
50.0 4.52544
0.0 1.1661
0.468257 1.1661
0.936515 1.46919
1.40477 1.77229
1.87303 2.07538
2.34129 2.37847
2.80954 2.68156
3.2778 2.98465
3.81185 2.98465
4.34589 2.94775
4.87994 2.91085
5.41398 2.87394
5.91 2.87394
6.40602 2.91248
6.90204 2.95101
7.39805 2.98954
7.89407 3.02808
8.39009 3.06661
8.88611 3.10514
9.38213 3.14368
9.87815 3.18221
10.3742 3.22074
10.8702 3.25928
11.3722 3.25928
11.8742 3.26432
12.3762 3.26936
12.8782 3.27441
13.3802 3.27945
13.8822 3.28449
14.3842 3.28953
14.8862 3.29458
15.3882 3.29962
15.8902 3.30466
16.1909 3.30466
16.4916 3.30466
19.0692 4.43626
21.6468 4.43626
24.2243 4.43626
26.8019 4.43626
29.3795 4.43626
31.957 4.43626
34.5346 4.43626
37.1122 4.43626
39.6897 4.43626
42.2673 4.43626
44.8449 4.43626
47.4224 4.43626
50.0 4.43626
0.0 1.15639
0.530868 1.15639
1.06174 1.52796
1.5926 1.89953
2.12347 2.2711
2.65434 2.64267
3.18521 3.01424
3.63033 3.01424
4.07544 3.04188
4.52056 3.06951
4.96568 3.09715
5.48015 3.09715
5.99463 3.11499
6.5091 3.13282
7.02358 3.15066
7.53805 3.1685
8.05253 3.18634
8.567 3.20417
9.08147 3.22201
9.59595 3.23985
10.1104 3.25769
10.6249 3.27552
11.1394 3.29336
11.6538 3.3112
12.1751 3.3112
12.6963 3.32036
13.2176 3.32953
13.7388 3.33869
14.2446 3.33869
14.7503 3.33869
15.256 3.33869
15.7617 3.33869
16.2675 3.33869
16.7732 3.33869
17.2789 3.33869
17.7846 3.33869
18.2904 3.33869
20.7296 4.60459
23.1688 4.60459
25.608 4.60459
28.0472 4.60459
30.4864 4.60459
32.9256 4.60459
35.3648 4.60459
37.804 4.60459
40.2432 4.60459
42.6824 4.60459
45.1216 4.60459
47.5608 4.60459
50.0 4.60459
0.0 1.16287
0.528711 1.16287
1.05742 1.52528
1.58613 1.8877
2.11484 2.25012
2.64355 2.61253
3.17226 2.97495
3.68683 2.97495
4.20139 2.95922
4.71595 2.94348
5.23051 2.92775
5.753 2.92775
6.27549 2.97628
6.79797 3.02481
7.32046 3.07334
7.84295 3.12187
8.36544 3.1704
8.88792 3.21893
9.41041 3.26747
9.9329 3.316
10.4543 3.316
10.9757 3.30897
11.4972 3.30194
12.0186 3.29491
12.54 3.28788
13.0614 3.28085
13.5828 3.27383
14.1042 3.2668
14.6257 3.25977
15.1471 3.25274
15.6685 3.24571
16.0074 3.24571
16.3463 3.24571
18.935 4.41816
21.5238 4.41816
24.1125 4.41816
26.7013 4.41816
29.29 4.41816
31.8788 4.41816
34.4675 4.41816
37.0563 4.41816
39.645 4.41816
42.2338 4.41816
44.8225 4.41816
47.4113 4.41816
50.0 4.41816
0.0 1.16863
0.496295 1.16863
0.99259 1.45933
1.48888 1.75003
1.98518 2.04072
2.48147 2.33142
2.97777 2.62212
3.47406 2.91282
3.96506 2.91282
4.45606 2.93975
4.94706 2.96668
5.43805 2.99361
5.90939 2.99361
6.38073 3.02199
6.85207 3.05037
7.32341 3.07875
7.79475 3.10713
8.26609 3.13552
8.73743 3.1639
9.20877 3.19228
9.69052 3.19228
10.1723 3.20039
10.654 3.20851
11.1358 3.21662
11.6175 3.22473
12.0993 3.23285
12.581 3.24096
13.0628 3.24908
13.5445 3.25719
14.0262 3.2653
14.4819 3.2653
14.9376 3.2653
15.3933 3.2653
15.849 3.2653
16.3047 3.2653
18.8967 4.40451
21.4886 4.40451
24.0806 4.40451
26.6725 4.40451
29.2645 4.40451
31.8564 4.40451
34.4483 4.40451
37.0403 4.40451
39.6322 4.40451
42.2242 4.40451
44.8161 4.40451
47.4081 4.40451
50.0 4.40451
0.0 1.15632
0.470563 1.15632
0.941125 1.45093
1.41169 1.74555
1.88225 2.04016
2.35281 2.33477
2.82338 2.62938
3.29394 2.924
3.77477 2.924
4.2556 2.95609
4.73643 2.98819
5.21726 3.02028
5.69809 3.05238
6.20974 3.05238
6.72138 3.05778
7.23303 3.06318
7.74468 3.06858
8.25632 3.07399
8.76797 3.07939
9.27962 3.08479
9.79126 3.09019
10.3019 3.09019
10.8126 3.12294
11.3233 3.15568
11.834 3.18842
12.3447 3.22116
12.8554 3.25391
13.3661 3.28665
13.8767 3.31939
14.3497 3.31939
14.8227 3.31939
15.2957 3.31939
15.7687 3.31939
16.2417 3.31939
18.653 4.41975
21.0643 4.41975
23.4756 4.41975
25.8869 4.41975
28.2982 4.41975
30.7095 4.41975
33.1208 4.41975
35.5322 4.41975
37.9435 4.41975
40.3548 4.41975
42.7661 4.41975
45.1774 4.41975
47.5887 4.41975
50.0 4.41975
0.0 1.33388
0.549009 1.33388
1.09802 1.56245
1.64703 1.79101
2.19604 2.01958
2.74505 2.24815
3.27996 2.24815
3.81488 2.39298
4.3498 2.53781
4.88471 2.68264
5.41963 2.82748
5.95455 2.97231
6.48946 3.11714
6.99858 3.11714
7.50769 3.14226
8.01681 3.16739
8.52592 3.19252
9.03504 3.21764
9.54415 3.24277
10.0533 3.26789
10.5624 3.29302
11.0715 3.31814
11.5806 3.34327
12.0897 3.36839
12.5988 3.39352
13.108 3.41865
13.6171 3.44377
14.1262 3.4689
14.6353 3.49402
15.1444 3.51915
15.6535 3.54427
16.1626 3.5694
16.6718 3.59452
17.1809 3.61965
17.6933 3.61965
18.2058 3.63124
18.7183 3.64284
19.2307 3.65443
19.7432 3.66603
20.2556 3.67762
20.7681 3.68922
21.2806 3.70081
21.793 3.71241
22.3055 3.724
22.818 3.73559
23.3304 3.74719
23.8429 3.75878
24.3553 3.77038
24.8678 3.78197
25.3803 3.79357
25.8927 3.80516
26.4052 3.81676
26.9177 3.82835
27.421 3.82835
27.9244 3.82835
28.4278 3.82835
28.9312 3.82835
29.4346 3.82835
32.0053 4.54769
34.576 4.54769
37.1466 4.54769
39.7173 4.54769
42.288 4.54769
44.8587 4.54769
47.4293 4.54769
50.0 4.54769
0.0 1.20989
0.534201 1.20989
1.0684 1.56483
1.6026 1.91977
2.1368 2.27471
2.67101 2.62965
3.20521 2.98458
3.66921 2.98458
4.13321 3.01781
4.5972 3.05103
5.10136 3.05103
5.60552 3.0705
6.10968 3.08997
6.61383 3.10944
7.11799 3.12891
7.62215 3.14838
8.1263 3.16785
8.63046 3.18732
9.13462 3.2068
9.63878 3.22627
10.1429 3.24574
10.6471 3.26521
11.1512 3.28468
11.6554 3.30415
12.1596 3.32362
12.6637 3.34309
13.1679 3.36256
13.6217 3.36256
14.0755 3.32221
14.5293 3.28185
14.9831 3.2415
15.5245 3.2415
16.0659 3.2415
16.6072 3.2415
17.1486 3.2415
17.69 3.2415
18.2314 3.2415
20.6752 4.74661
23.1189 4.74661
25.5626 4.74661
28.0064 4.74661
30.4501 4.74661
32.8938 4.74661
35.3376 4.74661
37.7813 4.74661
40.2251 4.74661
42.6688 4.74661
45.1125 4.74661
47.5563 4.74661
50.0 4.74661
0.0 1.34371
0.516452 1.34371
1.0329 1.62262
1.54936 1.90152
2.06581 2.18042
2.58226 2.45932
3.09871 2.73822
3.61517 3.01713
4.23682 3.01713
4.85847 3.05082
5.37297 3.05082
5.88747 3.05531
6.40197 3.05981
6.91647 3.0643
7.43096 3.06879
7.94546 3.07328
8.45996 3.07778
8.97446 3.08227
9.48896 3.08676
10.0035 3.09125
10.518 3.09575
11.0325 3.10024
11.547 3.10473
12.0614 3.10922
12.5759 3.11372
13.0904 3.11821
13.6049 3.1227
14.1225 3.1227
14.64 3.16566
15.1576 3.20861
15.6751 3.25157
16.1927 3.29452
16.7102 3.33748
17.2278 3.38043
17.7453 3.42339
18.2628 3.46635
18.6808 3.46635
19.0988 3.46635
21.6739 4.60085
24.249 4.60085
26.8241 4.60085
29.3992 4.60085
31.9743 4.60085
34.5494 4.60085
37.1245 4.60085
39.6996 4.60085
42.2747 4.60085
44.8498 4.60085
47.4249 4.60085
50.0 4.60085
0.0 1.1289
0.517215 1.1289
1.03443 1.49134
1.55164 1.85377
2.06886 2.2162
2.58607 2.57863
3.10329 2.94106
3.62934 2.94106
4.1554 2.96292
4.68145 2.98477
5.20751 3.00662
5.73356 3.02848
6.25962 3.05033
6.78567 3.07218
7.31173 3.09404
7.83778 3.11589
8.37631 3.11589
8.91485 3.13347
9.45338 3.15105
9.99191 3.16864
10.5304 3.18622
10.9898 3.18622
11.4491 3.18523
11.9085 3.18424
12.3678 3.18325
12.8272 3.18226
13.3246 3.18226
13.8221 3.18226
14.3196 3.18226
14.817 3.18226
15.3145 3.18226
15.8119 3.18226
16.3094 3.18226
16.8069 3.18226
17.3043 3.18226
17.8018 3.18226
18.2992 3.18226
20.7378 4.78627
23.1763 4.78627
25.6148 4.78627
28.0533 4.78627
30.4918 4.78627
32.9304 4.78627
35.3689 4.78627
37.8074 4.78627
40.2459 4.78627
42.6844 4.78627
45.123 4.78627
47.5615 4.78627
50.0 4.78627
0.0 1.11164
0.48288 1.11164
0.96576 1.40007
1.44864 1.68849
1.93152 1.97692
2.4144 2.26535
2.89728 2.55377
3.38016 2.8422
3.89688 2.8422
4.4136 2.89347
4.93032 2.94474
5.44704 2.99601
5.96376 3.04729
6.48048 3.09856
6.9972 3.14983
7.51392 3.2011
8.03064 3.25238
8.54736 3.30365
9.01777 3.30365
9.48819 3.28283
9.95861 3.26201
10.429 3.24119
10.8994 3.22036
11.3699 3.19954
11.8403 3.17872
12.3089 3.17872
12.7775 3.18469
13.2461 3.19067
13.7147 3.19664
14.1833 3.20261
14.6881 3.20261
15.1929 3.20261
15.6978 3.20261
16.2026 3.20261
16.7074 3.20261
17.2123 3.20261
17.7171 3.20261
18.2219 3.20261
20.6664 4.71115
23.1108 4.71115
25.5553 4.71115
27.9998 4.71115
30.4443 4.71115
32.8887 4.71115
35.3332 4.71115
37.7777 4.71115
40.2221 4.71115
42.6666 4.71115
45.1111 4.71115
47.5555 4.71115
50.0 4.71115
0.0 1.09897
0.523128 1.09897
1.04626 1.45601
1.56938 1.81305
2.09251 2.17009
2.61564 2.52712
3.13877 2.88416
3.65995 2.88416
4.18113 2.98118
4.70231 3.07821
5.22349 3.17523
5.74467 3.27226
6.26989 3.27226
6.79511 3.26424
7.32032 3.25623
7.84554 3.24822
8.37076 3.2402
8.89598 3.23219
9.44649 3.23219
9.99701 3.24239
10.5475 3.2526
11.098 3.2628
11.596 3.2628
12.0939 3.2628
12.5919 3.2628
13.0898 3.2628
13.5877 3.2628
14.0857 3.2628
14.5836 3.2628
15.0815 3.2628
15.5795 3.2628
16.0774 3.2628
16.5754 3.2628
17.0733 3.2628
17.5712 3.2628
18.0692 3.2628
20.5254 4.64978
22.9816 4.64978
25.4378 4.64978
27.894 4.64978
30.3503 4.64978
32.8065 4.64978
35.2627 4.64978
37.7189 4.64978
40.1751 4.64978
42.6313 4.64978
45.0876 4.64978
47.5438 4.64978
50.0 4.64978
0.0 1.22521
0.491223 1.22521
0.982446 1.51657
1.47367 1.80794
1.96489 2.0993
2.45611 2.39067
2.94734 2.68203
3.43856 2.9734
3.94329 2.9734
4.44803 2.99881
4.95276 3.02423
5.45749 3.04964
5.96223 3.07506
6.46696 3.10047
6.97169 3.12588
7.47642 3.1513
7.98116 3.17671
8.48589 3.20213
8.99062 3.22754
9.49536 3.25295
10.0001 3.27837
10.5048 3.30378
11.0096 3.3292
11.5301 3.3292
12.0506 3.20945
12.5712 3.08971
13.0168 3.08971
13.4625 3.15924
13.9081 3.22878
14.4172 3.22878
14.9262 3.22878
15.4353 3.22878
15.9443 3.22878
16.4534 3.22878
16.9624 3.22878
17.4715 3.22878
17.9805 3.22878
20.4436 4.65507
22.9066 4.65507
25.3696 4.65507
27.8327 4.65507
30.2957 4.65507
32.7588 4.65507
35.2218 4.65507
37.6848 4.65507
40.1479 4.65507
42.6109 4.65507
45.0739 4.65507
47.537 4.65507
50.0 4.65507
0.0 1.41647
0.52036 1.41647
1.04072 1.58079
1.56108 1.74512
2.08144 1.90944
2.6018 2.07377
3.12216 2.23809
3.64252 2.40242
4.16288 2.56674
4.68324 2.73107
5.2036 2.8954
5.72396 3.05972
6.24432 3.22405
6.75157 3.22405
7.25883 3.23514
7.76608 3.24623
8.27333 3.25732
8.78058 3.26842
9.28783 3.27951
9.79509 3.2906
10.3023 3.30169
10.8096 3.31278
11.3168 3.32388
11.8241 3.33497
12.3313 3.34606
12.8386 3.35715
13.3458 3.36825
13.8531 3.37934
14.3604 3.39043
14.8676 3.40152
15.3749 3.41262
15.8821 3.42371
16.3894 3.4348
16.8966 3.44589
17.4039 3.45699
17.9111 3.46808
18.4184 3.47917
18.9256 3.49026
19.4329 3.50136
19.9401 3.51245
20.4474 3.52354
20.9546 3.53463
21.4619 3.54573
21.9691 3.55682
22.4648 3.55682
22.9604 3.61112
23.4561 3.66543
23.9517 3.71973
24.4474 3.77404
24.943 3.82835
25.4387 3.88265
25.9343 3.93696
26.43 3.99126
26.9256 4.04557
27.4213 4.09987
27.9089 4.09987
28.3965 4.15244
28.8841 4.20501
29.3717 4.25758
29.8593 4.31015
30.3469 4.36271
30.8345 4.41528
31.3222 4.46785
31.8098 4.52042
32.2974 4.57299
32.7872 4.57299
33.277 4.57299
33.7668 4.57299
34.2567 4.57299
34.7465 4.57299
35.2363 4.57299
35.7261 4.57299
36.2159 4.57299
36.7057 4.57299
37.1956 4.57299
37.6854 4.57299
38.1752 4.57299
38.665 4.57299
39.1548 4.57299
39.6447 4.57299
40.1345 4.57299
40.6243 4.57299
41.1141 4.57299
41.6039 4.57299
42.0937 4.57299
42.5836 4.57299
45.0557 4.69354
47.5279 4.69354
50.0 4.69354
0.0 1.22583
0.511104 1.22583
1.02221 1.57216
1.53331 1.91849
2.04442 2.26483
2.55552 2.61116
3.06663 2.95749
3.57506 2.95749
4.08349 2.97856
4.59192 2.99962
5.10036 3.02069
5.60879 3.04175
6.11722 3.06282
6.62566 3.08388
7.13409 3.10495
7.64252 3.12601
8.15096 3.14708
8.65939 3.16814
9.16782 3.18921
9.67625 3.21027
10.1847 3.23134
10.6931 3.25241
11.2016 3.27347
11.71 3.29454
12.235 3.29454
12.7599 3.23948
13.2849 3.18442
13.8099 3.12936
14.3348 3.07431
14.7148 3.07431
15.0948 3.24757
15.5597 3.24757
16.0245 3.24757
16.4893 3.24757
16.9542 3.24757
17.419 3.24757
17.8839 3.24757
20.3543 4.63987
22.8248 4.63987
25.2953 4.63987
27.7658 4.63987
30.2362 4.63987
32.7067 4.63987
35.1772 4.63987
37.6476 4.63987
40.1181 4.63987
42.5886 4.63987
45.0591 4.63987
47.5295 4.63987
50.0 4.63987
0.0 1.22215
0.501746 1.22215
1.00349 1.57235
1.50524 1.92255
2.00698 2.27275
2.50873 2.62294
3.01048 2.97314
3.5158 2.97314
4.02113 2.9928
4.52645 3.01245
5.03178 3.03211
5.5371 3.05177
6.04243 3.07142
6.54775 3.09108
7.05308 3.11074
7.5584 3.13039
8.06373 3.15005
8.56905 3.16971
9.07438 3.18936
9.5797 3.20902
10.085 3.22868
10.5904 3.24833
11.0957 3.26799
11.6319 3.26799
12.1682 3.21902
12.7045 3.17005
13.2407 3.12108
13.5447 3.12108
13.8487 3.2732
14.3575 3.2732
14.8664 3.2732
15.3752 3.2732
15.8841 3.2732
16.3929 3.2732
16.9018 3.2732
17.4106 3.2732
17.9195 3.2732
20.3872 4.65068
22.8549 4.65068
25.3227 4.65068
27.7904 4.65068
30.2581 4.65068
32.7259 4.65068
35.1936 4.65068
37.6613 4.65068
40.1291 4.65068
42.5968 4.65068
45.0645 4.65068
47.5323 4.65068
50.0 4.65068
0.0 1.3125
0.533067 1.3125
1.06613 1.64671
1.5992 1.98093
2.13227 2.31514
2.66533 2.64935
3.1984 2.98356
3.69497 2.98356
4.19154 3.00631
4.68811 3.02906
5.18468 3.05181
5.68126 3.07456
6.17783 3.0973
6.6744 3.12005
7.17097 3.1428
7.66754 3.16555
8.16411 3.1883
8.59959 3.1883
9.03506 3.16241
9.47054 3.13652
9.95264 3.13652
10.4347 3.16773
10.9169 3.19894
11.399 3.23015
11.8811 3.26136
12.3632 3.29257
12.8453 3.32378
13.3507 3.32378
13.8562 3.32378
14.3617 3.32378
14.8671 3.32378
15.3726 3.32378
15.878 3.32378
16.3835 3.32378
16.889 3.32378
17.3944 3.32378
17.8999 3.32378
20.3691 4.64248
22.8384 4.64248
25.3076 4.64248
27.7768 4.64248
30.2461 4.64248
32.7153 4.64248
35.1846 4.64248
37.6538 4.64248
40.123 4.64248
42.5923 4.64248
45.0615 4.64248
47.5308 4.64248
50.0 4.64248
0.0 1.26904
0.541545 1.26904
1.08309 1.62214
1.62464 1.97524
2.16618 2.32834
2.70773 2.68144
3.24927 3.03454
3.72743 3.03454
4.2056 3.04925
4.68376 3.06396
5.16192 3.07867
5.64008 3.09338
6.11825 3.10809
6.59641 3.1228
7.07457 3.1375
7.57595 3.1375
8.07733 3.15184
8.57871 3.16618
9.08009 3.18052
9.58147 3.19486
10.0829 3.20919
10.5842 3.22353
11.0856 3.23787
11.5976 3.23787
12.1096 3.2653
12.6216 3.29273
13.1336 3.32015
13.6456 3.34758
14.1576 3.37501
14.6696 3.40244
15.1816 3.42987
15.6936 3.45729
16.2001 3.45729
16.7065 3.45729
17.2129 3.45729
17.7193 3.45729
18.2257 3.45729
18.7321 3.45729
19.2385 3.45729
21.802 4.53478
24.3654 4.53478
26.9289 4.53478
29.4923 4.53478
32.0558 4.53478
34.6193 4.53478
37.1827 4.53478
39.7462 4.53478
42.3096 4.53478
44.8731 4.53478
47.4365 4.53478
50.0 4.53478
0.0 1.42785
0.502005 1.42785
1.00401 1.62871
1.50602 1.82956
2.00802 2.03041
2.51003 2.23127
3.01203 2.43212
3.51404 2.63297
4.01604 2.83382
4.51805 3.03468
5.02005 3.23553
5.51853 3.23553
6.017 3.24886
6.51547 3.26219
7.01394 3.27552
7.51242 3.28884
8.01089 3.30217
8.50936 3.3155
9.00783 3.32883
9.50631 3.34216
10.0048 3.35549
10.5033 3.36882
11.0017 3.38215
11.5002 3.39547
11.9987 3.4088
12.4971 3.42213
12.9956 3.43546
13.4941 3.44879
13.9926 3.46212
14.491 3.47545
14.9895 3.48878
15.488 3.5021
15.9865 3.51543
16.4849 3.52876
16.9834 3.54209
17.4819 3.55542
17.9837 3.55542
18.4856 3.5879
18.9874 3.62038
19.4893 3.65286
19.9911 3.68534
20.493 3.71782
20.9949 3.7503
21.4967 3.78278
21.9986 3.81526
22.5004 3.84774
23.0023 3.88022
23.5041 3.9127
24.006 3.94518
24.5078 3.97766
25.0097 4.01014
25.5115 4.04262
26.0134 4.0751
26.5153 4.10758
27.0171 4.14006
27.5032 4.14006
27.9893 4.17787
28.4753 4.21568
28.9614 4.25348
29.4475 4.29129
29.9336 4.3291
30.4197 4.36691
30.9057 4.40472
31.3918 4.44253
31.8779 4.48034
32.364 4.51814
32.8501 4.55595
33.345 4.55595
33.8399 4.55595
34.3349 4.55595
34.8298 4.55595
35.3248 4.55595
35.8197 4.55595
36.3147 4.55595
36.8096 4.55595
37.3046 4.55595
37.7995 4.55595
38.2945 4.55595
38.7894 4.55595
39.2844 4.55595
39.7793 4.55595
40.2743 4.55595
40.7692 4.55595
41.2642 4.55595
41.7591 4.55595
42.2541 4.55595
42.749 4.55595
45.166 4.65433
47.583 4.65433
50.0 4.65433
0.0 1.40391
0.504289 1.40391
1.00858 1.56777
1.51287 1.73162
2.01716 1.89547
2.52144 2.05933
3.02573 2.22318
3.53002 2.38703
4.03431 2.55089
4.5386 2.71474
5.04289 2.87859
5.54718 3.04244
6.05147 3.2063
6.55576 3.37015
7.05571 3.37015
7.55566 3.37745
8.05561 3.38475
8.55557 3.39205
9.05552 3.39935
9.55547 3.40665
10.0554 3.41395
10.5554 3.42125
11.0553 3.42855
11.5553 3.43585
12.0552 3.44315
12.5552 3.45045
13.0551 3.45775
13.5551 3.46505
14.055 3.47235
14.555 3.47965
15.055 3.48694
15.5549 3.49424
16.0549 3.50154
16.5548 3.50884
17.0548 3.51614
17.5547 3.52344
18.0547 3.53074
18.5546 3.53804
19.0546 3.54534
19.5545 3.55264
20.0545 3.55994
20.5544 3.56724
21.0544 3.57454
21.5543 3.58184
22.0543 3.58914
22.5542 3.59644
23.0542 3.60374
23.5542 3.61104
24.0541 3.61834
24.5307 3.61834
25.0073 3.68014
25.4838 3.74194
25.9604 3.80373
26.437 3.86553
26.9136 3.92733
27.3902 3.98913
27.8668 4.05093
28.3433 4.11273
28.84 4.11273
29.3366 4.15496
29.8333 4.19719
30.33 4.23942
30.8266 4.28165
31.3233 4.32388
31.8199 4.36611
32.3166 4.40834
32.8132 4.45057
33.3099 4.4928
33.8065 4.53503
34.3032 4.57726
34.7999 4.61949
35.2896 4.61949
35.7792 4.61949
36.2689 4.61949
36.7586 4.61949
37.2483 4.61949
37.738 4.61949
38.2277 4.61949
38.7174 4.61949
39.2071 4.61949
39.6968 4.61949
40.1865 4.61949
40.6762 4.61949
41.1659 4.61949
41.6556 4.61949
42.1453 4.61949
42.635 4.61949
45.09 4.69369
47.545 4.69369
50.0 4.69369
0.0 1.2334
0.475382 1.2334
0.950764 1.46409
1.42615 1.69477
1.90153 1.92546
2.37691 2.15615
2.85229 2.38684
3.32767 2.61753
3.80305 2.84821
4.27844 3.0789
4.80821 3.0789
5.33799 3.10904
5.86777 3.13919
6.39755 3.16933
6.92732 3.19947
7.4571 3.22961
7.98688 3.25975
8.51666 3.28989
9.0044 3.28989
9.49214 3.28157
9.97988 3.27326
10.4676 3.26494
10.9554 3.25662
11.4431 3.2483
11.9308 3.23998
12.4186 3.23167
12.9063 3.22335
13.3941 3.21503
13.8818 3.20671
14.3695 3.1984
14.8573 3.19008
15.359 3.19008
15.8606 3.23567
16.3623 3.28125
16.864 3.32684
17.3656 3.37242
17.8673 3.41801
18.369 3.4636
18.8706 3.50918
19.3723 3.55477
19.874 3.60036
20.3757 3.64594
20.8773 3.69153
21.379 3.73712
21.8807 3.7827
22.3823 3.82829
22.884 3.87387
23.3857 3.91946
23.8873 3.96505
24.389 4.01063
24.8907 4.05622
25.3924 4.10181
25.894 4.14739
26.3957 4.19298
26.8974 4.23856
27.399 4.28415
27.9007 4.32974
28.4024 4.37532
28.904 4.42091
29.4057 4.4665
29.9074 4.51208
30.412 4.51208
30.9166 4.51208
31.4212 4.51208
31.9258 4.51208
32.4304 4.51208
32.935 4.51208
33.4396 4.51208
33.9442 4.51208
34.4488 4.51208
34.9534 4.51208
35.458 4.51208
35.9625 4.51208
36.4671 4.51208
36.9717 4.51208
37.4763 4.51208
37.9809 4.51208
38.4855 4.51208
38.9901 4.51208
39.4947 4.51208
39.9993 4.51208
40.5039 4.51208
41.0085 4.51208
41.5131 4.51208
42.0177 4.51208
42.5223 4.51208
45.0149 4.67827
47.5074 4.67827
50.0 4.67827
0.0 1.16591
0.473666 1.16591
0.947333 1.39494
1.421 1.62396
1.89467 1.85299
2.36833 2.08202
2.842 2.31104
3.31566 2.54007
3.81131 2.54007
4.30695 2.5842
4.80259 2.62834
5.29823 2.67247
5.79388 2.71661
6.28952 2.76074
6.78516 2.80488
7.2808 2.84901
7.77645 2.89315
8.27209 2.93728
8.76773 2.98142
9.26337 3.02555
9.75901 3.06969
10.2547 3.11382
10.7503 3.15796
11.2459 3.20209
11.7416 3.24623
12.2372 3.29036
12.7329 3.3345
13.2285 3.37863
13.7242 3.42277
14.2198 3.4669
14.7154 3.51104
15.2111 3.55517
15.7067 3.5993
16.2024 3.64344
16.698 3.68757
17.1937 3.73171
17.6893 3.77584
18.1849 3.81998
18.6841 3.81998
19.1833 3.84716
19.6826 3.87434
20.1818 3.90151
20.681 3.92869
21.1802 3.95587
21.6794 3.98305
22.1786 4.01023
22.6778 4.03741
23.177 4.06458
23.6762 4.09176
24.1754 4.11894
24.6746 4.14612
25.1738 4.1733
25.673 4.20048
26.1722 4.22765
26.6714 4.25483
27.1706 4.28201
27.6698 4.30919
28.169 4.33637
28.6682 4.36355
29.1629 4.36355
29.6576 4.36051
30.1523 4.35748
30.647 4.35445
31.1417 4.35141
31.6364 4.34838
32.131 4.34535
32.6257 4.34231
33.1204 4.33928
33.6151 4.33625
34.1098 4.33321
34.6045 4.33018
35.0992 4.32715
35.5938 4.32411
36.0885 4.32108
36.5832 4.31805
37.0779 4.31501
37.5726 4.31198
38.0673 4.30895
38.562 4.30591
39.0637 4.30591
39.5654 4.30591
40.0672 4.30591
40.5689 4.30591
41.0707 4.30591
41.5724 4.30591
42.0742 4.30591
42.5759 4.30591
43.0777 4.30591
43.5794 4.30591
44.0811 4.30591
44.5829 4.30591
45.0846 4.30591
45.5864 4.30591
46.0881 4.30591
46.5899 4.30591
48.2949 4.34084
50.0 4.34084
0.0 1.14112
0.470856 1.14112
0.941712 1.39634
1.41257 1.65155
1.88342 1.90677
2.35428 2.16198
2.82514 2.4172
3.29599 2.67241
3.76685 2.92763
4.26359 2.92763
4.76033 2.94108
5.25707 2.95453
5.75381 2.96797
6.25055 2.98142
6.74729 2.99487
7.24403 3.00832
7.74077 3.02177
8.23751 3.03522
8.73425 3.04867
9.23099 3.06211
9.72773 3.07556
10.2245 3.08901
10.724 3.08901
11.2236 3.12338
11.7232 3.15776
12.2227 3.19213
12.7223 3.2265
13.2219 3.26087
13.7215 3.29524
14.221 3.32961
14.7206 3.36399
15.2202 3.39836
15.7197 3.43273
16.2193 3.4671
16.7189 3.50147
17.2184 3.53585
17.718 3.57022
18.2176 3.60459
18.7171 3.63896
19.2167 3.67333
19.7163 3.7077
20.2159 3.74208
20.7154 3.77645
21.215 3.81082
21.7146 3.84519
22.2141 3.87956
22.7008 3.87956
23.1875 3.90758
23.6742 3.9356
24.1608 3.96362
24.6475 3.99164
25.1342 4.01965
25.6209 4.04767
26.1075 4.07569
26.5942 4.10371
27.0809 4.13173
27.5676 4.15975
28.0542 4.18776
28.5409 4.21578
29.0276 4.2438
29.5143 4.27182
30.0009 4.29984
30.4949 4.29984
30.9888 4.29984
31.4828 4.29984
31.9767 4.29984
32.4706 4.29984
32.9646 4.29984
33.4585 4.29984
33.9525 4.29984
34.4464 4.29984
34.9404 4.29984
35.4343 4.29984
35.9282 4.29984
36.4222 4.29984
36.9161 4.29984
37.4101 4.29984
37.904 4.29984
38.398 4.29984
38.8919 4.29984
39.3858 4.29984
39.8798 4.29984
42.4098 4.53164
44.9399 4.53164
47.4699 4.53164
50.0 4.53164
0.0 1.17003
0.505256 1.17003
1.01051 1.39825
1.51577 1.62647
2.02102 1.85469
2.52628 2.08291
3.03153 2.31113
3.53679 2.53935
4.03086 2.53935
4.52494 2.57937
5.01901 2.61939
5.51308 2.65941
6.00715 2.69943
6.50123 2.73945
6.9953 2.77947
7.48937 2.81949
7.98345 2.85951
8.47752 2.89953
8.97159 2.93955
9.46567 2.97957
9.95974 3.01959
10.4538 3.05961
10.9479 3.09963
11.442 3.13965
11.936 3.17967
12.4301 3.21969
12.9242 3.25971
13.4183 3.29973
13.9123 3.33975
14.4064 3.37977
14.9005 3.41979
15.3945 3.45981
15.8886 3.49983
16.3827 3.53985
16.8768 3.57987
17.3708 3.61989
17.8649 3.65991
18.359 3.69994
18.8531 3.73996
19.3471 3.77998
19.8412 3.82
20.3353 3.86002
20.8293 3.90004
21.3318 3.90004
21.8342 3.94475
22.3366 3.98946
22.8391 4.03417
23.3415 4.07888
23.8439 4.1236
24.3463 4.16831
24.8488 4.21302
25.3512 4.25773
25.8536 4.30244
26.356 4.34715
26.8585 4.39187
27.3609 4.43658
27.8633 4.48129
28.3657 4.526
28.8682 4.57071
29.3719 4.57071
29.8756 4.55874
30.3793 4.54676
30.8831 4.53479
31.3868 4.52281
31.8905 4.51084
32.3942 4.49886
32.898 4.48689
33.4017 4.47491
33.9054 4.46294
34.4091 4.45096
34.9129 4.43899
35.4166 4.42701
35.9203 4.41504
36.424 4.40306
36.9278 4.39109
37.4315 4.37911
37.9352 4.36714
38.4389 4.35517
38.9427 4.34319
39.4464 4.33122
39.9501 4.31924
40.4538 4.30727
40.9576 4.29529
41.4613 4.28332
41.965 4.27134
42.4413 4.27134
42.9175 4.27134
43.3938 4.27134
43.87 4.27134
44.3463 4.27134
44.8225 4.27134
45.2988 4.27134
45.775 4.27134
46.2513 4.27134
46.7275 4.27134
48.3638 4.34567
50.0 4.34567
0.0 1.20977
0.478272 1.20977
0.956544 1.41865
1.43482 1.62753
1.91309 1.83641
2.39136 2.04529
2.86963 2.25417
3.3479 2.46306
3.82618 2.67194
4.30445 2.88082
4.80281 2.88082
5.30117 2.89957
5.79953 2.91831
6.29789 2.93706
6.79624 2.95581
7.2946 2.97455
7.79296 2.9933
8.29132 3.01205
8.78968 3.0308
9.28206 3.0308
9.77444 3.06299
10.2668 3.09518
10.7592 3.12737
11.2516 3.15956
11.7439 3.19175
12.2363 3.22394
12.7287 3.25613
13.2211 3.28832
13.7135 3.32052
14.2058 3.35271
14.6982 3.3849
15.1906 3.41709
15.683 3.44928
16.1753 3.48147
16.6677 3.51366
17.1601 3.54585
17.6525 3.57804
18.1449 3.61023
18.6372 3.64243
19.1296 3.67462
19.622 3.70681
20.1144 3.739
20.6067 3.77119
21.0991 3.80338
21.5915 3.83557
22.0839 3.86776
22.5816 3.86776
23.0793 3.88809
23.5771 3.90841
24.0748 3.92874
24.5726 3.94907
25.0703 3.96939
25.568 3.98972
26.0658 4.01004
26.5635 4.03037
27.0612 4.0507
27.559 4.07102
28.0567 4.09135
28.5544 4.11167
29.0522 4.132
29.5499 4.15232
30.0476 4.17265
30.5454 4.19298
31.0431 4.2133
31.5408 4.23363
32.0553 4.23363
32.5697 4.23363
33.0842 4.23363
33.5986 4.23363
34.1131 4.23363
34.6275 4.23363
35.142 4.23363
35.6564 4.23363
36.1709 4.23363
36.6853 4.23363
37.1998 4.23363
37.7142 4.23363
38.2287 4.23363
38.7431 4.23363
39.2576 4.23363
39.772 4.23363
42.329 4.50772
44.886 4.50772
47.443 4.50772
50.0 4.50772
0.0 1.38405
0.519684 1.38405
1.03937 1.56262
1.55905 1.74119
2.07874 1.91976
2.59842 2.09834
3.1181 2.27691
3.63779 2.45548
4.15747 2.63406
4.67716 2.81263
5.19684 2.9912
5.71652 3.16977
6.23621 3.34835
6.73688 3.34835
7.23756 3.35715
7.73823 3.36596
8.2389 3.37477
8.73958 3.38358
9.24025 3.39238
9.74093 3.40119
10.2416 3.41
10.7423 3.4188
11.2429 3.42761
11.7436 3.43642
12.2443 3.44523
12.745 3.45403
13.2456 3.46284
13.7463 3.47165
14.247 3.48046
14.7477 3.48926
15.2483 3.49807
15.749 3.50688
16.2497 3.51569
16.7504 3.52449
17.251 3.5333
17.7517 3.54211
18.2524 3.55092
18.7531 3.55972
19.2537 3.56853
19.7544 3.57734
20.2551 3.58614
20.7558 3.59495
21.2564 3.60376
21.7571 3.61257
22.2578 3.62137
22.7692 3.62137
23.2807 3.66952
23.7921 3.71766
24.3036 3.76581
24.815 3.81395
25.3265 3.8621
25.8379 3.91024
26.3494 3.95839
26.8608 4.00653
27.3723 4.05467
27.8837 4.10282
28.3952 4.15096
28.888 4.15096
29.3807 4.18544
29.8735 4.21992
30.3662 4.2544
30.859 4.28888
31.3518 4.32336
31.8445 4.35784
32.3373 4.39232
32.8301 4.4268
33.3228 4.46128
33.8156 4.49576
34.3084 4.53024
34.8011 4.56471
35.2939 4.59919
35.8047 4.59919
36.3154 4.59919
36.8262 4.59919
37.337 4.59919
37.8478 4.59919
38.3586 4.59919
38.8693 4.59919
39.3801 4.59919
39.8909 4.59919
40.4017 4.59919
40.9125 4.59919
41.4232 4.59919
41.934 4.59919
42.4448 4.59919
44.9632 4.79669
47.4816 4.79669
50.0 4.79669
0.0 1.24478
0.496226 1.24478
0.992451 1.56687
1.48868 1.88896
1.9849 2.21105
2.48113 2.53315
2.97735 2.85524
3.47245 2.85524
3.96755 2.88555
4.46265 2.91586
4.95775 2.94618
5.45284 2.97649
5.94794 3.0068
6.44304 3.03711
6.93814 3.06742
7.43324 3.09774
7.46819 3.09774
7.76843 3.322
8.06867 3.39598
8.58015 3.39598
9.09163 3.39598
9.60311 3.39598
10.1146 3.39598
10.6261 3.39598
11.1376 3.39598
11.649 3.39598
12.1605 3.39598
12.672 3.39598
13.1835 3.39598
13.6949 3.39598
14.2064 3.39598
14.7179 3.39598
15.2294 3.39598
15.7409 3.39598
16.2523 3.39598
16.7638 3.39598
17.2753 3.39598
17.7868 3.39598
18.2983 3.39598
18.8097 3.39598
21.4089 4.57315
24.0081 4.57315
26.6073 4.57315
29.2065 4.57315
31.8057 4.57315
34.4049 4.57315
37.0041 4.57315
39.6032 4.57315
42.2024 4.57315
44.8016 4.57315
47.4008 4.57315
50.0 4.57315
0.0 1.27561
0.513875 1.27561
1.02775 1.4995
1.54163 1.72339
2.0555 1.94728
2.56938 2.17117
3.08325 2.39507
3.59713 2.61896
4.111 2.84285
4.62488 3.06674
5.11803 3.06674
5.61117 3.09116
6.10432 3.11558
6.59747 3.14
7.09062 3.16442
7.58376 3.18884
8.07691 3.21327
8.57006 3.23769
9.06321 3.26211
9.57557 3.26211
10.0879 3.2583
10.6003 3.25449
11.1127 3.25068
11.625 3.24687
12.1374 3.24306
12.6497 3.23925
13.1621 3.23543
13.6745 3.23162
14.1868 3.22781
14.6992 3.224
15.2116 3.22019
15.7239 3.21638
16.2363 3.21257
16.7436 3.21257
17.251 3.26043
17.7584 3.30829
18.2658 3.35615
18.7731 3.40401
19.2805 3.45187
19.7879 3.49973
20.2953 3.54758
20.8026 3.59544
21.31 3.6433
21.8174 3.69116
22.3247 3.73902
22.8321 3.78688
23.3395 3.83474
23.8469 3.8826
24.3542 3.93045
24.8616 3.97831
25.369 4.02617
25.8764 4.07403
26.3837 4.12189
26.8911 4.16975
27.3985 4.21761
27.9059 4.26547
28.4132 4.31333
28.9206 4.36118
29.428 4.40904
29.9353 4.4569
30.4427 4.50476
30.9435 4.50476
31.4442 4.50476
31.9449 4.50476
32.4457 4.50476
32.9464 4.50476
33.4471 4.50476
33.9479 4.50476
34.4486 4.50476
34.9493 4.50476
35.4501 4.50476
35.9508 4.50476
36.4515 4.50476
36.9523 4.50476
37.453 4.50476
37.9538 4.50476
38.4545 4.50476
38.9552 4.50476
39.456 4.50476
39.9567 4.50476
40.4574 4.50476
40.9582 4.50476
41.4589 4.50476
41.9596 4.50476
42.4604 4.50476
44.9736 4.66033
47.4868 4.66033
50.0 4.66033
0.0 0.985389
0.463503 0.985389
0.927006 1.36941
1.39051 1.75342
1.85401 2.13744
2.31751 2.52146
2.78102 2.90548
3.09379 2.90548
3.40657 2.95545
3.88715 2.95545
4.36774 2.95021
4.84832 2.94497
5.32891 2.93973
5.8095 2.9345
6.29008 2.92926
6.77067 2.92402
7.25125 2.91879
7.73184 2.91355
8.21242 2.90831
8.69301 2.90308
9.20326 2.90308
9.71352 2.93245
10.2238 2.96183
10.734 2.9912
11.2443 3.02058
11.7546 3.04995
12.2648 3.07933
12.7751 3.10871
13.2853 3.13808
13.7709 3.13808
14.2564 3.13808
14.7419 3.13808
15.2275 3.13808
15.713 3.13808
16.1985 3.13808
18.6129 4.58615
21.0273 4.58615
23.4417 4.58615
25.8561 4.58615
28.2705 4.58615
30.6849 4.58615
33.0993 4.58615
35.5137 4.58615
37.928 4.58615
40.3424 4.58615
42.7568 4.58615
45.1712 4.58615
47.5856 4.58615
50.0 4.58615
0.0 1.13113
0.508789 1.13113
1.01758 1.37693
1.52637 1.62274
2.03516 1.86854
2.54394 2.11435
3.05273 2.36015
3.56152 2.60595
4.06017 2.60595
4.55883 2.64955
5.05748 2.69314
5.55613 2.73674
6.05478 2.78033
6.55343 2.82393
7.05208 2.86752
7.55073 2.91112
8.04939 2.95471
8.54804 2.99831
9.04669 3.0419
9.54534 3.0855
10.044 3.12909
10.5426 3.17269
11.0413 3.21628
11.5399 3.25988
12.0386 3.30347
12.5373 3.34707
13.0359 3.39066
13.5346 3.43426
14.0332 3.47785
14.5319 3.52145
15.0305 3.56504
15.5292 3.60864
16.0278 3.65223
16.5265 3.69583
17.0251 3.73942
17.5238 3.78302
18.0224 3.82661
18.5211 3.87021
19.0135 3.87021
19.506 3.89191
19.9984 3.9136
20.4909 3.9353
20.9833 3.957
21.4758 3.9787
21.9682 4.0004
22.4607 4.02209
22.9531 4.04379
23.4456 4.06549
23.938 4.08719
24.4305 4.10889
24.9229 4.13058
25.4154 4.15228
25.9078 4.17398
26.4003 4.19568
26.8927 4.21738
27.3852 4.23907
27.8776 4.26077
28.3701 4.28247
28.8625 4.30417
29.355 4.32587
29.8474 4.34756
30.3399 4.36926
30.8323 4.39096
31.3248 4.41266
31.8172 4.43435
32.3196 4.43435
32.8221 4.42923
33.3245 4.4241
33.827 4.41898
34.3294 4.41385
34.8318 4.40873
35.3343 4.4036
35.8367 4.39848
36.3391 4.39335
36.8416 4.38822
37.344 4.3831
37.8464 4.37797
38.3489 4.37285
38.8513 4.36772
39.3538 4.3626
39.8562 4.35747
40.3586 4.35235
40.8611 4.34722
41.3635 4.34209
41.8659 4.33697
42.3684 4.33184
42.8708 4.32672
43.3733 4.32159
43.8757 4.31647
44.3781 4.31134
44.8806 4.30622
45.383 4.30109
45.8854 4.29596
46.3879 4.29084
46.5958 4.29084
48.2979 4.30064
50.0 4.30064
0.0 1.33688
0.491675 1.33688
0.983351 1.53979
1.47503 1.74269
1.9667 1.9456
2.45838 2.1485
2.95005 2.35141
3.44173 2.55432
3.9334 2.75722
4.42508 2.96013
4.91675 3.16304
5.41313 3.16304
5.90951 3.18
6.40589 3.19696
6.90227 3.21392
7.39864 3.23088
7.89502 3.24784
8.3914 3.2648
8.88778 3.28176
9.38416 3.29872
9.88053 3.31568
10.3769 3.33264
10.8733 3.34959
11.3697 3.36655
11.866 3.38351
12.3624 3.40047
12.8588 3.41743
13.3552 3.43439
13.8516 3.45135
14.3479 3.46831
14.8443 3.48527
15.3407 3.50223
15.8371 3.51919
16.3334 3.53615
16.8298 3.55311
17.3262 3.57007
17.8226 3.58703
18.3368 3.58703
18.8509 3.64226
19.3651 3.69749
19.8793 3.75272
20.3934 3.80795
20.9076 3.86318
21.4218 3.91841
21.936 3.97364
22.4501 4.02887
22.9643 4.08409
23.4785 4.13932
23.9877 4.13932
24.4969 4.16797
25.0061 4.19662
25.5153 4.22527
26.0245 4.25391
26.5337 4.28256
27.043 4.31121
27.5522 4.33986
28.0614 4.3685
28.5706 4.39715
29.0798 4.4258
29.589 4.45445
30.0982 4.4831
30.6074 4.51174
31.1166 4.54039
31.6259 4.56904
32.1351 4.59769
32.6443 4.62633
33.1525 4.62633
33.6608 4.62633
34.169 4.62633
34.6772 4.62633
35.1855 4.62633
35.6937 4.62633
36.202 4.62633
36.7102 4.62633
37.2185 4.62633
37.7267 4.62633
38.2349 4.62633
38.7432 4.62633
39.2514 4.62633
39.7597 4.62633
40.2679 4.62633
40.7761 4.62633
41.2844 4.62633
41.7926 4.62633
42.3009 4.62633
44.8672 4.82587
47.4336 4.82587
50.0 4.82587
0.0 1.34996
0.519386 1.34996
1.03877 1.53555
1.55816 1.72115
2.07755 1.90674
2.59693 2.09233
3.11632 2.27793
3.6357 2.46352
4.15509 2.64911
4.67448 2.83471
5.19386 3.0203
5.71325 3.20589
6.20594 3.20589
6.69863 3.2198
7.19132 3.2337
7.68402 3.2476
8.17671 3.26151
8.6694 3.27541
9.16209 3.28932
9.65478 3.30322
10.1475 3.31712
10.6402 3.33103
11.1329 3.34493
11.6255 3.35884
12.1182 3.37274
12.6109 3.38664
13.1036 3.40055
13.5963 3.41445
14.089 3.42836
14.5817 3.44226
15.0744 3.45617
15.5671 3.47007
16.0598 3.48397
16.5525 3.49788
17.0452 3.51178
17.5378 3.52569
18.0305 3.53959
18.5232 3.55349
19.0159 3.5674
19.5086 3.5813
20.0013 3.59521
20.494 3.60911
20.9867 3.62301
21.4794 3.63692
21.9721 3.65082
22.4624 3.65082
22.9528 3.69048
23.4431 3.73014
23.9335 3.7698
24.4238 3.80946
24.9142 3.84913
25.4045 3.88879
25.8949 3.92845
26.3852 3.96811
26.8756 4.00777
27.3659 4.04743
27.8563 4.08709
28.3466 4.12675
28.837 4.16641
29.3568 4.16641
29.8766 4.21572
30.3964 4.26503
30.9162 4.31434
31.436 4.36366
31.9559 4.41297
32.4757 4.46228
32.9955 4.51159
33.5153 4.5609
34.0351 4.61021
34.5549 4.65952
35.0437 4.65952
35.5325 4.65952
36.0213 4.65952
36.5101 4.65952
36.9989 4.65952
37.4877 4.65952
37.9765 4.65952
38.4653 4.65952
38.9541 4.65952
39.4429 4.65952
39.9317 4.65952
40.4205 4.65952
40.9093 4.65952
41.3981 4.65952
41.8869 4.65952
42.3756 4.65952
44.9171 4.73582
47.4585 4.73582
50.0 4.73582
0.0 1.36431
0.506182 1.36431
1.01236 1.5521
1.51854 1.73988
2.02473 1.92767
2.53091 2.11546
3.03709 2.30324
3.54327 2.49103
4.04945 2.67881
4.55563 2.8666
5.06182 3.05439
5.568 3.24217
6.07265 3.24217
6.5773 3.25625
7.08195 3.27033
7.5866 3.28441
8.09125 3.29849
8.5959 3.31256
9.10055 3.32664
9.6052 3.34072
10.1099 3.3548
10.6145 3.36888
11.1192 3.38296
11.6238 3.39704
12.1285 3.41112
12.6331 3.42519
13.1378 3.43927
13.6424 3.45335
14.1471 3.46743
14.6517 3.48151
15.1564 3.49559
15.661 3.50967
16.1657 3.52374
16.6703 3.53782
17.175 3.5519
17.6796 3.56598
18.1843 3.58006
18.6889 3.59414
19.1936 3.60822
19.6982 3.62229
20.2029 3.63637
20.7075 3.65045
21.1952 3.65045
21.6829 3.67779
22.1706 3.70513
22.6583 3.73247
23.146 3.7598
23.6338 3.78714
24.1215 3.81448
24.6092 3.84182
25.0969 3.86916
25.5846 3.89649
26.0723 3.92383
26.56 3.95117
27.0477 3.97851
27.5354 4.00585
28.0231 4.03319
28.5108 4.06052
28.9985 4.08786
29.4862 4.1152
29.974 4.14254
30.4592 4.14254
30.9444 4.19608
31.4296 4.24963
31.9148 4.30318
32.4001 4.35672
32.8853 4.41027
33.3705 4.46382
33.8557 4.51736
34.341 4.57091
34.8262 4.62446
35.3399 4.62446
35.8536 4.62446
36.3673 4.62446
36.8811 4.62446
37.3948 4.62446
37.9085 4.62446
38.4222 4.62446
38.9359 4.62446
39.4497 4.62446
39.9634 4.62446
40.4771 4.62446
40.9908 4.62446
41.5045 4.62446
42.0183 4.62446
42.532 4.62446
45.0213 4.7274
47.5107 4.7274
50.0 4.7274
0.0 1.02252
0.48075 1.02252
0.9615 1.28325
1.44225 1.54397
1.923 1.8047
2.40375 2.06542
2.8845 2.32615
3.36525 2.58687
3.86571 2.58687
4.36618 2.62904
4.86664 2.67121
5.36711 2.71338
5.86757 2.75555
6.36803 2.79772
6.8685 2.83988
7.36896 2.88205
7.86942 2.92422
8.36989 2.96639
8.87035 3.00856
9.37081 3.05073
9.87128 3.09289
10.3717 3.13506
10.8722 3.17723
11.3727 3.2194
11.8731 3.26157
12.3736 3.30374
12.8741 3.3459
13.3745 3.38807
13.875 3.43024
14.3754 3.47241
14.8759 3.51458
15.3764 3.55675
15.8768 3.59891
16.3773 3.64108
16.8778 3.68325
17.3782 3.72542
17.8787 3.76759
18.3792 3.80976
18.8728 3.80976
19.3664 3.8302
19.8601 3.85064
20.3537 3.87108
20.8474 3.89153
21.341 3.91197
21.8346 3.93241
22.3283 3.95286
22.8219 3.9733
23.3156 3.99374
23.8092 4.01418
24.3028 4.03463
24.7965 4.05507
25.2901 4.07551
25.7838 4.09596
26.2774 4.1164
26.771 4.13684
27.2647 4.15728
27.7583 4.17773
28.252 4.19817
28.7456 4.21861
29.2393 4.23906
29.7329 4.2595
30.2265 4.27994
30.7202 4.30038
31.2138 4.32083
31.7075 4.34127
32.2011 4.36171
32.6947 4.38216
33.1884 4.4026
33.6842 4.4026
34.1801 4.39703
34.6759 4.39147
35.1718 4.38591
35.6677 4.38035
36.1635 4.37478
36.6594 4.36922
37.1552 4.36366
37.6511 4.35809
38.1469 4.35253
38.6428 4.34697
39.1386 4.3414
39.6345 4.33584
40.1304 4.33028
40.6262 4.32472
41.1221 4.31915
41.6179 4.31359
42.1138 4.30803
42.6096 4.30246
43.1055 4.2969
43.6013 4.29134
44.0972 4.28577
44.5931 4.28021
45.0889 4.27465
45.5848 4.26909
46.1027 4.26909
46.6206 4.26909
48.3103 4.38675
50.0 4.38675
